poll_id,firm,sponsor,field_start,field_end,published_at,sample_size,method,population,round,scenario_id,candidate_id,share,source_url,notice_url,index_url,entry,retrieved_at,content_hash
toluna-harris-2026-04-30-10180,toluna-harris,M6 / RTL,2026-04-28,2026-04-30,2026-05-04,1989,online,registered,1,S1,arthaud,1.0,https://www.commission-des-sondages.fr/notices/files/notices/2026/mai/10180-pres-toluna-harris-interactive-rtl-4-mai.pdf,https://www.commission-des-sondages.fr/notices/files/notices/2026/mai/10180-pres-toluna-harris-interactive-rtl-4-mai.pdf,https://fr.wikipedia.org/wiki/Liste_de_sondages_sur_l%27%C3%A9lection_pr%C3%A9sidentielle_fran%C3%A7aise_de_2027,primary,2026-10-09T14:35Z,sha256:b8cb7d8ecd5243aaad84800ef43265c9c8d0394e8a71e0a748c087d9f6db0b27
toluna-harris-2026-04-30-10180,toluna-harris,M6 / RTL,2026-04-28,2026-04-30,2026-05-04,1989,online,registered,1,S1,bardella,34.0,https://www.commission-des-sondages.fr/notices/files/notices/2026/mai/10180-pres-toluna-harris-interactive-rtl-4-mai.pdf,https://www.commission-des-sondages.fr/notices/files/notices/2026/mai/10180-pres-toluna-harris-interactive-rtl-4-mai.pdf,https://fr.wikipedia.org/wiki/Liste_de_sondages_sur_l%27%C3%A9lection_pr%C3%A9sidentielle_fran%C3%A7aise_de_2027,primary,2026-10-09T14:35Z,sha256:b8cb7d8ecd5243aaad84800ef43265c9c8d0394e8a71e0a748c087d9f6db0b27
toluna-harris-2026-04-30-10180,toluna-harris,M6 / RTL,2026-04-28,2026-04-30,2026-05-04,1989,online,registered,1,S1,dupont_aignan,1.0,https://www.commission-des-sondages.fr/notices/files/notices/2026/mai/10180-pres-toluna-harris-interactive-rtl-4-mai.pdf,https://www.commission-des-sondages.fr/notices/files/notices/2026/mai/10180-pres-toluna-harris-interactive-rtl-4-mai.pdf,https://fr.wikipedia.org/wiki/Liste_de_sondages_sur_l%27%C3%A9lection_pr%C3%A9sidentielle_fran%C3%A7aise_de_2027,primary,2026-10-09T14:35Z,sha256:b8cb7d8ecd5243aaad84800ef43265c9c8d0394e8a71e0a748c087d9f6db0b27
toluna-harris-2026-04-30-10180,toluna-harris,M6 / RTL,2026-04-28,2026-04-30,2026-05-04,1989,online,registered,1,S1,glucksmann,11.0,https://www.commission-des-sondages.fr/notices/files/notices/2026/mai/10180-pres-toluna-harris-interactive-rtl-4-mai.pdf,https://www.commission-des-sondages.fr/notices/files/notices/2026/mai/10180-pres-toluna-harris-interactive-rtl-4-mai.pdf,https://fr.wikipedia.org/wiki/Liste_de_sondages_sur_l%27%C3%A9lection_pr%C3%A9sidentielle_fran%C3%A7aise_de_2027,primary,2026-10-09T14:35Z,sha256:b8cb7d8ecd5243aaad84800ef43265c9c8d0394e8a71e0a748c087d9f6db0b27
toluna-harris-2026-04-30-10180,toluna-harris,M6 / RTL,2026-04-28,2026-04-30,2026-05-04,1989,online,registered,1,S1,melenchon,12.0,https://www.commission-des-sondages.fr/notices/files/notices/2026/mai/10180-pres-toluna-harris-interactive-rtl-4-mai.pdf,https://www.commission-des-sondages.fr/notices/files/notices/2026/mai/10180-pres-toluna-harris-interactive-rtl-4-mai.pdf,https://fr.wikipedia.org/wiki/Liste_de_sondages_sur_l%27%C3%A9lection_pr%C3%A9sidentielle_fran%C3%A7aise_de_2027,primary,2026-10-09T14:35Z,sha256:b8cb7d8ecd5243aaad84800ef43265c9c8d0394e8a71e0a748c087d9f6db0b27
toluna-harris-2026-04-30-10180,toluna-harris,M6 / RTL,2026-04-28,2026-04-30,2026-05-04,1989,online,registered,1,S1,philippe,19.0,https://www.commission-des-sondages.fr/notices/files/notices/2026/mai/10180-pres-toluna-harris-interactive-rtl-4-mai.pdf,https://www.commission-des-sondages.fr/notices/files/notices/2026/mai/10180-pres-toluna-harris-interactive-rtl-4-mai.pdf,https://fr.wikipedia.org/wiki/Liste_de_sondages_sur_l%27%C3%A9lection_pr%C3%A9sidentielle_fran%C3%A7aise_de_2027,primary,2026-10-09T14:35Z,sha256:b8cb7d8ecd5243aaad84800ef43265c9c8d0394e8a71e0a748c087d9f6db0b27
toluna-harris-2026-04-30-10180,toluna-harris,M6 / RTL,2026-04-28,2026-04-30,2026-05-04,1989,online,registered,1,S1,retailleau,9.0,https://www.commission-des-sondages.fr/notices/files/notices/2026/mai/10180-pres-toluna-harris-interactive-rtl-4-mai.pdf,https://www.commission-des-sondages.fr/notices/files/notices/2026/mai/10180-pres-toluna-harris-interactive-rtl-4-mai.pdf,https://fr.wikipedia.org/wiki/Liste_de_sondages_sur_l%27%C3%A9lection_pr%C3%A9sidentielle_fran%C3%A7aise_de_2027,primary,2026-10-09T14:35Z,sha256:b8cb7d8ecd5243aaad84800ef43265c9c8d0394e8a71e0a748c087d9f6db0b27
toluna-harris-2026-04-30-10180,toluna-harris,M6 / RTL,2026-04-28,2026-04-30,2026-05-04,1989,online,registered,1,S1,roussel,4.0,https://www.commission-des-sondages.fr/notices/files/notices/2026/mai/10180-pres-toluna-harris-interactive-rtl-4-mai.pdf,https://www.commission-des-sondages.fr/notices/files/notices/2026/mai/10180-pres-toluna-harris-interactive-rtl-4-mai.pdf,https://fr.wikipedia.org/wiki/Liste_de_sondages_sur_l%27%C3%A9lection_pr%C3%A9sidentielle_fran%C3%A7aise_de_2027,primary,2026-10-09T14:35Z,sha256:b8cb7d8ecd5243aaad84800ef43265c9c8d0394e8a71e0a748c087d9f6db0b27
toluna-harris-2026-04-30-10180,toluna-harris,M6 / RTL,2026-04-28,2026-04-30,2026-05-04,1989,online,registered,1,S1,tondelier,4.0,https://www.commission-des-sondages.fr/notices/files/notices/2026/mai/10180-pres-toluna-harris-interactive-rtl-4-mai.pdf,https://www.commission-des-sondages.fr/notices/files/notices/2026/mai/10180-pres-toluna-harris-interactive-rtl-4-mai.pdf,https://fr.wikipedia.org/wiki/Liste_de_sondages_sur_l%27%C3%A9lection_pr%C3%A9sidentielle_fran%C3%A7aise_de_2027,primary,2026-10-09T14:35Z,sha256:b8cb7d8ecd5243aaad84800ef43265c9c8d0394e8a71e0a748c087d9f6db0b27
toluna-harris-2026-04-30-10180,toluna-harris,M6 / RTL,2026-04-28,2026-04-30,2026-05-04,1989,online,registered,1,S1,zemmour,5.0,https://www.commission-des-sondages.fr/notices/files/notices/2026/mai/10180-pres-toluna-harris-interactive-rtl-4-mai.pdf,https://www.commission-des-sondages.fr/notices/files/notices/2026/mai/10180-pres-toluna-harris-interactive-rtl-4-mai.pdf,https://fr.wikipedia.org/wiki/Liste_de_sondages_sur_l%27%C3%A9lection_pr%C3%A9sidentielle_fran%C3%A7aise_de_2027,primary,2026-10-09T14:35Z,sha256:b8cb7d8ecd5243aaad84800ef43265c9c8d0394e8a71e0a748c087d9f6db0b27
toluna-harris-2026-04-30-10180,toluna-harris,M6 / RTL,2026-04-28,2026-04-30,2026-05-04,1989,online,registered,1,S2,arthaud,1.0,https://www.commission-des-sondages.fr/notices/files/notices/2026/mai/10180-pres-toluna-harris-interactive-rtl-4-mai.pdf,https://www.commission-des-sondages.fr/notices/files/notices/2026/mai/10180-pres-toluna-harris-interactive-rtl-4-mai.pdf,https://fr.wikipedia.org/wiki/Liste_de_sondages_sur_l%27%C3%A9lection_pr%C3%A9sidentielle_fran%C3%A7aise_de_2027,primary,2026-10-09T14:35Z,sha256:b8cb7d8ecd5243aaad84800ef43265c9c8d0394e8a71e0a748c087d9f6db0b27
toluna-harris-2026-04-30-10180,toluna-harris,M6 / RTL,2026-04-28,2026-04-30,2026-05-04,1989,online,registered,1,S2,attal,14.0,https://www.commission-des-sondages.fr/notices/files/notices/2026/mai/10180-pres-toluna-harris-interactive-rtl-4-mai.pdf,https://www.commission-des-sondages.fr/notices/files/notices/2026/mai/10180-pres-toluna-harris-interactive-rtl-4-mai.pdf,https://fr.wikipedia.org/wiki/Liste_de_sondages_sur_l%27%C3%A9lection_pr%C3%A9sidentielle_fran%C3%A7aise_de_2027,primary,2026-10-09T14:35Z,sha256:b8cb7d8ecd5243aaad84800ef43265c9c8d0394e8a71e0a748c087d9f6db0b27
toluna-harris-2026-04-30-10180,toluna-harris,M6 / RTL,2026-04-28,2026-04-30,2026-05-04,1989,online,registered,1,S2,bardella,35.0,https://www.commission-des-sondages.fr/notices/files/notices/2026/mai/10180-pres-toluna-harris-interactive-rtl-4-mai.pdf,https://www.commission-des-sondages.fr/notices/files/notices/2026/mai/10180-pres-toluna-harris-interactive-rtl-4-mai.pdf,https://fr.wikipedia.org/wiki/Liste_de_sondages_sur_l%27%C3%A9lection_pr%C3%A9sidentielle_fran%C3%A7aise_de_2027,primary,2026-10-09T14:35Z,sha256:b8cb7d8ecd5243aaad84800ef43265c9c8d0394e8a71e0a748c087d9f6db0b27
toluna-harris-2026-04-30-10180,toluna-harris,M6 / RTL,2026-04-28,2026-04-30,2026-05-04,1989,online,registered,1,S2,dupont_aignan,1.0,https://www.commission-des-sondages.fr/notices/files/notices/2026/mai/10180-pres-toluna-harris-interactive-rtl-4-mai.pdf,https://www.commission-des-sondages.fr/notices/files/notices/2026/mai/10180-pres-toluna-harris-interactive-rtl-4-mai.pdf,https://fr.wikipedia.org/wiki/Liste_de_sondages_sur_l%27%C3%A9lection_pr%C3%A9sidentielle_fran%C3%A7aise_de_2027,primary,2026-10-09T14:35Z,sha256:b8cb7d8ecd5243aaad84800ef43265c9c8d0394e8a71e0a748c087d9f6db0b27
toluna-harris-2026-04-30-10180,toluna-harris,M6 / RTL,2026-04-28,2026-04-30,2026-05-04,1989,online,registered,1,S2,glucksmann,12.0,https://www.commission-des-sondages.fr/notices/files/notices/2026/mai/10180-pres-toluna-harris-interactive-rtl-4-mai.pdf,https://www.commission-des-sondages.fr/notices/files/notices/2026/mai/10180-pres-toluna-harris-interactive-rtl-4-mai.pdf,https://fr.wikipedia.org/wiki/Liste_de_sondages_sur_l%27%C3%A9lection_pr%C3%A9sidentielle_fran%C3%A7aise_de_2027,primary,2026-10-09T14:35Z,sha256:b8cb7d8ecd5243aaad84800ef43265c9c8d0394e8a71e0a748c087d9f6db0b27
toluna-harris-2026-04-30-10180,toluna-harris,M6 / RTL,2026-04-28,2026-04-30,2026-05-04,1989,online,registered,1,S2,melenchon,13.0,https://www.commission-des-sondages.fr/notices/files/notices/2026/mai/10180-pres-toluna-harris-interactive-rtl-4-mai.pdf,https://www.commission-des-sondages.fr/notices/files/notices/2026/mai/10180-pres-toluna-harris-interactive-rtl-4-mai.pdf,https://fr.wikipedia.org/wiki/Liste_de_sondages_sur_l%27%C3%A9lection_pr%C3%A9sidentielle_fran%C3%A7aise_de_2027,primary,2026-10-09T14:35Z,sha256:b8cb7d8ecd5243aaad84800ef43265c9c8d0394e8a71e0a748c087d9f6db0b27
toluna-harris-2026-04-30-10180,toluna-harris,M6 / RTL,2026-04-28,2026-04-30,2026-05-04,1989,online,registered,1,S2,retailleau,12.0,https://www.commission-des-sondages.fr/notices/files/notices/2026/mai/10180-pres-toluna-harris-interactive-rtl-4-mai.pdf,https://www.commission-des-sondages.fr/notices/files/notices/2026/mai/10180-pres-toluna-harris-interactive-rtl-4-mai.pdf,https://fr.wikipedia.org/wiki/Liste_de_sondages_sur_l%27%C3%A9lection_pr%C3%A9sidentielle_fran%C3%A7aise_de_2027,primary,2026-10-09T14:35Z,sha256:b8cb7d8ecd5243aaad84800ef43265c9c8d0394e8a71e0a748c087d9f6db0b27
toluna-harris-2026-04-30-10180,toluna-harris,M6 / RTL,2026-04-28,2026-04-30,2026-05-04,1989,online,registered,1,S2,roussel,3.0,https://www.commission-des-sondages.fr/notices/files/notices/2026/mai/10180-pres-toluna-harris-interactive-rtl-4-mai.pdf,https://www.commission-des-sondages.fr/notices/files/notices/2026/mai/10180-pres-toluna-harris-interactive-rtl-4-mai.pdf,https://fr.wikipedia.org/wiki/Liste_de_sondages_sur_l%27%C3%A9lection_pr%C3%A9sidentielle_fran%C3%A7aise_de_2027,primary,2026-10-09T14:35Z,sha256:b8cb7d8ecd5243aaad84800ef43265c9c8d0394e8a71e0a748c087d9f6db0b27
toluna-harris-2026-04-30-10180,toluna-harris,M6 / RTL,2026-04-28,2026-04-30,2026-05-04,1989,online,registered,1,S2,tondelier,4.0,https://www.commission-des-sondages.fr/notices/files/notices/2026/mai/10180-pres-toluna-harris-interactive-rtl-4-mai.pdf,https://www.commission-des-sondages.fr/notices/files/notices/2026/mai/10180-pres-toluna-harris-interactive-rtl-4-mai.pdf,https://fr.wikipedia.org/wiki/Liste_de_sondages_sur_l%27%C3%A9lection_pr%C3%A9sidentielle_fran%C3%A7aise_de_2027,primary,2026-10-09T14:35Z,sha256:b8cb7d8ecd5243aaad84800ef43265c9c8d0394e8a71e0a748c087d9f6db0b27
toluna-harris-2026-04-30-10180,toluna-harris,M6 / RTL,2026-04-28,2026-04-30,2026-05-04,1989,online,registered,1,S2,zemmour,5.0,https://www.commission-des-sondages.fr/notices/files/notices/2026/mai/10180-pres-toluna-harris-interactive-rtl-4-mai.pdf,https://www.commission-des-sondages.fr/notices/files/notices/2026/mai/10180-pres-toluna-harris-interactive-rtl-4-mai.pdf,https://fr.wikipedia.org/wiki/Liste_de_sondages_sur_l%27%C3%A9lection_pr%C3%A9sidentielle_fran%C3%A7aise_de_2027,primary,2026-10-09T14:35Z,sha256:b8cb7d8ecd5243aaad84800ef43265c9c8d0394e8a71e0a748c087d9f6db0b27
toluna-harris-2026-04-30-10180,toluna-harris,M6 / RTL,2026-04-28,2026-04-30,2026-05-04,1989,online,registered,1,S3,arthaud,1.0,https://www.commission-des-sondages.fr/notices/files/notices/2026/mai/10180-pres-toluna-harris-interactive-rtl-4-mai.pdf,https://www.commission-des-sondages.fr/notices/files/notices/2026/mai/10180-pres-toluna-harris-interactive-rtl-4-mai.pdf,https://fr.wikipedia.org/wiki/Liste_de_sondages_sur_l%27%C3%A9lection_pr%C3%A9sidentielle_fran%C3%A7aise_de_2027,primary,2026-10-09T14:35Z,sha256:b8cb7d8ecd5243aaad84800ef43265c9c8d0394e8a71e0a748c087d9f6db0b27
toluna-harris-2026-04-30-10180,toluna-harris,M6 / RTL,2026-04-28,2026-04-30,2026-05-04,1989,online,registered,1,S3,dupont_aignan,1.0,https://www.commission-des-sondages.fr/notices/files/notices/2026/mai/10180-pres-toluna-harris-interactive-rtl-4-mai.pdf,https://www.commission-des-sondages.fr/notices/files/notices/2026/mai/10180-pres-toluna-harris-interactive-rtl-4-mai.pdf,https://fr.wikipedia.org/wiki/Liste_de_sondages_sur_l%27%C3%A9lection_pr%C3%A9sidentielle_fran%C3%A7aise_de_2027,primary,2026-10-09T14:35Z,sha256:b8cb7d8ecd5243aaad84800ef43265c9c8d0394e8a71e0a748c087d9f6db0b27
toluna-harris-2026-04-30-10180,toluna-harris,M6 / RTL,2026-04-28,2026-04-30,2026-05-04,1989,online,registered,1,S3,glucksmann,11.0,https://www.commission-des-sondages.fr/notices/files/notices/2026/mai/10180-pres-toluna-harris-interactive-rtl-4-mai.pdf,https://www.commission-des-sondages.fr/notices/files/notices/2026/mai/10180-pres-toluna-harris-interactive-rtl-4-mai.pdf,https://fr.wikipedia.org/wiki/Liste_de_sondages_sur_l%27%C3%A9lection_pr%C3%A9sidentielle_fran%C3%A7aise_de_2027,primary,2026-10-09T14:35Z,sha256:b8cb7d8ecd5243aaad84800ef43265c9c8d0394e8a71e0a748c087d9f6db0b27
toluna-harris-2026-04-30-10180,toluna-harris,M6 / RTL,2026-04-28,2026-04-30,2026-05-04,1989,online,registered,1,S3,le_pen,32.0,https://www.commission-des-sondages.fr/notices/files/notices/2026/mai/10180-pres-toluna-harris-interactive-rtl-4-mai.pdf,https://www.commission-des-sondages.fr/notices/files/notices/2026/mai/10180-pres-toluna-harris-interactive-rtl-4-mai.pdf,https://fr.wikipedia.org/wiki/Liste_de_sondages_sur_l%27%C3%A9lection_pr%C3%A9sidentielle_fran%C3%A7aise_de_2027,primary,2026-10-09T14:35Z,sha256:b8cb7d8ecd5243aaad84800ef43265c9c8d0394e8a71e0a748c087d9f6db0b27
toluna-harris-2026-04-30-10180,toluna-harris,M6 / RTL,2026-04-28,2026-04-30,2026-05-04,1989,online,registered,1,S3,melenchon,12.0,https://www.commission-des-sondages.fr/notices/files/notices/2026/mai/10180-pres-toluna-harris-interactive-rtl-4-mai.pdf,https://www.commission-des-sondages.fr/notices/files/notices/2026/mai/10180-pres-toluna-harris-interactive-rtl-4-mai.pdf,https://fr.wikipedia.org/wiki/Liste_de_sondages_sur_l%27%C3%A9lection_pr%C3%A9sidentielle_fran%C3%A7aise_de_2027,primary,2026-10-09T14:35Z,sha256:b8cb7d8ecd5243aaad84800ef43265c9c8d0394e8a71e0a748c087d9f6db0b27
toluna-harris-2026-04-30-10180,toluna-harris,M6 / RTL,2026-04-28,2026-04-30,2026-05-04,1989,online,registered,1,S3,philippe,19.0,https://www.commission-des-sondages.fr/notices/files/notices/2026/mai/10180-pres-toluna-harris-interactive-rtl-4-mai.pdf,https://www.commission-des-sondages.fr/notices/files/notices/2026/mai/10180-pres-toluna-harris-interactive-rtl-4-mai.pdf,https://fr.wikipedia.org/wiki/Liste_de_sondages_sur_l%27%C3%A9lection_pr%C3%A9sidentielle_fran%C3%A7aise_de_2027,primary,2026-10-09T14:35Z,sha256:b8cb7d8ecd5243aaad84800ef43265c9c8d0394e8a71e0a748c087d9f6db0b27
toluna-harris-2026-04-30-10180,toluna-harris,M6 / RTL,2026-04-28,2026-04-30,2026-05-04,1989,online,registered,1,S3,retailleau,10.0,https://www.commission-des-sondages.fr/notices/files/notices/2026/mai/10180-pres-toluna-harris-interactive-rtl-4-mai.pdf,https://www.commission-des-sondages.fr/notices/files/notices/2026/mai/10180-pres-toluna-harris-interactive-rtl-4-mai.pdf,https://fr.wikipedia.org/wiki/Liste_de_sondages_sur_l%27%C3%A9lection_pr%C3%A9sidentielle_fran%C3%A7aise_de_2027,primary,2026-10-09T14:35Z,sha256:b8cb7d8ecd5243aaad84800ef43265c9c8d0394e8a71e0a748c087d9f6db0b27
toluna-harris-2026-04-30-10180,toluna-harris,M6 / RTL,2026-04-28,2026-04-30,2026-05-04,1989,online,registered,1,S3,roussel,4.0,https://www.commission-des-sondages.fr/notices/files/notices/2026/mai/10180-pres-toluna-harris-interactive-rtl-4-mai.pdf,https://www.commission-des-sondages.fr/notices/files/notices/2026/mai/10180-pres-toluna-harris-interactive-rtl-4-mai.pdf,https://fr.wikipedia.org/wiki/Liste_de_sondages_sur_l%27%C3%A9lection_pr%C3%A9sidentielle_fran%C3%A7aise_de_2027,primary,2026-10-09T14:35Z,sha256:b8cb7d8ecd5243aaad84800ef43265c9c8d0394e8a71e0a748c087d9f6db0b27
toluna-harris-2026-04-30-10180,toluna-harris,M6 / RTL,2026-04-28,2026-04-30,2026-05-04,1989,online,registered,1,S3,tondelier,4.0,https://www.commission-des-sondages.fr/notices/files/notices/2026/mai/10180-pres-toluna-harris-interactive-rtl-4-mai.pdf,https://www.commission-des-sondages.fr/notices/files/notices/2026/mai/10180-pres-toluna-harris-interactive-rtl-4-mai.pdf,https://fr.wikipedia.org/wiki/Liste_de_sondages_sur_l%27%C3%A9lection_pr%C3%A9sidentielle_fran%C3%A7aise_de_2027,primary,2026-10-09T14:35Z,sha256:b8cb7d8ecd5243aaad84800ef43265c9c8d0394e8a71e0a748c087d9f6db0b27
toluna-harris-2026-04-30-10180,toluna-harris,M6 / RTL,2026-04-28,2026-04-30,2026-05-04,1989,online,registered,1,S3,zemmour,6.0,https://www.commission-des-sondages.fr/notices/files/notices/2026/mai/10180-pres-toluna-harris-interactive-rtl-4-mai.pdf,https://www.commission-des-sondages.fr/notices/files/notices/2026/mai/10180-pres-toluna-harris-interactive-rtl-4-mai.pdf,https://fr.wikipedia.org/wiki/Liste_de_sondages_sur_l%27%C3%A9lection_pr%C3%A9sidentielle_fran%C3%A7aise_de_2027,primary,2026-10-09T14:35Z,sha256:b8cb7d8ecd5243aaad84800ef43265c9c8d0394e8a71e0a748c087d9f6db0b27
toluna-harris-2026-04-30-10180,toluna-harris,M6 / RTL,2026-04-28,2026-04-30,2026-05-04,1989,online,registered,1,S4,arthaud,1.0,https://www.commission-des-sondages.fr/notices/files/notices/2026/mai/10180-pres-toluna-harris-interactive-rtl-4-mai.pdf,https://www.commission-des-sondages.fr/notices/files/notices/2026/mai/10180-pres-toluna-harris-interactive-rtl-4-mai.pdf,https://fr.wikipedia.org/wiki/Liste_de_sondages_sur_l%27%C3%A9lection_pr%C3%A9sidentielle_fran%C3%A7aise_de_2027,primary,2026-10-09T14:35Z,sha256:b8cb7d8ecd5243aaad84800ef43265c9c8d0394e8a71e0a748c087d9f6db0b27
toluna-harris-2026-04-30-10180,toluna-harris,M6 / RTL,2026-04-28,2026-04-30,2026-05-04,1989,online,registered,1,S4,attal,14.0,https://www.commission-des-sondages.fr/notices/files/notices/2026/mai/10180-pres-toluna-harris-interactive-rtl-4-mai.pdf,https://www.commission-des-sondages.fr/notices/files/notices/2026/mai/10180-pres-toluna-harris-interactive-rtl-4-mai.pdf,https://fr.wikipedia.org/wiki/Liste_de_sondages_sur_l%27%C3%A9lection_pr%C3%A9sidentielle_fran%C3%A7aise_de_2027,primary,2026-10-09T14:35Z,sha256:b8cb7d8ecd5243aaad84800ef43265c9c8d0394e8a71e0a748c087d9f6db0b27
toluna-harris-2026-04-30-10180,toluna-harris,M6 / RTL,2026-04-28,2026-04-30,2026-05-04,1989,online,registered,1,S4,dupont_aignan,2.0,https://www.commission-des-sondages.fr/notices/files/notices/2026/mai/10180-pres-toluna-harris-interactive-rtl-4-mai.pdf,https://www.commission-des-sondages.fr/notices/files/notices/2026/mai/10180-pres-toluna-harris-interactive-rtl-4-mai.pdf,https://fr.wikipedia.org/wiki/Liste_de_sondages_sur_l%27%C3%A9lection_pr%C3%A9sidentielle_fran%C3%A7aise_de_2027,primary,2026-10-09T14:35Z,sha256:b8cb7d8ecd5243aaad84800ef43265c9c8d0394e8a71e0a748c087d9f6db0b27
toluna-harris-2026-04-30-10180,toluna-harris,M6 / RTL,2026-04-28,2026-04-30,2026-05-04,1989,online,registered,1,S4,glucksmann,12.0,https://www.commission-des-sondages.fr/notices/files/notices/2026/mai/10180-pres-toluna-harris-interactive-rtl-4-mai.pdf,https://www.commission-des-sondages.fr/notices/files/notices/2026/mai/10180-pres-toluna-harris-interactive-rtl-4-mai.pdf,https://fr.wikipedia.org/wiki/Liste_de_sondages_sur_l%27%C3%A9lection_pr%C3%A9sidentielle_fran%C3%A7aise_de_2027,primary,2026-10-09T14:35Z,sha256:b8cb7d8ecd5243aaad84800ef43265c9c8d0394e8a71e0a748c087d9f6db0b27
toluna-harris-2026-04-30-10180,toluna-harris,M6 / RTL,2026-04-28,2026-04-30,2026-05-04,1989,online,registered,1,S4,le_pen,33.0,https://www.commission-des-sondages.fr/notices/files/notices/2026/mai/10180-pres-toluna-harris-interactive-rtl-4-mai.pdf,https://www.commission-des-sondages.fr/notices/files/notices/2026/mai/10180-pres-toluna-harris-interactive-rtl-4-mai.pdf,https://fr.wikipedia.org/wiki/Liste_de_sondages_sur_l%27%C3%A9lection_pr%C3%A9sidentielle_fran%C3%A7aise_de_2027,primary,2026-10-09T14:35Z,sha256:b8cb7d8ecd5243aaad84800ef43265c9c8d0394e8a71e0a748c087d9f6db0b27
toluna-harris-2026-04-30-10180,toluna-harris,M6 / RTL,2026-04-28,2026-04-30,2026-05-04,1989,online,registered,1,S4,melenchon,12.0,https://www.commission-des-sondages.fr/notices/files/notices/2026/mai/10180-pres-toluna-harris-interactive-rtl-4-mai.pdf,https://www.commission-des-sondages.fr/notices/files/notices/2026/mai/10180-pres-toluna-harris-interactive-rtl-4-mai.pdf,https://fr.wikipedia.org/wiki/Liste_de_sondages_sur_l%27%C3%A9lection_pr%C3%A9sidentielle_fran%C3%A7aise_de_2027,primary,2026-10-09T14:35Z,sha256:b8cb7d8ecd5243aaad84800ef43265c9c8d0394e8a71e0a748c087d9f6db0b27
toluna-harris-2026-04-30-10180,toluna-harris,M6 / RTL,2026-04-28,2026-04-30,2026-05-04,1989,online,registered,1,S4,retailleau,13.0,https://www.commission-des-sondages.fr/notices/files/notices/2026/mai/10180-pres-toluna-harris-interactive-rtl-4-mai.pdf,https://www.commission-des-sondages.fr/notices/files/notices/2026/mai/10180-pres-toluna-harris-interactive-rtl-4-mai.pdf,https://fr.wikipedia.org/wiki/Liste_de_sondages_sur_l%27%C3%A9lection_pr%C3%A9sidentielle_fran%C3%A7aise_de_2027,primary,2026-10-09T14:35Z,sha256:b8cb7d8ecd5243aaad84800ef43265c9c8d0394e8a71e0a748c087d9f6db0b27
toluna-harris-2026-04-30-10180,toluna-harris,M6 / RTL,2026-04-28,2026-04-30,2026-05-04,1989,online,registered,1,S4,roussel,4.0,https://www.commission-des-sondages.fr/notices/files/notices/2026/mai/10180-pres-toluna-harris-interactive-rtl-4-mai.pdf,https://www.commission-des-sondages.fr/notices/files/notices/2026/mai/10180-pres-toluna-harris-interactive-rtl-4-mai.pdf,https://fr.wikipedia.org/wiki/Liste_de_sondages_sur_l%27%C3%A9lection_pr%C3%A9sidentielle_fran%C3%A7aise_de_2027,primary,2026-10-09T14:35Z,sha256:b8cb7d8ecd5243aaad84800ef43265c9c8d0394e8a71e0a748c087d9f6db0b27
toluna-harris-2026-04-30-10180,toluna-harris,M6 / RTL,2026-04-28,2026-04-30,2026-05-04,1989,online,registered,1,S4,tondelier,4.0,https://www.commission-des-sondages.fr/notices/files/notices/2026/mai/10180-pres-toluna-harris-interactive-rtl-4-mai.pdf,https://www.commission-des-sondages.fr/notices/files/notices/2026/mai/10180-pres-toluna-harris-interactive-rtl-4-mai.pdf,https://fr.wikipedia.org/wiki/Liste_de_sondages_sur_l%27%C3%A9lection_pr%C3%A9sidentielle_fran%C3%A7aise_de_2027,primary,2026-10-09T14:35Z,sha256:b8cb7d8ecd5243aaad84800ef43265c9c8d0394e8a71e0a748c087d9f6db0b27
toluna-harris-2026-04-30-10180,toluna-harris,M6 / RTL,2026-04-28,2026-04-30,2026-05-04,1989,online,registered,1,S4,zemmour,5.0,https://www.commission-des-sondages.fr/notices/files/notices/2026/mai/10180-pres-toluna-harris-interactive-rtl-4-mai.pdf,https://www.commission-des-sondages.fr/notices/files/notices/2026/mai/10180-pres-toluna-harris-interactive-rtl-4-mai.pdf,https://fr.wikipedia.org/wiki/Liste_de_sondages_sur_l%27%C3%A9lection_pr%C3%A9sidentielle_fran%C3%A7aise_de_2027,primary,2026-10-09T14:35Z,sha256:b8cb7d8ecd5243aaad84800ef43265c9c8d0394e8a71e0a748c087d9f6db0b27
odoxa-2026-05-21,odoxa,Public Senat / regional press (per odoxa.fr page),2026-05-20,2026-05-21,2026-05-26,1005,,,1,S1,arthaud,0.5,https://www.odoxa.fr/sondage/philippe-seffondre-melenchon-decolle-bardella-simpose/,,https://fr.wikipedia.org/wiki/Liste_de_sondages_sur_l%27%C3%A9lection_pr%C3%A9sidentielle_fran%C3%A7aise_de_2027,index,2026-10-09T14:35Z,sha256:a4408b653104cd55415a9df9cbabcdae6a14d6ebd1c89747808f7144ebe9b28e
odoxa-2026-05-21,odoxa,Public Senat / regional press (per odoxa.fr page),2026-05-20,2026-05-21,2026-05-26,1005,,,1,S1,bardella,32.0,https://www.odoxa.fr/sondage/philippe-seffondre-melenchon-decolle-bardella-simpose/,,https://fr.wikipedia.org/wiki/Liste_de_sondages_sur_l%27%C3%A9lection_pr%C3%A9sidentielle_fran%C3%A7aise_de_2027,index,2026-10-09T14:35Z,sha256:a4408b653104cd55415a9df9cbabcdae6a14d6ebd1c89747808f7144ebe9b28e
odoxa-2026-05-21,odoxa,Public Senat / regional press (per odoxa.fr page),2026-05-20,2026-05-21,2026-05-26,1005,,,1,S1,dupont_aignan,2.0,https://www.odoxa.fr/sondage/philippe-seffondre-melenchon-decolle-bardella-simpose/,,https://fr.wikipedia.org/wiki/Liste_de_sondages_sur_l%27%C3%A9lection_pr%C3%A9sidentielle_fran%C3%A7aise_de_2027,index,2026-10-09T14:35Z,sha256:a4408b653104cd55415a9df9cbabcdae6a14d6ebd1c89747808f7144ebe9b28e
odoxa-2026-05-21,odoxa,Public Senat / regional press (per odoxa.fr page),2026-05-20,2026-05-21,2026-05-26,1005,,,1,S1,glucksmann,11.0,https://www.odoxa.fr/sondage/philippe-seffondre-melenchon-decolle-bardella-simpose/,,https://fr.wikipedia.org/wiki/Liste_de_sondages_sur_l%27%C3%A9lection_pr%C3%A9sidentielle_fran%C3%A7aise_de_2027,index,2026-10-09T14:35Z,sha256:a4408b653104cd55415a9df9cbabcdae6a14d6ebd1c89747808f7144ebe9b28e
odoxa-2026-05-21,odoxa,Public Senat / regional press (per odoxa.fr page),2026-05-20,2026-05-21,2026-05-26,1005,,,1,S1,melenchon,16.0,https://www.odoxa.fr/sondage/philippe-seffondre-melenchon-decolle-bardella-simpose/,,https://fr.wikipedia.org/wiki/Liste_de_sondages_sur_l%27%C3%A9lection_pr%C3%A9sidentielle_fran%C3%A7aise_de_2027,index,2026-10-09T14:35Z,sha256:a4408b653104cd55415a9df9cbabcdae6a14d6ebd1c89747808f7144ebe9b28e
odoxa-2026-05-21,odoxa,Public Senat / regional press (per odoxa.fr page),2026-05-20,2026-05-21,2026-05-26,1005,,,1,S1,philippe,17.0,https://www.odoxa.fr/sondage/philippe-seffondre-melenchon-decolle-bardella-simpose/,,https://fr.wikipedia.org/wiki/Liste_de_sondages_sur_l%27%C3%A9lection_pr%C3%A9sidentielle_fran%C3%A7aise_de_2027,index,2026-10-09T14:35Z,sha256:a4408b653104cd55415a9df9cbabcdae6a14d6ebd1c89747808f7144ebe9b28e
odoxa-2026-05-21,odoxa,Public Senat / regional press (per odoxa.fr page),2026-05-20,2026-05-21,2026-05-26,1005,,,1,S1,retailleau,9.0,https://www.odoxa.fr/sondage/philippe-seffondre-melenchon-decolle-bardella-simpose/,,https://fr.wikipedia.org/wiki/Liste_de_sondages_sur_l%27%C3%A9lection_pr%C3%A9sidentielle_fran%C3%A7aise_de_2027,index,2026-10-09T14:35Z,sha256:a4408b653104cd55415a9df9cbabcdae6a14d6ebd1c89747808f7144ebe9b28e
odoxa-2026-05-21,odoxa,Public Senat / regional press (per odoxa.fr page),2026-05-20,2026-05-21,2026-05-26,1005,,,1,S1,roussel,2.5,https://www.odoxa.fr/sondage/philippe-seffondre-melenchon-decolle-bardella-simpose/,,https://fr.wikipedia.org/wiki/Liste_de_sondages_sur_l%27%C3%A9lection_pr%C3%A9sidentielle_fran%C3%A7aise_de_2027,index,2026-10-09T14:35Z,sha256:a4408b653104cd55415a9df9cbabcdae6a14d6ebd1c89747808f7144ebe9b28e
odoxa-2026-05-21,odoxa,Public Senat / regional press (per odoxa.fr page),2026-05-20,2026-05-21,2026-05-26,1005,,,1,S1,tondelier,4.0,https://www.odoxa.fr/sondage/philippe-seffondre-melenchon-decolle-bardella-simpose/,,https://fr.wikipedia.org/wiki/Liste_de_sondages_sur_l%27%C3%A9lection_pr%C3%A9sidentielle_fran%C3%A7aise_de_2027,index,2026-10-09T14:35Z,sha256:a4408b653104cd55415a9df9cbabcdae6a14d6ebd1c89747808f7144ebe9b28e
odoxa-2026-05-21,odoxa,Public Senat / regional press (per odoxa.fr page),2026-05-20,2026-05-21,2026-05-26,1005,,,1,S1,zemmour,6.0,https://www.odoxa.fr/sondage/philippe-seffondre-melenchon-decolle-bardella-simpose/,,https://fr.wikipedia.org/wiki/Liste_de_sondages_sur_l%27%C3%A9lection_pr%C3%A9sidentielle_fran%C3%A7aise_de_2027,index,2026-10-09T14:35Z,sha256:a4408b653104cd55415a9df9cbabcdae6a14d6ebd1c89747808f7144ebe9b28e
odoxa-2026-05-21,odoxa,Public Senat / regional press (per odoxa.fr page),2026-05-20,2026-05-21,2026-05-26,1005,,,2,H1,bardella,52.0,https://www.odoxa.fr/sondage/philippe-seffondre-melenchon-decolle-bardella-simpose/,,https://fr.wikipedia.org/wiki/Liste_de_sondages_sur_l%27%C3%A9lection_pr%C3%A9sidentielle_fran%C3%A7aise_de_2027,index,2026-10-09T14:35Z,sha256:a4408b653104cd55415a9df9cbabcdae6a14d6ebd1c89747808f7144ebe9b28e
odoxa-2026-05-21,odoxa,Public Senat / regional press (per odoxa.fr page),2026-05-20,2026-05-21,2026-05-26,1005,,,2,H1,philippe,48.0,https://www.odoxa.fr/sondage/philippe-seffondre-melenchon-decolle-bardella-simpose/,,https://fr.wikipedia.org/wiki/Liste_de_sondages_sur_l%27%C3%A9lection_pr%C3%A9sidentielle_fran%C3%A7aise_de_2027,index,2026-10-09T14:35Z,sha256:a4408b653104cd55415a9df9cbabcdae6a14d6ebd1c89747808f7144ebe9b28e
ifop-2026-05-28-10193,ifop,LCI / Le Figaro / Sud Radio,2026-05-26,2026-05-28,2026-05-29,1501,online,registered,1,S1,arthaud,0.5,https://www.commission-des-sondages.fr/notices/files/notices/2026/mai/10193-pres-ifop-le-figaro-29-mai.pdf,https://www.commission-des-sondages.fr/notices/files/notices/2026/mai/10193-pres-ifop-le-figaro-29-mai.pdf,https://fr.wikipedia.org/wiki/Liste_de_sondages_sur_l%27%C3%A9lection_pr%C3%A9sidentielle_fran%C3%A7aise_de_2027,primary,2026-10-09T14:35Z,sha256:021fcb3aea40138fe82ab29f7cc5d81c439b603a3a2415e0e7eb5a81f4041c52
ifop-2026-05-28-10193,ifop,LCI / Le Figaro / Sud Radio,2026-05-26,2026-05-28,2026-05-29,1501,online,registered,1,S1,attal,9.0,https://www.commission-des-sondages.fr/notices/files/notices/2026/mai/10193-pres-ifop-le-figaro-29-mai.pdf,https://www.commission-des-sondages.fr/notices/files/notices/2026/mai/10193-pres-ifop-le-figaro-29-mai.pdf,https://fr.wikipedia.org/wiki/Liste_de_sondages_sur_l%27%C3%A9lection_pr%C3%A9sidentielle_fran%C3%A7aise_de_2027,primary,2026-10-09T14:35Z,sha256:021fcb3aea40138fe82ab29f7cc5d81c439b603a3a2415e0e7eb5a81f4041c52
ifop-2026-05-28-10193,ifop,LCI / Le Figaro / Sud Radio,2026-05-26,2026-05-28,2026-05-29,1501,online,registered,1,S1,bardella,34.0,https://www.commission-des-sondages.fr/notices/files/notices/2026/mai/10193-pres-ifop-le-figaro-29-mai.pdf,https://www.commission-des-sondages.fr/notices/files/notices/2026/mai/10193-pres-ifop-le-figaro-29-mai.pdf,https://fr.wikipedia.org/wiki/Liste_de_sondages_sur_l%27%C3%A9lection_pr%C3%A9sidentielle_fran%C3%A7aise_de_2027,primary,2026-10-09T14:35Z,sha256:021fcb3aea40138fe82ab29f7cc5d81c439b603a3a2415e0e7eb5a81f4041c52
ifop-2026-05-28-10193,ifop,LCI / Le Figaro / Sud Radio,2026-05-26,2026-05-28,2026-05-29,1501,online,registered,1,S1,dupont_aignan,2.0,https://www.commission-des-sondages.fr/notices/files/notices/2026/mai/10193-pres-ifop-le-figaro-29-mai.pdf,https://www.commission-des-sondages.fr/notices/files/notices/2026/mai/10193-pres-ifop-le-figaro-29-mai.pdf,https://fr.wikipedia.org/wiki/Liste_de_sondages_sur_l%27%C3%A9lection_pr%C3%A9sidentielle_fran%C3%A7aise_de_2027,primary,2026-10-09T14:35Z,sha256:021fcb3aea40138fe82ab29f7cc5d81c439b603a3a2415e0e7eb5a81f4041c52
ifop-2026-05-28-10193,ifop,LCI / Le Figaro / Sud Radio,2026-05-26,2026-05-28,2026-05-29,1501,online,registered,1,S1,glucksmann,9.0,https://www.commission-des-sondages.fr/notices/files/notices/2026/mai/10193-pres-ifop-le-figaro-29-mai.pdf,https://www.commission-des-sondages.fr/notices/files/notices/2026/mai/10193-pres-ifop-le-figaro-29-mai.pdf,https://fr.wikipedia.org/wiki/Liste_de_sondages_sur_l%27%C3%A9lection_pr%C3%A9sidentielle_fran%C3%A7aise_de_2027,primary,2026-10-09T14:35Z,sha256:021fcb3aea40138fe82ab29f7cc5d81c439b603a3a2415e0e7eb5a81f4041c52
ifop-2026-05-28-10193,ifop,LCI / Le Figaro / Sud Radio,2026-05-26,2026-05-28,2026-05-29,1501,online,registered,1,S1,melenchon,13.0,https://www.commission-des-sondages.fr/notices/files/notices/2026/mai/10193-pres-ifop-le-figaro-29-mai.pdf,https://www.commission-des-sondages.fr/notices/files/notices/2026/mai/10193-pres-ifop-le-figaro-29-mai.pdf,https://fr.wikipedia.org/wiki/Liste_de_sondages_sur_l%27%C3%A9lection_pr%C3%A9sidentielle_fran%C3%A7aise_de_2027,primary,2026-10-09T14:35Z,sha256:021fcb3aea40138fe82ab29f7cc5d81c439b603a3a2415e0e7eb5a81f4041c52
ifop-2026-05-28-10193,ifop,LCI / Le Figaro / Sud Radio,2026-05-26,2026-05-28,2026-05-29,1501,online,registered,1,S1,philippe,14.0,https://www.commission-des-sondages.fr/notices/files/notices/2026/mai/10193-pres-ifop-le-figaro-29-mai.pdf,https://www.commission-des-sondages.fr/notices/files/notices/2026/mai/10193-pres-ifop-le-figaro-29-mai.pdf,https://fr.wikipedia.org/wiki/Liste_de_sondages_sur_l%27%C3%A9lection_pr%C3%A9sidentielle_fran%C3%A7aise_de_2027,primary,2026-10-09T14:35Z,sha256:021fcb3aea40138fe82ab29f7cc5d81c439b603a3a2415e0e7eb5a81f4041c52
ifop-2026-05-28-10193,ifop,LCI / Le Figaro / Sud Radio,2026-05-26,2026-05-28,2026-05-29,1501,online,registered,1,S1,retailleau,8.0,https://www.commission-des-sondages.fr/notices/files/notices/2026/mai/10193-pres-ifop-le-figaro-29-mai.pdf,https://www.commission-des-sondages.fr/notices/files/notices/2026/mai/10193-pres-ifop-le-figaro-29-mai.pdf,https://fr.wikipedia.org/wiki/Liste_de_sondages_sur_l%27%C3%A9lection_pr%C3%A9sidentielle_fran%C3%A7aise_de_2027,primary,2026-10-09T14:35Z,sha256:021fcb3aea40138fe82ab29f7cc5d81c439b603a3a2415e0e7eb5a81f4041c52
ifop-2026-05-28-10193,ifop,LCI / Le Figaro / Sud Radio,2026-05-26,2026-05-28,2026-05-29,1501,online,registered,1,S1,roussel,2.5,https://www.commission-des-sondages.fr/notices/files/notices/2026/mai/10193-pres-ifop-le-figaro-29-mai.pdf,https://www.commission-des-sondages.fr/notices/files/notices/2026/mai/10193-pres-ifop-le-figaro-29-mai.pdf,https://fr.wikipedia.org/wiki/Liste_de_sondages_sur_l%27%C3%A9lection_pr%C3%A9sidentielle_fran%C3%A7aise_de_2027,primary,2026-10-09T14:35Z,sha256:021fcb3aea40138fe82ab29f7cc5d81c439b603a3a2415e0e7eb5a81f4041c52
ifop-2026-05-28-10193,ifop,LCI / Le Figaro / Sud Radio,2026-05-26,2026-05-28,2026-05-29,1501,online,registered,1,S1,tondelier,4.0,https://www.commission-des-sondages.fr/notices/files/notices/2026/mai/10193-pres-ifop-le-figaro-29-mai.pdf,https://www.commission-des-sondages.fr/notices/files/notices/2026/mai/10193-pres-ifop-le-figaro-29-mai.pdf,https://fr.wikipedia.org/wiki/Liste_de_sondages_sur_l%27%C3%A9lection_pr%C3%A9sidentielle_fran%C3%A7aise_de_2027,primary,2026-10-09T14:35Z,sha256:021fcb3aea40138fe82ab29f7cc5d81c439b603a3a2415e0e7eb5a81f4041c52
ifop-2026-05-28-10193,ifop,LCI / Le Figaro / Sud Radio,2026-05-26,2026-05-28,2026-05-29,1501,online,registered,1,S1,zemmour,4.0,https://www.commission-des-sondages.fr/notices/files/notices/2026/mai/10193-pres-ifop-le-figaro-29-mai.pdf,https://www.commission-des-sondages.fr/notices/files/notices/2026/mai/10193-pres-ifop-le-figaro-29-mai.pdf,https://fr.wikipedia.org/wiki/Liste_de_sondages_sur_l%27%C3%A9lection_pr%C3%A9sidentielle_fran%C3%A7aise_de_2027,primary,2026-10-09T14:35Z,sha256:021fcb3aea40138fe82ab29f7cc5d81c439b603a3a2415e0e7eb5a81f4041c52
ifop-2026-05-28-10193,ifop,LCI / Le Figaro / Sud Radio,2026-05-26,2026-05-28,2026-05-29,1501,online,registered,1,S10,arthaud,1.5,https://www.commission-des-sondages.fr/notices/files/notices/2026/mai/10193-pres-ifop-le-figaro-29-mai.pdf,https://www.commission-des-sondages.fr/notices/files/notices/2026/mai/10193-pres-ifop-le-figaro-29-mai.pdf,https://fr.wikipedia.org/wiki/Liste_de_sondages_sur_l%27%C3%A9lection_pr%C3%A9sidentielle_fran%C3%A7aise_de_2027,primary,2026-10-09T14:35Z,sha256:021fcb3aea40138fe82ab29f7cc5d81c439b603a3a2415e0e7eb5a81f4041c52
ifop-2026-05-28-10193,ifop,LCI / Le Figaro / Sud Radio,2026-05-26,2026-05-28,2026-05-29,1501,online,registered,1,S10,bardella,34.0,https://www.commission-des-sondages.fr/notices/files/notices/2026/mai/10193-pres-ifop-le-figaro-29-mai.pdf,https://www.commission-des-sondages.fr/notices/files/notices/2026/mai/10193-pres-ifop-le-figaro-29-mai.pdf,https://fr.wikipedia.org/wiki/Liste_de_sondages_sur_l%27%C3%A9lection_pr%C3%A9sidentielle_fran%C3%A7aise_de_2027,primary,2026-10-09T14:35Z,sha256:021fcb3aea40138fe82ab29f7cc5d81c439b603a3a2415e0e7eb5a81f4041c52
ifop-2026-05-28-10193,ifop,LCI / Le Figaro / Sud Radio,2026-05-26,2026-05-28,2026-05-29,1501,online,registered,1,S10,dupont_aignan,2.5,https://www.commission-des-sondages.fr/notices/files/notices/2026/mai/10193-pres-ifop-le-figaro-29-mai.pdf,https://www.commission-des-sondages.fr/notices/files/notices/2026/mai/10193-pres-ifop-le-figaro-29-mai.pdf,https://fr.wikipedia.org/wiki/Liste_de_sondages_sur_l%27%C3%A9lection_pr%C3%A9sidentielle_fran%C3%A7aise_de_2027,primary,2026-10-09T14:35Z,sha256:021fcb3aea40138fe82ab29f7cc5d81c439b603a3a2415e0e7eb5a81f4041c52
ifop-2026-05-28-10193,ifop,LCI / Le Figaro / Sud Radio,2026-05-26,2026-05-28,2026-05-29,1501,online,registered,1,S10,hollande,11.0,https://www.commission-des-sondages.fr/notices/files/notices/2026/mai/10193-pres-ifop-le-figaro-29-mai.pdf,https://www.commission-des-sondages.fr/notices/files/notices/2026/mai/10193-pres-ifop-le-figaro-29-mai.pdf,https://fr.wikipedia.org/wiki/Liste_de_sondages_sur_l%27%C3%A9lection_pr%C3%A9sidentielle_fran%C3%A7aise_de_2027,primary,2026-10-09T14:35Z,sha256:021fcb3aea40138fe82ab29f7cc5d81c439b603a3a2415e0e7eb5a81f4041c52
ifop-2026-05-28-10193,ifop,LCI / Le Figaro / Sud Radio,2026-05-26,2026-05-28,2026-05-29,1501,online,registered,1,S10,melenchon,15.0,https://www.commission-des-sondages.fr/notices/files/notices/2026/mai/10193-pres-ifop-le-figaro-29-mai.pdf,https://www.commission-des-sondages.fr/notices/files/notices/2026/mai/10193-pres-ifop-le-figaro-29-mai.pdf,https://fr.wikipedia.org/wiki/Liste_de_sondages_sur_l%27%C3%A9lection_pr%C3%A9sidentielle_fran%C3%A7aise_de_2027,primary,2026-10-09T14:35Z,sha256:021fcb3aea40138fe82ab29f7cc5d81c439b603a3a2415e0e7eb5a81f4041c52
ifop-2026-05-28-10193,ifop,LCI / Le Figaro / Sud Radio,2026-05-26,2026-05-28,2026-05-29,1501,online,registered,1,S10,philippe,22.0,https://www.commission-des-sondages.fr/notices/files/notices/2026/mai/10193-pres-ifop-le-figaro-29-mai.pdf,https://www.commission-des-sondages.fr/notices/files/notices/2026/mai/10193-pres-ifop-le-figaro-29-mai.pdf,https://fr.wikipedia.org/wiki/Liste_de_sondages_sur_l%27%C3%A9lection_pr%C3%A9sidentielle_fran%C3%A7aise_de_2027,primary,2026-10-09T14:35Z,sha256:021fcb3aea40138fe82ab29f7cc5d81c439b603a3a2415e0e7eb5a81f4041c52
ifop-2026-05-28-10193,ifop,LCI / Le Figaro / Sud Radio,2026-05-26,2026-05-28,2026-05-29,1501,online,registered,1,S10,retailleau,10.0,https://www.commission-des-sondages.fr/notices/files/notices/2026/mai/10193-pres-ifop-le-figaro-29-mai.pdf,https://www.commission-des-sondages.fr/notices/files/notices/2026/mai/10193-pres-ifop-le-figaro-29-mai.pdf,https://fr.wikipedia.org/wiki/Liste_de_sondages_sur_l%27%C3%A9lection_pr%C3%A9sidentielle_fran%C3%A7aise_de_2027,primary,2026-10-09T14:35Z,sha256:021fcb3aea40138fe82ab29f7cc5d81c439b603a3a2415e0e7eb5a81f4041c52
ifop-2026-05-28-10193,ifop,LCI / Le Figaro / Sud Radio,2026-05-26,2026-05-28,2026-05-29,1501,online,registered,1,S10,zemmour,4.0,https://www.commission-des-sondages.fr/notices/files/notices/2026/mai/10193-pres-ifop-le-figaro-29-mai.pdf,https://www.commission-des-sondages.fr/notices/files/notices/2026/mai/10193-pres-ifop-le-figaro-29-mai.pdf,https://fr.wikipedia.org/wiki/Liste_de_sondages_sur_l%27%C3%A9lection_pr%C3%A9sidentielle_fran%C3%A7aise_de_2027,primary,2026-10-09T14:35Z,sha256:021fcb3aea40138fe82ab29f7cc5d81c439b603a3a2415e0e7eb5a81f4041c52
ifop-2026-05-28-10193,ifop,LCI / Le Figaro / Sud Radio,2026-05-26,2026-05-28,2026-05-29,1501,online,registered,1,S11,arthaud,1.0,https://www.commission-des-sondages.fr/notices/files/notices/2026/mai/10193-pres-ifop-le-figaro-29-mai.pdf,https://www.commission-des-sondages.fr/notices/files/notices/2026/mai/10193-pres-ifop-le-figaro-29-mai.pdf,https://fr.wikipedia.org/wiki/Liste_de_sondages_sur_l%27%C3%A9lection_pr%C3%A9sidentielle_fran%C3%A7aise_de_2027,primary,2026-10-09T14:35Z,sha256:021fcb3aea40138fe82ab29f7cc5d81c439b603a3a2415e0e7eb5a81f4041c52
ifop-2026-05-28-10193,ifop,LCI / Le Figaro / Sud Radio,2026-05-26,2026-05-28,2026-05-29,1501,online,registered,1,S11,bardella,33.0,https://www.commission-des-sondages.fr/notices/files/notices/2026/mai/10193-pres-ifop-le-figaro-29-mai.pdf,https://www.commission-des-sondages.fr/notices/files/notices/2026/mai/10193-pres-ifop-le-figaro-29-mai.pdf,https://fr.wikipedia.org/wiki/Liste_de_sondages_sur_l%27%C3%A9lection_pr%C3%A9sidentielle_fran%C3%A7aise_de_2027,primary,2026-10-09T14:35Z,sha256:021fcb3aea40138fe82ab29f7cc5d81c439b603a3a2415e0e7eb5a81f4041c52
ifop-2026-05-28-10193,ifop,LCI / Le Figaro / Sud Radio,2026-05-26,2026-05-28,2026-05-29,1501,online,registered,1,S11,dupont_aignan,3.0,https://www.commission-des-sondages.fr/notices/files/notices/2026/mai/10193-pres-ifop-le-figaro-29-mai.pdf,https://www.commission-des-sondages.fr/notices/files/notices/2026/mai/10193-pres-ifop-le-figaro-29-mai.pdf,https://fr.wikipedia.org/wiki/Liste_de_sondages_sur_l%27%C3%A9lection_pr%C3%A9sidentielle_fran%C3%A7aise_de_2027,primary,2026-10-09T14:35Z,sha256:021fcb3aea40138fe82ab29f7cc5d81c439b603a3a2415e0e7eb5a81f4041c52
ifop-2026-05-28-10193,ifop,LCI / Le Figaro / Sud Radio,2026-05-26,2026-05-28,2026-05-29,1501,online,registered,1,S11,glucksmann,12.0,https://www.commission-des-sondages.fr/notices/files/notices/2026/mai/10193-pres-ifop-le-figaro-29-mai.pdf,https://www.commission-des-sondages.fr/notices/files/notices/2026/mai/10193-pres-ifop-le-figaro-29-mai.pdf,https://fr.wikipedia.org/wiki/Liste_de_sondages_sur_l%27%C3%A9lection_pr%C3%A9sidentielle_fran%C3%A7aise_de_2027,primary,2026-10-09T14:35Z,sha256:021fcb3aea40138fe82ab29f7cc5d81c439b603a3a2415e0e7eb5a81f4041c52
ifop-2026-05-28-10193,ifop,LCI / Le Figaro / Sud Radio,2026-05-26,2026-05-28,2026-05-29,1501,online,registered,1,S11,melenchon,15.0,https://www.commission-des-sondages.fr/notices/files/notices/2026/mai/10193-pres-ifop-le-figaro-29-mai.pdf,https://www.commission-des-sondages.fr/notices/files/notices/2026/mai/10193-pres-ifop-le-figaro-29-mai.pdf,https://fr.wikipedia.org/wiki/Liste_de_sondages_sur_l%27%C3%A9lection_pr%C3%A9sidentielle_fran%C3%A7aise_de_2027,primary,2026-10-09T14:35Z,sha256:021fcb3aea40138fe82ab29f7cc5d81c439b603a3a2415e0e7eb5a81f4041c52
ifop-2026-05-28-10193,ifop,LCI / Le Figaro / Sud Radio,2026-05-26,2026-05-28,2026-05-29,1501,online,registered,1,S11,philippe,22.0,https://www.commission-des-sondages.fr/notices/files/notices/2026/mai/10193-pres-ifop-le-figaro-29-mai.pdf,https://www.commission-des-sondages.fr/notices/files/notices/2026/mai/10193-pres-ifop-le-figaro-29-mai.pdf,https://fr.wikipedia.org/wiki/Liste_de_sondages_sur_l%27%C3%A9lection_pr%C3%A9sidentielle_fran%C3%A7aise_de_2027,primary,2026-10-09T14:35Z,sha256:021fcb3aea40138fe82ab29f7cc5d81c439b603a3a2415e0e7eb5a81f4041c52
ifop-2026-05-28-10193,ifop,LCI / Le Figaro / Sud Radio,2026-05-26,2026-05-28,2026-05-29,1501,online,registered,1,S11,retailleau,10.0,https://www.commission-des-sondages.fr/notices/files/notices/2026/mai/10193-pres-ifop-le-figaro-29-mai.pdf,https://www.commission-des-sondages.fr/notices/files/notices/2026/mai/10193-pres-ifop-le-figaro-29-mai.pdf,https://fr.wikipedia.org/wiki/Liste_de_sondages_sur_l%27%C3%A9lection_pr%C3%A9sidentielle_fran%C3%A7aise_de_2027,primary,2026-10-09T14:35Z,sha256:021fcb3aea40138fe82ab29f7cc5d81c439b603a3a2415e0e7eb5a81f4041c52
ifop-2026-05-28-10193,ifop,LCI / Le Figaro / Sud Radio,2026-05-26,2026-05-28,2026-05-29,1501,online,registered,1,S11,zemmour,4.0,https://www.commission-des-sondages.fr/notices/files/notices/2026/mai/10193-pres-ifop-le-figaro-29-mai.pdf,https://www.commission-des-sondages.fr/notices/files/notices/2026/mai/10193-pres-ifop-le-figaro-29-mai.pdf,https://fr.wikipedia.org/wiki/Liste_de_sondages_sur_l%27%C3%A9lection_pr%C3%A9sidentielle_fran%C3%A7aise_de_2027,primary,2026-10-09T14:35Z,sha256:021fcb3aea40138fe82ab29f7cc5d81c439b603a3a2415e0e7eb5a81f4041c52
ifop-2026-05-28-10193,ifop,LCI / Le Figaro / Sud Radio,2026-05-26,2026-05-28,2026-05-29,1501,online,registered,1,S2,arthaud,0.5,https://www.commission-des-sondages.fr/notices/files/notices/2026/mai/10193-pres-ifop-le-figaro-29-mai.pdf,https://www.commission-des-sondages.fr/notices/files/notices/2026/mai/10193-pres-ifop-le-figaro-29-mai.pdf,https://fr.wikipedia.org/wiki/Liste_de_sondages_sur_l%27%C3%A9lection_pr%C3%A9sidentielle_fran%C3%A7aise_de_2027,primary,2026-10-09T14:35Z,sha256:021fcb3aea40138fe82ab29f7cc5d81c439b603a3a2415e0e7eb5a81f4041c52
ifop-2026-05-28-10193,ifop,LCI / Le Figaro / Sud Radio,2026-05-26,2026-05-28,2026-05-29,1501,online,registered,1,S2,bardella,34.0,https://www.commission-des-sondages.fr/notices/files/notices/2026/mai/10193-pres-ifop-le-figaro-29-mai.pdf,https://www.commission-des-sondages.fr/notices/files/notices/2026/mai/10193-pres-ifop-le-figaro-29-mai.pdf,https://fr.wikipedia.org/wiki/Liste_de_sondages_sur_l%27%C3%A9lection_pr%C3%A9sidentielle_fran%C3%A7aise_de_2027,primary,2026-10-09T14:35Z,sha256:021fcb3aea40138fe82ab29f7cc5d81c439b603a3a2415e0e7eb5a81f4041c52
ifop-2026-05-28-10193,ifop,LCI / Le Figaro / Sud Radio,2026-05-26,2026-05-28,2026-05-29,1501,online,registered,1,S2,dupont_aignan,2.0,https://www.commission-des-sondages.fr/notices/files/notices/2026/mai/10193-pres-ifop-le-figaro-29-mai.pdf,https://www.commission-des-sondages.fr/notices/files/notices/2026/mai/10193-pres-ifop-le-figaro-29-mai.pdf,https://fr.wikipedia.org/wiki/Liste_de_sondages_sur_l%27%C3%A9lection_pr%C3%A9sidentielle_fran%C3%A7aise_de_2027,primary,2026-10-09T14:35Z,sha256:021fcb3aea40138fe82ab29f7cc5d81c439b603a3a2415e0e7eb5a81f4041c52
ifop-2026-05-28-10193,ifop,LCI / Le Figaro / Sud Radio,2026-05-26,2026-05-28,2026-05-29,1501,online,registered,1,S2,glucksmann,10.0,https://www.commission-des-sondages.fr/notices/files/notices/2026/mai/10193-pres-ifop-le-figaro-29-mai.pdf,https://www.commission-des-sondages.fr/notices/files/notices/2026/mai/10193-pres-ifop-le-figaro-29-mai.pdf,https://fr.wikipedia.org/wiki/Liste_de_sondages_sur_l%27%C3%A9lection_pr%C3%A9sidentielle_fran%C3%A7aise_de_2027,primary,2026-10-09T14:35Z,sha256:021fcb3aea40138fe82ab29f7cc5d81c439b603a3a2415e0e7eb5a81f4041c52
ifop-2026-05-28-10193,ifop,LCI / Le Figaro / Sud Radio,2026-05-26,2026-05-28,2026-05-29,1501,online,registered,1,S2,melenchon,13.0,https://www.commission-des-sondages.fr/notices/files/notices/2026/mai/10193-pres-ifop-le-figaro-29-mai.pdf,https://www.commission-des-sondages.fr/notices/files/notices/2026/mai/10193-pres-ifop-le-figaro-29-mai.pdf,https://fr.wikipedia.org/wiki/Liste_de_sondages_sur_l%27%C3%A9lection_pr%C3%A9sidentielle_fran%C3%A7aise_de_2027,primary,2026-10-09T14:35Z,sha256:021fcb3aea40138fe82ab29f7cc5d81c439b603a3a2415e0e7eb5a81f4041c52
ifop-2026-05-28-10193,ifop,LCI / Le Figaro / Sud Radio,2026-05-26,2026-05-28,2026-05-29,1501,online,registered,1,S2,philippe,18.0,https://www.commission-des-sondages.fr/notices/files/notices/2026/mai/10193-pres-ifop-le-figaro-29-mai.pdf,https://www.commission-des-sondages.fr/notices/files/notices/2026/mai/10193-pres-ifop-le-figaro-29-mai.pdf,https://fr.wikipedia.org/wiki/Liste_de_sondages_sur_l%27%C3%A9lection_pr%C3%A9sidentielle_fran%C3%A7aise_de_2027,primary,2026-10-09T14:35Z,sha256:021fcb3aea40138fe82ab29f7cc5d81c439b603a3a2415e0e7eb5a81f4041c52
ifop-2026-05-28-10193,ifop,LCI / Le Figaro / Sud Radio,2026-05-26,2026-05-28,2026-05-29,1501,online,registered,1,S2,retailleau,9.0,https://www.commission-des-sondages.fr/notices/files/notices/2026/mai/10193-pres-ifop-le-figaro-29-mai.pdf,https://www.commission-des-sondages.fr/notices/files/notices/2026/mai/10193-pres-ifop-le-figaro-29-mai.pdf,https://fr.wikipedia.org/wiki/Liste_de_sondages_sur_l%27%C3%A9lection_pr%C3%A9sidentielle_fran%C3%A7aise_de_2027,primary,2026-10-09T14:35Z,sha256:021fcb3aea40138fe82ab29f7cc5d81c439b603a3a2415e0e7eb5a81f4041c52
ifop-2026-05-28-10193,ifop,LCI / Le Figaro / Sud Radio,2026-05-26,2026-05-28,2026-05-29,1501,online,registered,1,S2,roussel,3.5,https://www.commission-des-sondages.fr/notices/files/notices/2026/mai/10193-pres-ifop-le-figaro-29-mai.pdf,https://www.commission-des-sondages.fr/notices/files/notices/2026/mai/10193-pres-ifop-le-figaro-29-mai.pdf,https://fr.wikipedia.org/wiki/Liste_de_sondages_sur_l%27%C3%A9lection_pr%C3%A9sidentielle_fran%C3%A7aise_de_2027,primary,2026-10-09T14:35Z,sha256:021fcb3aea40138fe82ab29f7cc5d81c439b603a3a2415e0e7eb5a81f4041c52
ifop-2026-05-28-10193,ifop,LCI / Le Figaro / Sud Radio,2026-05-26,2026-05-28,2026-05-29,1501,online,registered,1,S2,tondelier,4.0,https://www.commission-des-sondages.fr/notices/files/notices/2026/mai/10193-pres-ifop-le-figaro-29-mai.pdf,https://www.commission-des-sondages.fr/notices/files/notices/2026/mai/10193-pres-ifop-le-figaro-29-mai.pdf,https://fr.wikipedia.org/wiki/Liste_de_sondages_sur_l%27%C3%A9lection_pr%C3%A9sidentielle_fran%C3%A7aise_de_2027,primary,2026-10-09T14:35Z,sha256:021fcb3aea40138fe82ab29f7cc5d81c439b603a3a2415e0e7eb5a81f4041c52
ifop-2026-05-28-10193,ifop,LCI / Le Figaro / Sud Radio,2026-05-26,2026-05-28,2026-05-29,1501,online,registered,1,S2,villepin,2.5,https://www.commission-des-sondages.fr/notices/files/notices/2026/mai/10193-pres-ifop-le-figaro-29-mai.pdf,https://www.commission-des-sondages.fr/notices/files/notices/2026/mai/10193-pres-ifop-le-figaro-29-mai.pdf,https://fr.wikipedia.org/wiki/Liste_de_sondages_sur_l%27%C3%A9lection_pr%C3%A9sidentielle_fran%C3%A7aise_de_2027,primary,2026-10-09T14:35Z,sha256:021fcb3aea40138fe82ab29f7cc5d81c439b603a3a2415e0e7eb5a81f4041c52
ifop-2026-05-28-10193,ifop,LCI / Le Figaro / Sud Radio,2026-05-26,2026-05-28,2026-05-29,1501,online,registered,1,S2,zemmour,3.5,https://www.commission-des-sondages.fr/notices/files/notices/2026/mai/10193-pres-ifop-le-figaro-29-mai.pdf,https://www.commission-des-sondages.fr/notices/files/notices/2026/mai/10193-pres-ifop-le-figaro-29-mai.pdf,https://fr.wikipedia.org/wiki/Liste_de_sondages_sur_l%27%C3%A9lection_pr%C3%A9sidentielle_fran%C3%A7aise_de_2027,primary,2026-10-09T14:35Z,sha256:021fcb3aea40138fe82ab29f7cc5d81c439b603a3a2415e0e7eb5a81f4041c52
ifop-2026-05-28-10193,ifop,LCI / Le Figaro / Sud Radio,2026-05-26,2026-05-28,2026-05-29,1501,online,registered,1,S3,arthaud,0.5,https://www.commission-des-sondages.fr/notices/files/notices/2026/mai/10193-pres-ifop-le-figaro-29-mai.pdf,https://www.commission-des-sondages.fr/notices/files/notices/2026/mai/10193-pres-ifop-le-figaro-29-mai.pdf,https://fr.wikipedia.org/wiki/Liste_de_sondages_sur_l%27%C3%A9lection_pr%C3%A9sidentielle_fran%C3%A7aise_de_2027,primary,2026-10-09T14:35Z,sha256:021fcb3aea40138fe82ab29f7cc5d81c439b603a3a2415e0e7eb5a81f4041c52
ifop-2026-05-28-10193,ifop,LCI / Le Figaro / Sud Radio,2026-05-26,2026-05-28,2026-05-29,1501,online,registered,1,S3,attal,16.0,https://www.commission-des-sondages.fr/notices/files/notices/2026/mai/10193-pres-ifop-le-figaro-29-mai.pdf,https://www.commission-des-sondages.fr/notices/files/notices/2026/mai/10193-pres-ifop-le-figaro-29-mai.pdf,https://fr.wikipedia.org/wiki/Liste_de_sondages_sur_l%27%C3%A9lection_pr%C3%A9sidentielle_fran%C3%A7aise_de_2027,primary,2026-10-09T14:35Z,sha256:021fcb3aea40138fe82ab29f7cc5d81c439b603a3a2415e0e7eb5a81f4041c52
ifop-2026-05-28-10193,ifop,LCI / Le Figaro / Sud Radio,2026-05-26,2026-05-28,2026-05-29,1501,online,registered,1,S3,bardella,34.0,https://www.commission-des-sondages.fr/notices/files/notices/2026/mai/10193-pres-ifop-le-figaro-29-mai.pdf,https://www.commission-des-sondages.fr/notices/files/notices/2026/mai/10193-pres-ifop-le-figaro-29-mai.pdf,https://fr.wikipedia.org/wiki/Liste_de_sondages_sur_l%27%C3%A9lection_pr%C3%A9sidentielle_fran%C3%A7aise_de_2027,primary,2026-10-09T14:35Z,sha256:021fcb3aea40138fe82ab29f7cc5d81c439b603a3a2415e0e7eb5a81f4041c52
ifop-2026-05-28-10193,ifop,LCI / Le Figaro / Sud Radio,2026-05-26,2026-05-28,2026-05-29,1501,online,registered,1,S3,dupont_aignan,2.5,https://www.commission-des-sondages.fr/notices/files/notices/2026/mai/10193-pres-ifop-le-figaro-29-mai.pdf,https://www.commission-des-sondages.fr/notices/files/notices/2026/mai/10193-pres-ifop-le-figaro-29-mai.pdf,https://fr.wikipedia.org/wiki/Liste_de_sondages_sur_l%27%C3%A9lection_pr%C3%A9sidentielle_fran%C3%A7aise_de_2027,primary,2026-10-09T14:35Z,sha256:021fcb3aea40138fe82ab29f7cc5d81c439b603a3a2415e0e7eb5a81f4041c52
ifop-2026-05-28-10193,ifop,LCI / Le Figaro / Sud Radio,2026-05-26,2026-05-28,2026-05-29,1501,online,registered,1,S3,glucksmann,11.0,https://www.commission-des-sondages.fr/notices/files/notices/2026/mai/10193-pres-ifop-le-figaro-29-mai.pdf,https://www.commission-des-sondages.fr/notices/files/notices/2026/mai/10193-pres-ifop-le-figaro-29-mai.pdf,https://fr.wikipedia.org/wiki/Liste_de_sondages_sur_l%27%C3%A9lection_pr%C3%A9sidentielle_fran%C3%A7aise_de_2027,primary,2026-10-09T14:35Z,sha256:021fcb3aea40138fe82ab29f7cc5d81c439b603a3a2415e0e7eb5a81f4041c52
ifop-2026-05-28-10193,ifop,LCI / Le Figaro / Sud Radio,2026-05-26,2026-05-28,2026-05-29,1501,online,registered,1,S3,melenchon,13.0,https://www.commission-des-sondages.fr/notices/files/notices/2026/mai/10193-pres-ifop-le-figaro-29-mai.pdf,https://www.commission-des-sondages.fr/notices/files/notices/2026/mai/10193-pres-ifop-le-figaro-29-mai.pdf,https://fr.wikipedia.org/wiki/Liste_de_sondages_sur_l%27%C3%A9lection_pr%C3%A9sidentielle_fran%C3%A7aise_de_2027,primary,2026-10-09T14:35Z,sha256:021fcb3aea40138fe82ab29f7cc5d81c439b603a3a2415e0e7eb5a81f4041c52
ifop-2026-05-28-10193,ifop,LCI / Le Figaro / Sud Radio,2026-05-26,2026-05-28,2026-05-29,1501,online,registered,1,S3,retailleau,10.0,https://www.commission-des-sondages.fr/notices/files/notices/2026/mai/10193-pres-ifop-le-figaro-29-mai.pdf,https://www.commission-des-sondages.fr/notices/files/notices/2026/mai/10193-pres-ifop-le-figaro-29-mai.pdf,https://fr.wikipedia.org/wiki/Liste_de_sondages_sur_l%27%C3%A9lection_pr%C3%A9sidentielle_fran%C3%A7aise_de_2027,primary,2026-10-09T14:35Z,sha256:021fcb3aea40138fe82ab29f7cc5d81c439b603a3a2415e0e7eb5a81f4041c52
ifop-2026-05-28-10193,ifop,LCI / Le Figaro / Sud Radio,2026-05-26,2026-05-28,2026-05-29,1501,online,registered,1,S3,roussel,3.0,https://www.commission-des-sondages.fr/notices/files/notices/2026/mai/10193-pres-ifop-le-figaro-29-mai.pdf,https://www.commission-des-sondages.fr/notices/files/notices/2026/mai/10193-pres-ifop-le-figaro-29-mai.pdf,https://fr.wikipedia.org/wiki/Liste_de_sondages_sur_l%27%C3%A9lection_pr%C3%A9sidentielle_fran%C3%A7aise_de_2027,primary,2026-10-09T14:35Z,sha256:021fcb3aea40138fe82ab29f7cc5d81c439b603a3a2415e0e7eb5a81f4041c52
ifop-2026-05-28-10193,ifop,LCI / Le Figaro / Sud Radio,2026-05-26,2026-05-28,2026-05-29,1501,online,registered,1,S3,tondelier,4.0,https://www.commission-des-sondages.fr/notices/files/notices/2026/mai/10193-pres-ifop-le-figaro-29-mai.pdf,https://www.commission-des-sondages.fr/notices/files/notices/2026/mai/10193-pres-ifop-le-figaro-29-mai.pdf,https://fr.wikipedia.org/wiki/Liste_de_sondages_sur_l%27%C3%A9lection_pr%C3%A9sidentielle_fran%C3%A7aise_de_2027,primary,2026-10-09T14:35Z,sha256:021fcb3aea40138fe82ab29f7cc5d81c439b603a3a2415e0e7eb5a81f4041c52
ifop-2026-05-28-10193,ifop,LCI / Le Figaro / Sud Radio,2026-05-26,2026-05-28,2026-05-29,1501,online,registered,1,S3,villepin,3.0,https://www.commission-des-sondages.fr/notices/files/notices/2026/mai/10193-pres-ifop-le-figaro-29-mai.pdf,https://www.commission-des-sondages.fr/notices/files/notices/2026/mai/10193-pres-ifop-le-figaro-29-mai.pdf,https://fr.wikipedia.org/wiki/Liste_de_sondages_sur_l%27%C3%A9lection_pr%C3%A9sidentielle_fran%C3%A7aise_de_2027,primary,2026-10-09T14:35Z,sha256:021fcb3aea40138fe82ab29f7cc5d81c439b603a3a2415e0e7eb5a81f4041c52
ifop-2026-05-28-10193,ifop,LCI / Le Figaro / Sud Radio,2026-05-26,2026-05-28,2026-05-29,1501,online,registered,1,S3,zemmour,3.0,https://www.commission-des-sondages.fr/notices/files/notices/2026/mai/10193-pres-ifop-le-figaro-29-mai.pdf,https://www.commission-des-sondages.fr/notices/files/notices/2026/mai/10193-pres-ifop-le-figaro-29-mai.pdf,https://fr.wikipedia.org/wiki/Liste_de_sondages_sur_l%27%C3%A9lection_pr%C3%A9sidentielle_fran%C3%A7aise_de_2027,primary,2026-10-09T14:35Z,sha256:021fcb3aea40138fe82ab29f7cc5d81c439b603a3a2415e0e7eb5a81f4041c52
ifop-2026-05-28-10193,ifop,LCI / Le Figaro / Sud Radio,2026-05-26,2026-05-28,2026-05-29,1501,online,registered,1,S4,arthaud,0.5,https://www.commission-des-sondages.fr/notices/files/notices/2026/mai/10193-pres-ifop-le-figaro-29-mai.pdf,https://www.commission-des-sondages.fr/notices/files/notices/2026/mai/10193-pres-ifop-le-figaro-29-mai.pdf,https://fr.wikipedia.org/wiki/Liste_de_sondages_sur_l%27%C3%A9lection_pr%C3%A9sidentielle_fran%C3%A7aise_de_2027,primary,2026-10-09T14:35Z,sha256:021fcb3aea40138fe82ab29f7cc5d81c439b603a3a2415e0e7eb5a81f4041c52
ifop-2026-05-28-10193,ifop,LCI / Le Figaro / Sud Radio,2026-05-26,2026-05-28,2026-05-29,1501,online,registered,1,S4,dupont_aignan,1.5,https://www.commission-des-sondages.fr/notices/files/notices/2026/mai/10193-pres-ifop-le-figaro-29-mai.pdf,https://www.commission-des-sondages.fr/notices/files/notices/2026/mai/10193-pres-ifop-le-figaro-29-mai.pdf,https://fr.wikipedia.org/wiki/Liste_de_sondages_sur_l%27%C3%A9lection_pr%C3%A9sidentielle_fran%C3%A7aise_de_2027,primary,2026-10-09T14:35Z,sha256:021fcb3aea40138fe82ab29f7cc5d81c439b603a3a2415e0e7eb5a81f4041c52
ifop-2026-05-28-10193,ifop,LCI / Le Figaro / Sud Radio,2026-05-26,2026-05-28,2026-05-29,1501,online,registered,1,S4,glucksmann,11.0,https://www.commission-des-sondages.fr/notices/files/notices/2026/mai/10193-pres-ifop-le-figaro-29-mai.pdf,https://www.commission-des-sondages.fr/notices/files/notices/2026/mai/10193-pres-ifop-le-figaro-29-mai.pdf,https://fr.wikipedia.org/wiki/Liste_de_sondages_sur_l%27%C3%A9lection_pr%C3%A9sidentielle_fran%C3%A7aise_de_2027,primary,2026-10-09T14:35Z,sha256:021fcb3aea40138fe82ab29f7cc5d81c439b603a3a2415e0e7eb5a81f4041c52
ifop-2026-05-28-10193,ifop,LCI / Le Figaro / Sud Radio,2026-05-26,2026-05-28,2026-05-29,1501,online,registered,1,S4,le_pen,33.0,https://www.commission-des-sondages.fr/notices/files/notices/2026/mai/10193-pres-ifop-le-figaro-29-mai.pdf,https://www.commission-des-sondages.fr/notices/files/notices/2026/mai/10193-pres-ifop-le-figaro-29-mai.pdf,https://fr.wikipedia.org/wiki/Liste_de_sondages_sur_l%27%C3%A9lection_pr%C3%A9sidentielle_fran%C3%A7aise_de_2027,primary,2026-10-09T14:35Z,sha256:021fcb3aea40138fe82ab29f7cc5d81c439b603a3a2415e0e7eb5a81f4041c52
ifop-2026-05-28-10193,ifop,LCI / Le Figaro / Sud Radio,2026-05-26,2026-05-28,2026-05-29,1501,online,registered,1,S4,melenchon,13.0,https://www.commission-des-sondages.fr/notices/files/notices/2026/mai/10193-pres-ifop-le-figaro-29-mai.pdf,https://www.commission-des-sondages.fr/notices/files/notices/2026/mai/10193-pres-ifop-le-figaro-29-mai.pdf,https://fr.wikipedia.org/wiki/Liste_de_sondages_sur_l%27%C3%A9lection_pr%C3%A9sidentielle_fran%C3%A7aise_de_2027,primary,2026-10-09T14:35Z,sha256:021fcb3aea40138fe82ab29f7cc5d81c439b603a3a2415e0e7eb5a81f4041c52
ifop-2026-05-28-10193,ifop,LCI / Le Figaro / Sud Radio,2026-05-26,2026-05-28,2026-05-29,1501,online,registered,1,S4,philippe,19.0,https://www.commission-des-sondages.fr/notices/files/notices/2026/mai/10193-pres-ifop-le-figaro-29-mai.pdf,https://www.commission-des-sondages.fr/notices/files/notices/2026/mai/10193-pres-ifop-le-figaro-29-mai.pdf,https://fr.wikipedia.org/wiki/Liste_de_sondages_sur_l%27%C3%A9lection_pr%C3%A9sidentielle_fran%C3%A7aise_de_2027,primary,2026-10-09T14:35Z,sha256:021fcb3aea40138fe82ab29f7cc5d81c439b603a3a2415e0e7eb5a81f4041c52
ifop-2026-05-28-10193,ifop,LCI / Le Figaro / Sud Radio,2026-05-26,2026-05-28,2026-05-29,1501,online,registered,1,S4,retailleau,9.0,https://www.commission-des-sondages.fr/notices/files/notices/2026/mai/10193-pres-ifop-le-figaro-29-mai.pdf,https://www.commission-des-sondages.fr/notices/files/notices/2026/mai/10193-pres-ifop-le-figaro-29-mai.pdf,https://fr.wikipedia.org/wiki/Liste_de_sondages_sur_l%27%C3%A9lection_pr%C3%A9sidentielle_fran%C3%A7aise_de_2027,primary,2026-10-09T14:35Z,sha256:021fcb3aea40138fe82ab29f7cc5d81c439b603a3a2415e0e7eb5a81f4041c52
ifop-2026-05-28-10193,ifop,LCI / Le Figaro / Sud Radio,2026-05-26,2026-05-28,2026-05-29,1501,online,registered,1,S4,roussel,3.0,https://www.commission-des-sondages.fr/notices/files/notices/2026/mai/10193-pres-ifop-le-figaro-29-mai.pdf,https://www.commission-des-sondages.fr/notices/files/notices/2026/mai/10193-pres-ifop-le-figaro-29-mai.pdf,https://fr.wikipedia.org/wiki/Liste_de_sondages_sur_l%27%C3%A9lection_pr%C3%A9sidentielle_fran%C3%A7aise_de_2027,primary,2026-10-09T14:35Z,sha256:021fcb3aea40138fe82ab29f7cc5d81c439b603a3a2415e0e7eb5a81f4041c52
ifop-2026-05-28-10193,ifop,LCI / Le Figaro / Sud Radio,2026-05-26,2026-05-28,2026-05-29,1501,online,registered,1,S4,tondelier,4.0,https://www.commission-des-sondages.fr/notices/files/notices/2026/mai/10193-pres-ifop-le-figaro-29-mai.pdf,https://www.commission-des-sondages.fr/notices/files/notices/2026/mai/10193-pres-ifop-le-figaro-29-mai.pdf,https://fr.wikipedia.org/wiki/Liste_de_sondages_sur_l%27%C3%A9lection_pr%C3%A9sidentielle_fran%C3%A7aise_de_2027,primary,2026-10-09T14:35Z,sha256:021fcb3aea40138fe82ab29f7cc5d81c439b603a3a2415e0e7eb5a81f4041c52
ifop-2026-05-28-10193,ifop,LCI / Le Figaro / Sud Radio,2026-05-26,2026-05-28,2026-05-29,1501,online,registered,1,S4,villepin,2.0,https://www.commission-des-sondages.fr/notices/files/notices/2026/mai/10193-pres-ifop-le-figaro-29-mai.pdf,https://www.commission-des-sondages.fr/notices/files/notices/2026/mai/10193-pres-ifop-le-figaro-29-mai.pdf,https://fr.wikipedia.org/wiki/Liste_de_sondages_sur_l%27%C3%A9lection_pr%C3%A9sidentielle_fran%C3%A7aise_de_2027,primary,2026-10-09T14:35Z,sha256:021fcb3aea40138fe82ab29f7cc5d81c439b603a3a2415e0e7eb5a81f4041c52
ifop-2026-05-28-10193,ifop,LCI / Le Figaro / Sud Radio,2026-05-26,2026-05-28,2026-05-29,1501,online,registered,1,S4,zemmour,4.0,https://www.commission-des-sondages.fr/notices/files/notices/2026/mai/10193-pres-ifop-le-figaro-29-mai.pdf,https://www.commission-des-sondages.fr/notices/files/notices/2026/mai/10193-pres-ifop-le-figaro-29-mai.pdf,https://fr.wikipedia.org/wiki/Liste_de_sondages_sur_l%27%C3%A9lection_pr%C3%A9sidentielle_fran%C3%A7aise_de_2027,primary,2026-10-09T14:35Z,sha256:021fcb3aea40138fe82ab29f7cc5d81c439b603a3a2415e0e7eb5a81f4041c52
ifop-2026-05-28-10193,ifop,LCI / Le Figaro / Sud Radio,2026-05-26,2026-05-28,2026-05-29,1501,online,registered,1,S5,arthaud,0.5,https://www.commission-des-sondages.fr/notices/files/notices/2026/mai/10193-pres-ifop-le-figaro-29-mai.pdf,https://www.commission-des-sondages.fr/notices/files/notices/2026/mai/10193-pres-ifop-le-figaro-29-mai.pdf,https://fr.wikipedia.org/wiki/Liste_de_sondages_sur_l%27%C3%A9lection_pr%C3%A9sidentielle_fran%C3%A7aise_de_2027,primary,2026-10-09T14:35Z,sha256:021fcb3aea40138fe82ab29f7cc5d81c439b603a3a2415e0e7eb5a81f4041c52
ifop-2026-05-28-10193,ifop,LCI / Le Figaro / Sud Radio,2026-05-26,2026-05-28,2026-05-29,1501,online,registered,1,S5,attal,16.0,https://www.commission-des-sondages.fr/notices/files/notices/2026/mai/10193-pres-ifop-le-figaro-29-mai.pdf,https://www.commission-des-sondages.fr/notices/files/notices/2026/mai/10193-pres-ifop-le-figaro-29-mai.pdf,https://fr.wikipedia.org/wiki/Liste_de_sondages_sur_l%27%C3%A9lection_pr%C3%A9sidentielle_fran%C3%A7aise_de_2027,primary,2026-10-09T14:35Z,sha256:021fcb3aea40138fe82ab29f7cc5d81c439b603a3a2415e0e7eb5a81f4041c52
ifop-2026-05-28-10193,ifop,LCI / Le Figaro / Sud Radio,2026-05-26,2026-05-28,2026-05-29,1501,online,registered,1,S5,dupont_aignan,2.0,https://www.commission-des-sondages.fr/notices/files/notices/2026/mai/10193-pres-ifop-le-figaro-29-mai.pdf,https://www.commission-des-sondages.fr/notices/files/notices/2026/mai/10193-pres-ifop-le-figaro-29-mai.pdf,https://fr.wikipedia.org/wiki/Liste_de_sondages_sur_l%27%C3%A9lection_pr%C3%A9sidentielle_fran%C3%A7aise_de_2027,primary,2026-10-09T14:35Z,sha256:021fcb3aea40138fe82ab29f7cc5d81c439b603a3a2415e0e7eb5a81f4041c52
ifop-2026-05-28-10193,ifop,LCI / Le Figaro / Sud Radio,2026-05-26,2026-05-28,2026-05-29,1501,online,registered,1,S5,glucksmann,11.5,https://www.commission-des-sondages.fr/notices/files/notices/2026/mai/10193-pres-ifop-le-figaro-29-mai.pdf,https://www.commission-des-sondages.fr/notices/files/notices/2026/mai/10193-pres-ifop-le-figaro-29-mai.pdf,https://fr.wikipedia.org/wiki/Liste_de_sondages_sur_l%27%C3%A9lection_pr%C3%A9sidentielle_fran%C3%A7aise_de_2027,primary,2026-10-09T14:35Z,sha256:021fcb3aea40138fe82ab29f7cc5d81c439b603a3a2415e0e7eb5a81f4041c52
ifop-2026-05-28-10193,ifop,LCI / Le Figaro / Sud Radio,2026-05-26,2026-05-28,2026-05-29,1501,online,registered,1,S5,le_pen,32.0,https://www.commission-des-sondages.fr/notices/files/notices/2026/mai/10193-pres-ifop-le-figaro-29-mai.pdf,https://www.commission-des-sondages.fr/notices/files/notices/2026/mai/10193-pres-ifop-le-figaro-29-mai.pdf,https://fr.wikipedia.org/wiki/Liste_de_sondages_sur_l%27%C3%A9lection_pr%C3%A9sidentielle_fran%C3%A7aise_de_2027,primary,2026-10-09T14:35Z,sha256:021fcb3aea40138fe82ab29f7cc5d81c439b603a3a2415e0e7eb5a81f4041c52
ifop-2026-05-28-10193,ifop,LCI / Le Figaro / Sud Radio,2026-05-26,2026-05-28,2026-05-29,1501,online,registered,1,S5,melenchon,13.0,https://www.commission-des-sondages.fr/notices/files/notices/2026/mai/10193-pres-ifop-le-figaro-29-mai.pdf,https://www.commission-des-sondages.fr/notices/files/notices/2026/mai/10193-pres-ifop-le-figaro-29-mai.pdf,https://fr.wikipedia.org/wiki/Liste_de_sondages_sur_l%27%C3%A9lection_pr%C3%A9sidentielle_fran%C3%A7aise_de_2027,primary,2026-10-09T14:35Z,sha256:021fcb3aea40138fe82ab29f7cc5d81c439b603a3a2415e0e7eb5a81f4041c52
ifop-2026-05-28-10193,ifop,LCI / Le Figaro / Sud Radio,2026-05-26,2026-05-28,2026-05-29,1501,online,registered,1,S5,retailleau,11.5,https://www.commission-des-sondages.fr/notices/files/notices/2026/mai/10193-pres-ifop-le-figaro-29-mai.pdf,https://www.commission-des-sondages.fr/notices/files/notices/2026/mai/10193-pres-ifop-le-figaro-29-mai.pdf,https://fr.wikipedia.org/wiki/Liste_de_sondages_sur_l%27%C3%A9lection_pr%C3%A9sidentielle_fran%C3%A7aise_de_2027,primary,2026-10-09T14:35Z,sha256:021fcb3aea40138fe82ab29f7cc5d81c439b603a3a2415e0e7eb5a81f4041c52
ifop-2026-05-28-10193,ifop,LCI / Le Figaro / Sud Radio,2026-05-26,2026-05-28,2026-05-29,1501,online,registered,1,S5,roussel,3.0,https://www.commission-des-sondages.fr/notices/files/notices/2026/mai/10193-pres-ifop-le-figaro-29-mai.pdf,https://www.commission-des-sondages.fr/notices/files/notices/2026/mai/10193-pres-ifop-le-figaro-29-mai.pdf,https://fr.wikipedia.org/wiki/Liste_de_sondages_sur_l%27%C3%A9lection_pr%C3%A9sidentielle_fran%C3%A7aise_de_2027,primary,2026-10-09T14:35Z,sha256:021fcb3aea40138fe82ab29f7cc5d81c439b603a3a2415e0e7eb5a81f4041c52
ifop-2026-05-28-10193,ifop,LCI / Le Figaro / Sud Radio,2026-05-26,2026-05-28,2026-05-29,1501,online,registered,1,S5,tondelier,3.5,https://www.commission-des-sondages.fr/notices/files/notices/2026/mai/10193-pres-ifop-le-figaro-29-mai.pdf,https://www.commission-des-sondages.fr/notices/files/notices/2026/mai/10193-pres-ifop-le-figaro-29-mai.pdf,https://fr.wikipedia.org/wiki/Liste_de_sondages_sur_l%27%C3%A9lection_pr%C3%A9sidentielle_fran%C3%A7aise_de_2027,primary,2026-10-09T14:35Z,sha256:021fcb3aea40138fe82ab29f7cc5d81c439b603a3a2415e0e7eb5a81f4041c52
ifop-2026-05-28-10193,ifop,LCI / Le Figaro / Sud Radio,2026-05-26,2026-05-28,2026-05-29,1501,online,registered,1,S5,villepin,3.0,https://www.commission-des-sondages.fr/notices/files/notices/2026/mai/10193-pres-ifop-le-figaro-29-mai.pdf,https://www.commission-des-sondages.fr/notices/files/notices/2026/mai/10193-pres-ifop-le-figaro-29-mai.pdf,https://fr.wikipedia.org/wiki/Liste_de_sondages_sur_l%27%C3%A9lection_pr%C3%A9sidentielle_fran%C3%A7aise_de_2027,primary,2026-10-09T14:35Z,sha256:021fcb3aea40138fe82ab29f7cc5d81c439b603a3a2415e0e7eb5a81f4041c52
ifop-2026-05-28-10193,ifop,LCI / Le Figaro / Sud Radio,2026-05-26,2026-05-28,2026-05-29,1501,online,registered,1,S5,zemmour,4.0,https://www.commission-des-sondages.fr/notices/files/notices/2026/mai/10193-pres-ifop-le-figaro-29-mai.pdf,https://www.commission-des-sondages.fr/notices/files/notices/2026/mai/10193-pres-ifop-le-figaro-29-mai.pdf,https://fr.wikipedia.org/wiki/Liste_de_sondages_sur_l%27%C3%A9lection_pr%C3%A9sidentielle_fran%C3%A7aise_de_2027,primary,2026-10-09T14:35Z,sha256:021fcb3aea40138fe82ab29f7cc5d81c439b603a3a2415e0e7eb5a81f4041c52
ifop-2026-05-28-10193,ifop,LCI / Le Figaro / Sud Radio,2026-05-26,2026-05-28,2026-05-29,1501,online,registered,1,S6,arthaud,0.5,https://www.commission-des-sondages.fr/notices/files/notices/2026/mai/10193-pres-ifop-le-figaro-29-mai.pdf,https://www.commission-des-sondages.fr/notices/files/notices/2026/mai/10193-pres-ifop-le-figaro-29-mai.pdf,https://fr.wikipedia.org/wiki/Liste_de_sondages_sur_l%27%C3%A9lection_pr%C3%A9sidentielle_fran%C3%A7aise_de_2027,primary,2026-10-09T14:35Z,sha256:021fcb3aea40138fe82ab29f7cc5d81c439b603a3a2415e0e7eb5a81f4041c52
ifop-2026-05-28-10193,ifop,LCI / Le Figaro / Sud Radio,2026-05-26,2026-05-28,2026-05-29,1501,online,registered,1,S6,bardella,34.0,https://www.commission-des-sondages.fr/notices/files/notices/2026/mai/10193-pres-ifop-le-figaro-29-mai.pdf,https://www.commission-des-sondages.fr/notices/files/notices/2026/mai/10193-pres-ifop-le-figaro-29-mai.pdf,https://fr.wikipedia.org/wiki/Liste_de_sondages_sur_l%27%C3%A9lection_pr%C3%A9sidentielle_fran%C3%A7aise_de_2027,primary,2026-10-09T14:35Z,sha256:021fcb3aea40138fe82ab29f7cc5d81c439b603a3a2415e0e7eb5a81f4041c52
ifop-2026-05-28-10193,ifop,LCI / Le Figaro / Sud Radio,2026-05-26,2026-05-28,2026-05-29,1501,online,registered,1,S6,dupont_aignan,1.5,https://www.commission-des-sondages.fr/notices/files/notices/2026/mai/10193-pres-ifop-le-figaro-29-mai.pdf,https://www.commission-des-sondages.fr/notices/files/notices/2026/mai/10193-pres-ifop-le-figaro-29-mai.pdf,https://fr.wikipedia.org/wiki/Liste_de_sondages_sur_l%27%C3%A9lection_pr%C3%A9sidentielle_fran%C3%A7aise_de_2027,primary,2026-10-09T14:35Z,sha256:021fcb3aea40138fe82ab29f7cc5d81c439b603a3a2415e0e7eb5a81f4041c52
ifop-2026-05-28-10193,ifop,LCI / Le Figaro / Sud Radio,2026-05-26,2026-05-28,2026-05-29,1501,online,registered,1,S6,hollande,8.0,https://www.commission-des-sondages.fr/notices/files/notices/2026/mai/10193-pres-ifop-le-figaro-29-mai.pdf,https://www.commission-des-sondages.fr/notices/files/notices/2026/mai/10193-pres-ifop-le-figaro-29-mai.pdf,https://fr.wikipedia.org/wiki/Liste_de_sondages_sur_l%27%C3%A9lection_pr%C3%A9sidentielle_fran%C3%A7aise_de_2027,primary,2026-10-09T14:35Z,sha256:021fcb3aea40138fe82ab29f7cc5d81c439b603a3a2415e0e7eb5a81f4041c52
ifop-2026-05-28-10193,ifop,LCI / Le Figaro / Sud Radio,2026-05-26,2026-05-28,2026-05-29,1501,online,registered,1,S6,melenchon,14.0,https://www.commission-des-sondages.fr/notices/files/notices/2026/mai/10193-pres-ifop-le-figaro-29-mai.pdf,https://www.commission-des-sondages.fr/notices/files/notices/2026/mai/10193-pres-ifop-le-figaro-29-mai.pdf,https://fr.wikipedia.org/wiki/Liste_de_sondages_sur_l%27%C3%A9lection_pr%C3%A9sidentielle_fran%C3%A7aise_de_2027,primary,2026-10-09T14:35Z,sha256:021fcb3aea40138fe82ab29f7cc5d81c439b603a3a2415e0e7eb5a81f4041c52
ifop-2026-05-28-10193,ifop,LCI / Le Figaro / Sud Radio,2026-05-26,2026-05-28,2026-05-29,1501,online,registered,1,S6,philippe,20.0,https://www.commission-des-sondages.fr/notices/files/notices/2026/mai/10193-pres-ifop-le-figaro-29-mai.pdf,https://www.commission-des-sondages.fr/notices/files/notices/2026/mai/10193-pres-ifop-le-figaro-29-mai.pdf,https://fr.wikipedia.org/wiki/Liste_de_sondages_sur_l%27%C3%A9lection_pr%C3%A9sidentielle_fran%C3%A7aise_de_2027,primary,2026-10-09T14:35Z,sha256:021fcb3aea40138fe82ab29f7cc5d81c439b603a3a2415e0e7eb5a81f4041c52
ifop-2026-05-28-10193,ifop,LCI / Le Figaro / Sud Radio,2026-05-26,2026-05-28,2026-05-29,1501,online,registered,1,S6,retailleau,9.0,https://www.commission-des-sondages.fr/notices/files/notices/2026/mai/10193-pres-ifop-le-figaro-29-mai.pdf,https://www.commission-des-sondages.fr/notices/files/notices/2026/mai/10193-pres-ifop-le-figaro-29-mai.pdf,https://fr.wikipedia.org/wiki/Liste_de_sondages_sur_l%27%C3%A9lection_pr%C3%A9sidentielle_fran%C3%A7aise_de_2027,primary,2026-10-09T14:35Z,sha256:021fcb3aea40138fe82ab29f7cc5d81c439b603a3a2415e0e7eb5a81f4041c52
ifop-2026-05-28-10193,ifop,LCI / Le Figaro / Sud Radio,2026-05-26,2026-05-28,2026-05-29,1501,online,registered,1,S6,roussel,4.0,https://www.commission-des-sondages.fr/notices/files/notices/2026/mai/10193-pres-ifop-le-figaro-29-mai.pdf,https://www.commission-des-sondages.fr/notices/files/notices/2026/mai/10193-pres-ifop-le-figaro-29-mai.pdf,https://fr.wikipedia.org/wiki/Liste_de_sondages_sur_l%27%C3%A9lection_pr%C3%A9sidentielle_fran%C3%A7aise_de_2027,primary,2026-10-09T14:35Z,sha256:021fcb3aea40138fe82ab29f7cc5d81c439b603a3a2415e0e7eb5a81f4041c52
ifop-2026-05-28-10193,ifop,LCI / Le Figaro / Sud Radio,2026-05-26,2026-05-28,2026-05-29,1501,online,registered,1,S6,tondelier,5.0,https://www.commission-des-sondages.fr/notices/files/notices/2026/mai/10193-pres-ifop-le-figaro-29-mai.pdf,https://www.commission-des-sondages.fr/notices/files/notices/2026/mai/10193-pres-ifop-le-figaro-29-mai.pdf,https://fr.wikipedia.org/wiki/Liste_de_sondages_sur_l%27%C3%A9lection_pr%C3%A9sidentielle_fran%C3%A7aise_de_2027,primary,2026-10-09T14:35Z,sha256:021fcb3aea40138fe82ab29f7cc5d81c439b603a3a2415e0e7eb5a81f4041c52
ifop-2026-05-28-10193,ifop,LCI / Le Figaro / Sud Radio,2026-05-26,2026-05-28,2026-05-29,1501,online,registered,1,S6,zemmour,4.0,https://www.commission-des-sondages.fr/notices/files/notices/2026/mai/10193-pres-ifop-le-figaro-29-mai.pdf,https://www.commission-des-sondages.fr/notices/files/notices/2026/mai/10193-pres-ifop-le-figaro-29-mai.pdf,https://fr.wikipedia.org/wiki/Liste_de_sondages_sur_l%27%C3%A9lection_pr%C3%A9sidentielle_fran%C3%A7aise_de_2027,primary,2026-10-09T14:35Z,sha256:021fcb3aea40138fe82ab29f7cc5d81c439b603a3a2415e0e7eb5a81f4041c52
ifop-2026-05-28-10193,ifop,LCI / Le Figaro / Sud Radio,2026-05-26,2026-05-28,2026-05-29,1501,online,registered,1,S7,arthaud,1.0,https://www.commission-des-sondages.fr/notices/files/notices/2026/mai/10193-pres-ifop-le-figaro-29-mai.pdf,https://www.commission-des-sondages.fr/notices/files/notices/2026/mai/10193-pres-ifop-le-figaro-29-mai.pdf,https://fr.wikipedia.org/wiki/Liste_de_sondages_sur_l%27%C3%A9lection_pr%C3%A9sidentielle_fran%C3%A7aise_de_2027,primary,2026-10-09T14:35Z,sha256:021fcb3aea40138fe82ab29f7cc5d81c439b603a3a2415e0e7eb5a81f4041c52
ifop-2026-05-28-10193,ifop,LCI / Le Figaro / Sud Radio,2026-05-26,2026-05-28,2026-05-29,1501,online,registered,1,S7,attal,18.5,https://www.commission-des-sondages.fr/notices/files/notices/2026/mai/10193-pres-ifop-le-figaro-29-mai.pdf,https://www.commission-des-sondages.fr/notices/files/notices/2026/mai/10193-pres-ifop-le-figaro-29-mai.pdf,https://fr.wikipedia.org/wiki/Liste_de_sondages_sur_l%27%C3%A9lection_pr%C3%A9sidentielle_fran%C3%A7aise_de_2027,primary,2026-10-09T14:35Z,sha256:021fcb3aea40138fe82ab29f7cc5d81c439b603a3a2415e0e7eb5a81f4041c52
ifop-2026-05-28-10193,ifop,LCI / Le Figaro / Sud Radio,2026-05-26,2026-05-28,2026-05-29,1501,online,registered,1,S7,bardella,35.0,https://www.commission-des-sondages.fr/notices/files/notices/2026/mai/10193-pres-ifop-le-figaro-29-mai.pdf,https://www.commission-des-sondages.fr/notices/files/notices/2026/mai/10193-pres-ifop-le-figaro-29-mai.pdf,https://fr.wikipedia.org/wiki/Liste_de_sondages_sur_l%27%C3%A9lection_pr%C3%A9sidentielle_fran%C3%A7aise_de_2027,primary,2026-10-09T14:35Z,sha256:021fcb3aea40138fe82ab29f7cc5d81c439b603a3a2415e0e7eb5a81f4041c52
ifop-2026-05-28-10193,ifop,LCI / Le Figaro / Sud Radio,2026-05-26,2026-05-28,2026-05-29,1501,online,registered,1,S7,dupont_aignan,2.0,https://www.commission-des-sondages.fr/notices/files/notices/2026/mai/10193-pres-ifop-le-figaro-29-mai.pdf,https://www.commission-des-sondages.fr/notices/files/notices/2026/mai/10193-pres-ifop-le-figaro-29-mai.pdf,https://fr.wikipedia.org/wiki/Liste_de_sondages_sur_l%27%C3%A9lection_pr%C3%A9sidentielle_fran%C3%A7aise_de_2027,primary,2026-10-09T14:35Z,sha256:021fcb3aea40138fe82ab29f7cc5d81c439b603a3a2415e0e7eb5a81f4041c52
ifop-2026-05-28-10193,ifop,LCI / Le Figaro / Sud Radio,2026-05-26,2026-05-28,2026-05-29,1501,online,registered,1,S7,hollande,8.0,https://www.commission-des-sondages.fr/notices/files/notices/2026/mai/10193-pres-ifop-le-figaro-29-mai.pdf,https://www.commission-des-sondages.fr/notices/files/notices/2026/mai/10193-pres-ifop-le-figaro-29-mai.pdf,https://fr.wikipedia.org/wiki/Liste_de_sondages_sur_l%27%C3%A9lection_pr%C3%A9sidentielle_fran%C3%A7aise_de_2027,primary,2026-10-09T14:35Z,sha256:021fcb3aea40138fe82ab29f7cc5d81c439b603a3a2415e0e7eb5a81f4041c52
ifop-2026-05-28-10193,ifop,LCI / Le Figaro / Sud Radio,2026-05-26,2026-05-28,2026-05-29,1501,online,registered,1,S7,melenchon,13.5,https://www.commission-des-sondages.fr/notices/files/notices/2026/mai/10193-pres-ifop-le-figaro-29-mai.pdf,https://www.commission-des-sondages.fr/notices/files/notices/2026/mai/10193-pres-ifop-le-figaro-29-mai.pdf,https://fr.wikipedia.org/wiki/Liste_de_sondages_sur_l%27%C3%A9lection_pr%C3%A9sidentielle_fran%C3%A7aise_de_2027,primary,2026-10-09T14:35Z,sha256:021fcb3aea40138fe82ab29f7cc5d81c439b603a3a2415e0e7eb5a81f4041c52
ifop-2026-05-28-10193,ifop,LCI / Le Figaro / Sud Radio,2026-05-26,2026-05-28,2026-05-29,1501,online,registered,1,S7,retailleau,10.0,https://www.commission-des-sondages.fr/notices/files/notices/2026/mai/10193-pres-ifop-le-figaro-29-mai.pdf,https://www.commission-des-sondages.fr/notices/files/notices/2026/mai/10193-pres-ifop-le-figaro-29-mai.pdf,https://fr.wikipedia.org/wiki/Liste_de_sondages_sur_l%27%C3%A9lection_pr%C3%A9sidentielle_fran%C3%A7aise_de_2027,primary,2026-10-09T14:35Z,sha256:021fcb3aea40138fe82ab29f7cc5d81c439b603a3a2415e0e7eb5a81f4041c52
ifop-2026-05-28-10193,ifop,LCI / Le Figaro / Sud Radio,2026-05-26,2026-05-28,2026-05-29,1501,online,registered,1,S7,roussel,3.5,https://www.commission-des-sondages.fr/notices/files/notices/2026/mai/10193-pres-ifop-le-figaro-29-mai.pdf,https://www.commission-des-sondages.fr/notices/files/notices/2026/mai/10193-pres-ifop-le-figaro-29-mai.pdf,https://fr.wikipedia.org/wiki/Liste_de_sondages_sur_l%27%C3%A9lection_pr%C3%A9sidentielle_fran%C3%A7aise_de_2027,primary,2026-10-09T14:35Z,sha256:021fcb3aea40138fe82ab29f7cc5d81c439b603a3a2415e0e7eb5a81f4041c52
ifop-2026-05-28-10193,ifop,LCI / Le Figaro / Sud Radio,2026-05-26,2026-05-28,2026-05-29,1501,online,registered,1,S7,tondelier,5.0,https://www.commission-des-sondages.fr/notices/files/notices/2026/mai/10193-pres-ifop-le-figaro-29-mai.pdf,https://www.commission-des-sondages.fr/notices/files/notices/2026/mai/10193-pres-ifop-le-figaro-29-mai.pdf,https://fr.wikipedia.org/wiki/Liste_de_sondages_sur_l%27%C3%A9lection_pr%C3%A9sidentielle_fran%C3%A7aise_de_2027,primary,2026-10-09T14:35Z,sha256:021fcb3aea40138fe82ab29f7cc5d81c439b603a3a2415e0e7eb5a81f4041c52
ifop-2026-05-28-10193,ifop,LCI / Le Figaro / Sud Radio,2026-05-26,2026-05-28,2026-05-29,1501,online,registered,1,S7,zemmour,3.5,https://www.commission-des-sondages.fr/notices/files/notices/2026/mai/10193-pres-ifop-le-figaro-29-mai.pdf,https://www.commission-des-sondages.fr/notices/files/notices/2026/mai/10193-pres-ifop-le-figaro-29-mai.pdf,https://fr.wikipedia.org/wiki/Liste_de_sondages_sur_l%27%C3%A9lection_pr%C3%A9sidentielle_fran%C3%A7aise_de_2027,primary,2026-10-09T14:35Z,sha256:021fcb3aea40138fe82ab29f7cc5d81c439b603a3a2415e0e7eb5a81f4041c52
ifop-2026-05-28-10193,ifop,LCI / Le Figaro / Sud Radio,2026-05-26,2026-05-28,2026-05-29,1501,online,registered,1,S8,arthaud,0.5,https://www.commission-des-sondages.fr/notices/files/notices/2026/mai/10193-pres-ifop-le-figaro-29-mai.pdf,https://www.commission-des-sondages.fr/notices/files/notices/2026/mai/10193-pres-ifop-le-figaro-29-mai.pdf,https://fr.wikipedia.org/wiki/Liste_de_sondages_sur_l%27%C3%A9lection_pr%C3%A9sidentielle_fran%C3%A7aise_de_2027,primary,2026-10-09T14:35Z,sha256:021fcb3aea40138fe82ab29f7cc5d81c439b603a3a2415e0e7eb5a81f4041c52
ifop-2026-05-28-10193,ifop,LCI / Le Figaro / Sud Radio,2026-05-26,2026-05-28,2026-05-29,1501,online,registered,1,S8,bardella,34.0,https://www.commission-des-sondages.fr/notices/files/notices/2026/mai/10193-pres-ifop-le-figaro-29-mai.pdf,https://www.commission-des-sondages.fr/notices/files/notices/2026/mai/10193-pres-ifop-le-figaro-29-mai.pdf,https://fr.wikipedia.org/wiki/Liste_de_sondages_sur_l%27%C3%A9lection_pr%C3%A9sidentielle_fran%C3%A7aise_de_2027,primary,2026-10-09T14:35Z,sha256:021fcb3aea40138fe82ab29f7cc5d81c439b603a3a2415e0e7eb5a81f4041c52
ifop-2026-05-28-10193,ifop,LCI / Le Figaro / Sud Radio,2026-05-26,2026-05-28,2026-05-29,1501,online,registered,1,S8,dupont_aignan,2.0,https://www.commission-des-sondages.fr/notices/files/notices/2026/mai/10193-pres-ifop-le-figaro-29-mai.pdf,https://www.commission-des-sondages.fr/notices/files/notices/2026/mai/10193-pres-ifop-le-figaro-29-mai.pdf,https://fr.wikipedia.org/wiki/Liste_de_sondages_sur_l%27%C3%A9lection_pr%C3%A9sidentielle_fran%C3%A7aise_de_2027,primary,2026-10-09T14:35Z,sha256:021fcb3aea40138fe82ab29f7cc5d81c439b603a3a2415e0e7eb5a81f4041c52
ifop-2026-05-28-10193,ifop,LCI / Le Figaro / Sud Radio,2026-05-26,2026-05-28,2026-05-29,1501,online,registered,1,S8,glucksmann,9.0,https://www.commission-des-sondages.fr/notices/files/notices/2026/mai/10193-pres-ifop-le-figaro-29-mai.pdf,https://www.commission-des-sondages.fr/notices/files/notices/2026/mai/10193-pres-ifop-le-figaro-29-mai.pdf,https://fr.wikipedia.org/wiki/Liste_de_sondages_sur_l%27%C3%A9lection_pr%C3%A9sidentielle_fran%C3%A7aise_de_2027,primary,2026-10-09T14:35Z,sha256:021fcb3aea40138fe82ab29f7cc5d81c439b603a3a2415e0e7eb5a81f4041c52
ifop-2026-05-28-10193,ifop,LCI / Le Figaro / Sud Radio,2026-05-26,2026-05-28,2026-05-29,1501,online,registered,1,S8,melenchon,12.5,https://www.commission-des-sondages.fr/notices/files/notices/2026/mai/10193-pres-ifop-le-figaro-29-mai.pdf,https://www.commission-des-sondages.fr/notices/files/notices/2026/mai/10193-pres-ifop-le-figaro-29-mai.pdf,https://fr.wikipedia.org/wiki/Liste_de_sondages_sur_l%27%C3%A9lection_pr%C3%A9sidentielle_fran%C3%A7aise_de_2027,primary,2026-10-09T14:35Z,sha256:021fcb3aea40138fe82ab29f7cc5d81c439b603a3a2415e0e7eb5a81f4041c52
ifop-2026-05-28-10193,ifop,LCI / Le Figaro / Sud Radio,2026-05-26,2026-05-28,2026-05-29,1501,online,registered,1,S8,philippe,20.0,https://www.commission-des-sondages.fr/notices/files/notices/2026/mai/10193-pres-ifop-le-figaro-29-mai.pdf,https://www.commission-des-sondages.fr/notices/files/notices/2026/mai/10193-pres-ifop-le-figaro-29-mai.pdf,https://fr.wikipedia.org/wiki/Liste_de_sondages_sur_l%27%C3%A9lection_pr%C3%A9sidentielle_fran%C3%A7aise_de_2027,primary,2026-10-09T14:35Z,sha256:021fcb3aea40138fe82ab29f7cc5d81c439b603a3a2415e0e7eb5a81f4041c52
ifop-2026-05-28-10193,ifop,LCI / Le Figaro / Sud Radio,2026-05-26,2026-05-28,2026-05-29,1501,online,registered,1,S8,retailleau,9.0,https://www.commission-des-sondages.fr/notices/files/notices/2026/mai/10193-pres-ifop-le-figaro-29-mai.pdf,https://www.commission-des-sondages.fr/notices/files/notices/2026/mai/10193-pres-ifop-le-figaro-29-mai.pdf,https://fr.wikipedia.org/wiki/Liste_de_sondages_sur_l%27%C3%A9lection_pr%C3%A9sidentielle_fran%C3%A7aise_de_2027,primary,2026-10-09T14:35Z,sha256:021fcb3aea40138fe82ab29f7cc5d81c439b603a3a2415e0e7eb5a81f4041c52
ifop-2026-05-28-10193,ifop,LCI / Le Figaro / Sud Radio,2026-05-26,2026-05-28,2026-05-29,1501,online,registered,1,S8,roussel,3.0,https://www.commission-des-sondages.fr/notices/files/notices/2026/mai/10193-pres-ifop-le-figaro-29-mai.pdf,https://www.commission-des-sondages.fr/notices/files/notices/2026/mai/10193-pres-ifop-le-figaro-29-mai.pdf,https://fr.wikipedia.org/wiki/Liste_de_sondages_sur_l%27%C3%A9lection_pr%C3%A9sidentielle_fran%C3%A7aise_de_2027,primary,2026-10-09T14:35Z,sha256:021fcb3aea40138fe82ab29f7cc5d81c439b603a3a2415e0e7eb5a81f4041c52
ifop-2026-05-28-10193,ifop,LCI / Le Figaro / Sud Radio,2026-05-26,2026-05-28,2026-05-29,1501,online,registered,1,S8,ruffin,3.0,https://www.commission-des-sondages.fr/notices/files/notices/2026/mai/10193-pres-ifop-le-figaro-29-mai.pdf,https://www.commission-des-sondages.fr/notices/files/notices/2026/mai/10193-pres-ifop-le-figaro-29-mai.pdf,https://fr.wikipedia.org/wiki/Liste_de_sondages_sur_l%27%C3%A9lection_pr%C3%A9sidentielle_fran%C3%A7aise_de_2027,primary,2026-10-09T14:35Z,sha256:021fcb3aea40138fe82ab29f7cc5d81c439b603a3a2415e0e7eb5a81f4041c52
ifop-2026-05-28-10193,ifop,LCI / Le Figaro / Sud Radio,2026-05-26,2026-05-28,2026-05-29,1501,online,registered,1,S8,tondelier,4.0,https://www.commission-des-sondages.fr/notices/files/notices/2026/mai/10193-pres-ifop-le-figaro-29-mai.pdf,https://www.commission-des-sondages.fr/notices/files/notices/2026/mai/10193-pres-ifop-le-figaro-29-mai.pdf,https://fr.wikipedia.org/wiki/Liste_de_sondages_sur_l%27%C3%A9lection_pr%C3%A9sidentielle_fran%C3%A7aise_de_2027,primary,2026-10-09T14:35Z,sha256:021fcb3aea40138fe82ab29f7cc5d81c439b603a3a2415e0e7eb5a81f4041c52
ifop-2026-05-28-10193,ifop,LCI / Le Figaro / Sud Radio,2026-05-26,2026-05-28,2026-05-29,1501,online,registered,1,S8,zemmour,3.0,https://www.commission-des-sondages.fr/notices/files/notices/2026/mai/10193-pres-ifop-le-figaro-29-mai.pdf,https://www.commission-des-sondages.fr/notices/files/notices/2026/mai/10193-pres-ifop-le-figaro-29-mai.pdf,https://fr.wikipedia.org/wiki/Liste_de_sondages_sur_l%27%C3%A9lection_pr%C3%A9sidentielle_fran%C3%A7aise_de_2027,primary,2026-10-09T14:35Z,sha256:021fcb3aea40138fe82ab29f7cc5d81c439b603a3a2415e0e7eb5a81f4041c52
ifop-2026-05-28-10193,ifop,LCI / Le Figaro / Sud Radio,2026-05-26,2026-05-28,2026-05-29,1501,online,registered,1,S9,arthaud,0.5,https://www.commission-des-sondages.fr/notices/files/notices/2026/mai/10193-pres-ifop-le-figaro-29-mai.pdf,https://www.commission-des-sondages.fr/notices/files/notices/2026/mai/10193-pres-ifop-le-figaro-29-mai.pdf,https://fr.wikipedia.org/wiki/Liste_de_sondages_sur_l%27%C3%A9lection_pr%C3%A9sidentielle_fran%C3%A7aise_de_2027,primary,2026-10-09T14:35Z,sha256:021fcb3aea40138fe82ab29f7cc5d81c439b603a3a2415e0e7eb5a81f4041c52
ifop-2026-05-28-10193,ifop,LCI / Le Figaro / Sud Radio,2026-05-26,2026-05-28,2026-05-29,1501,online,registered,1,S9,bardella,35.0,https://www.commission-des-sondages.fr/notices/files/notices/2026/mai/10193-pres-ifop-le-figaro-29-mai.pdf,https://www.commission-des-sondages.fr/notices/files/notices/2026/mai/10193-pres-ifop-le-figaro-29-mai.pdf,https://fr.wikipedia.org/wiki/Liste_de_sondages_sur_l%27%C3%A9lection_pr%C3%A9sidentielle_fran%C3%A7aise_de_2027,primary,2026-10-09T14:35Z,sha256:021fcb3aea40138fe82ab29f7cc5d81c439b603a3a2415e0e7eb5a81f4041c52
ifop-2026-05-28-10193,ifop,LCI / Le Figaro / Sud Radio,2026-05-26,2026-05-28,2026-05-29,1501,online,registered,1,S9,dupont_aignan,2.5,https://www.commission-des-sondages.fr/notices/files/notices/2026/mai/10193-pres-ifop-le-figaro-29-mai.pdf,https://www.commission-des-sondages.fr/notices/files/notices/2026/mai/10193-pres-ifop-le-figaro-29-mai.pdf,https://fr.wikipedia.org/wiki/Liste_de_sondages_sur_l%27%C3%A9lection_pr%C3%A9sidentielle_fran%C3%A7aise_de_2027,primary,2026-10-09T14:35Z,sha256:021fcb3aea40138fe82ab29f7cc5d81c439b603a3a2415e0e7eb5a81f4041c52
ifop-2026-05-28-10193,ifop,LCI / Le Figaro / Sud Radio,2026-05-26,2026-05-28,2026-05-29,1501,online,registered,1,S9,faure,4.0,https://www.commission-des-sondages.fr/notices/files/notices/2026/mai/10193-pres-ifop-le-figaro-29-mai.pdf,https://www.commission-des-sondages.fr/notices/files/notices/2026/mai/10193-pres-ifop-le-figaro-29-mai.pdf,https://fr.wikipedia.org/wiki/Liste_de_sondages_sur_l%27%C3%A9lection_pr%C3%A9sidentielle_fran%C3%A7aise_de_2027,primary,2026-10-09T14:35Z,sha256:021fcb3aea40138fe82ab29f7cc5d81c439b603a3a2415e0e7eb5a81f4041c52
ifop-2026-05-28-10193,ifop,LCI / Le Figaro / Sud Radio,2026-05-26,2026-05-28,2026-05-29,1501,online,registered,1,S9,melenchon,13.5,https://www.commission-des-sondages.fr/notices/files/notices/2026/mai/10193-pres-ifop-le-figaro-29-mai.pdf,https://www.commission-des-sondages.fr/notices/files/notices/2026/mai/10193-pres-ifop-le-figaro-29-mai.pdf,https://fr.wikipedia.org/wiki/Liste_de_sondages_sur_l%27%C3%A9lection_pr%C3%A9sidentielle_fran%C3%A7aise_de_2027,primary,2026-10-09T14:35Z,sha256:021fcb3aea40138fe82ab29f7cc5d81c439b603a3a2415e0e7eb5a81f4041c52
ifop-2026-05-28-10193,ifop,LCI / Le Figaro / Sud Radio,2026-05-26,2026-05-28,2026-05-29,1501,online,registered,1,S9,philippe,21.0,https://www.commission-des-sondages.fr/notices/files/notices/2026/mai/10193-pres-ifop-le-figaro-29-mai.pdf,https://www.commission-des-sondages.fr/notices/files/notices/2026/mai/10193-pres-ifop-le-figaro-29-mai.pdf,https://fr.wikipedia.org/wiki/Liste_de_sondages_sur_l%27%C3%A9lection_pr%C3%A9sidentielle_fran%C3%A7aise_de_2027,primary,2026-10-09T14:35Z,sha256:021fcb3aea40138fe82ab29f7cc5d81c439b603a3a2415e0e7eb5a81f4041c52
ifop-2026-05-28-10193,ifop,LCI / Le Figaro / Sud Radio,2026-05-26,2026-05-28,2026-05-29,1501,online,registered,1,S9,retailleau,10.0,https://www.commission-des-sondages.fr/notices/files/notices/2026/mai/10193-pres-ifop-le-figaro-29-mai.pdf,https://www.commission-des-sondages.fr/notices/files/notices/2026/mai/10193-pres-ifop-le-figaro-29-mai.pdf,https://fr.wikipedia.org/wiki/Liste_de_sondages_sur_l%27%C3%A9lection_pr%C3%A9sidentielle_fran%C3%A7aise_de_2027,primary,2026-10-09T14:35Z,sha256:021fcb3aea40138fe82ab29f7cc5d81c439b603a3a2415e0e7eb5a81f4041c52
ifop-2026-05-28-10193,ifop,LCI / Le Figaro / Sud Radio,2026-05-26,2026-05-28,2026-05-29,1501,online,registered,1,S9,roussel,6.0,https://www.commission-des-sondages.fr/notices/files/notices/2026/mai/10193-pres-ifop-le-figaro-29-mai.pdf,https://www.commission-des-sondages.fr/notices/files/notices/2026/mai/10193-pres-ifop-le-figaro-29-mai.pdf,https://fr.wikipedia.org/wiki/Liste_de_sondages_sur_l%27%C3%A9lection_pr%C3%A9sidentielle_fran%C3%A7aise_de_2027,primary,2026-10-09T14:35Z,sha256:021fcb3aea40138fe82ab29f7cc5d81c439b603a3a2415e0e7eb5a81f4041c52
ifop-2026-05-28-10193,ifop,LCI / Le Figaro / Sud Radio,2026-05-26,2026-05-28,2026-05-29,1501,online,registered,1,S9,tondelier,4.0,https://www.commission-des-sondages.fr/notices/files/notices/2026/mai/10193-pres-ifop-le-figaro-29-mai.pdf,https://www.commission-des-sondages.fr/notices/files/notices/2026/mai/10193-pres-ifop-le-figaro-29-mai.pdf,https://fr.wikipedia.org/wiki/Liste_de_sondages_sur_l%27%C3%A9lection_pr%C3%A9sidentielle_fran%C3%A7aise_de_2027,primary,2026-10-09T14:35Z,sha256:021fcb3aea40138fe82ab29f7cc5d81c439b603a3a2415e0e7eb5a81f4041c52
ifop-2026-05-28-10193,ifop,LCI / Le Figaro / Sud Radio,2026-05-26,2026-05-28,2026-05-29,1501,online,registered,1,S9,zemmour,3.5,https://www.commission-des-sondages.fr/notices/files/notices/2026/mai/10193-pres-ifop-le-figaro-29-mai.pdf,https://www.commission-des-sondages.fr/notices/files/notices/2026/mai/10193-pres-ifop-le-figaro-29-mai.pdf,https://fr.wikipedia.org/wiki/Liste_de_sondages_sur_l%27%C3%A9lection_pr%C3%A9sidentielle_fran%C3%A7aise_de_2027,primary,2026-10-09T14:35Z,sha256:021fcb3aea40138fe82ab29f7cc5d81c439b603a3a2415e0e7eb5a81f4041c52
toluna-harris-2026-05-27-10192,toluna-harris,M6 / RTL,2026-05-25,2026-05-27,2026-05-29,2068,online,registered,1,S1,arthaud,1.0,https://www.commission-des-sondages.fr/notices/files/notices/2026/mai/10192-pres-toluna-harris-interactive-29-mai.pdf,https://www.commission-des-sondages.fr/notices/files/notices/2026/mai/10192-pres-toluna-harris-interactive-29-mai.pdf,https://fr.wikipedia.org/wiki/Liste_de_sondages_sur_l%27%C3%A9lection_pr%C3%A9sidentielle_fran%C3%A7aise_de_2027,primary,2026-10-09T14:35Z,sha256:425afbbbeb8c8a97fb9ef936943c2759994c651fa0e5619a3835c2c797c4a36d
toluna-harris-2026-05-27-10192,toluna-harris,M6 / RTL,2026-05-25,2026-05-27,2026-05-29,2068,online,registered,1,S1,bardella,34.0,https://www.commission-des-sondages.fr/notices/files/notices/2026/mai/10192-pres-toluna-harris-interactive-29-mai.pdf,https://www.commission-des-sondages.fr/notices/files/notices/2026/mai/10192-pres-toluna-harris-interactive-29-mai.pdf,https://fr.wikipedia.org/wiki/Liste_de_sondages_sur_l%27%C3%A9lection_pr%C3%A9sidentielle_fran%C3%A7aise_de_2027,primary,2026-10-09T14:35Z,sha256:425afbbbeb8c8a97fb9ef936943c2759994c651fa0e5619a3835c2c797c4a36d
toluna-harris-2026-05-27-10192,toluna-harris,M6 / RTL,2026-05-25,2026-05-27,2026-05-29,2068,online,registered,1,S1,dupont_aignan,2.0,https://www.commission-des-sondages.fr/notices/files/notices/2026/mai/10192-pres-toluna-harris-interactive-29-mai.pdf,https://www.commission-des-sondages.fr/notices/files/notices/2026/mai/10192-pres-toluna-harris-interactive-29-mai.pdf,https://fr.wikipedia.org/wiki/Liste_de_sondages_sur_l%27%C3%A9lection_pr%C3%A9sidentielle_fran%C3%A7aise_de_2027,primary,2026-10-09T14:35Z,sha256:425afbbbeb8c8a97fb9ef936943c2759994c651fa0e5619a3835c2c797c4a36d
toluna-harris-2026-05-27-10192,toluna-harris,M6 / RTL,2026-05-25,2026-05-27,2026-05-29,2068,online,registered,1,S1,glucksmann,10.0,https://www.commission-des-sondages.fr/notices/files/notices/2026/mai/10192-pres-toluna-harris-interactive-29-mai.pdf,https://www.commission-des-sondages.fr/notices/files/notices/2026/mai/10192-pres-toluna-harris-interactive-29-mai.pdf,https://fr.wikipedia.org/wiki/Liste_de_sondages_sur_l%27%C3%A9lection_pr%C3%A9sidentielle_fran%C3%A7aise_de_2027,primary,2026-10-09T14:35Z,sha256:425afbbbeb8c8a97fb9ef936943c2759994c651fa0e5619a3835c2c797c4a36d
toluna-harris-2026-05-27-10192,toluna-harris,M6 / RTL,2026-05-25,2026-05-27,2026-05-29,2068,online,registered,1,S1,melenchon,15.0,https://www.commission-des-sondages.fr/notices/files/notices/2026/mai/10192-pres-toluna-harris-interactive-29-mai.pdf,https://www.commission-des-sondages.fr/notices/files/notices/2026/mai/10192-pres-toluna-harris-interactive-29-mai.pdf,https://fr.wikipedia.org/wiki/Liste_de_sondages_sur_l%27%C3%A9lection_pr%C3%A9sidentielle_fran%C3%A7aise_de_2027,primary,2026-10-09T14:35Z,sha256:425afbbbeb8c8a97fb9ef936943c2759994c651fa0e5619a3835c2c797c4a36d
toluna-harris-2026-05-27-10192,toluna-harris,M6 / RTL,2026-05-25,2026-05-27,2026-05-29,2068,online,registered,1,S1,philippe,17.0,https://www.commission-des-sondages.fr/notices/files/notices/2026/mai/10192-pres-toluna-harris-interactive-29-mai.pdf,https://www.commission-des-sondages.fr/notices/files/notices/2026/mai/10192-pres-toluna-harris-interactive-29-mai.pdf,https://fr.wikipedia.org/wiki/Liste_de_sondages_sur_l%27%C3%A9lection_pr%C3%A9sidentielle_fran%C3%A7aise_de_2027,primary,2026-10-09T14:35Z,sha256:425afbbbeb8c8a97fb9ef936943c2759994c651fa0e5619a3835c2c797c4a36d
toluna-harris-2026-05-27-10192,toluna-harris,M6 / RTL,2026-05-25,2026-05-27,2026-05-29,2068,online,registered,1,S1,retailleau,9.0,https://www.commission-des-sondages.fr/notices/files/notices/2026/mai/10192-pres-toluna-harris-interactive-29-mai.pdf,https://www.commission-des-sondages.fr/notices/files/notices/2026/mai/10192-pres-toluna-harris-interactive-29-mai.pdf,https://fr.wikipedia.org/wiki/Liste_de_sondages_sur_l%27%C3%A9lection_pr%C3%A9sidentielle_fran%C3%A7aise_de_2027,primary,2026-10-09T14:35Z,sha256:425afbbbeb8c8a97fb9ef936943c2759994c651fa0e5619a3835c2c797c4a36d
toluna-harris-2026-05-27-10192,toluna-harris,M6 / RTL,2026-05-25,2026-05-27,2026-05-29,2068,online,registered,1,S1,roussel,3.0,https://www.commission-des-sondages.fr/notices/files/notices/2026/mai/10192-pres-toluna-harris-interactive-29-mai.pdf,https://www.commission-des-sondages.fr/notices/files/notices/2026/mai/10192-pres-toluna-harris-interactive-29-mai.pdf,https://fr.wikipedia.org/wiki/Liste_de_sondages_sur_l%27%C3%A9lection_pr%C3%A9sidentielle_fran%C3%A7aise_de_2027,primary,2026-10-09T14:35Z,sha256:425afbbbeb8c8a97fb9ef936943c2759994c651fa0e5619a3835c2c797c4a36d
toluna-harris-2026-05-27-10192,toluna-harris,M6 / RTL,2026-05-25,2026-05-27,2026-05-29,2068,online,registered,1,S1,tondelier,3.0,https://www.commission-des-sondages.fr/notices/files/notices/2026/mai/10192-pres-toluna-harris-interactive-29-mai.pdf,https://www.commission-des-sondages.fr/notices/files/notices/2026/mai/10192-pres-toluna-harris-interactive-29-mai.pdf,https://fr.wikipedia.org/wiki/Liste_de_sondages_sur_l%27%C3%A9lection_pr%C3%A9sidentielle_fran%C3%A7aise_de_2027,primary,2026-10-09T14:35Z,sha256:425afbbbeb8c8a97fb9ef936943c2759994c651fa0e5619a3835c2c797c4a36d
toluna-harris-2026-05-27-10192,toluna-harris,M6 / RTL,2026-05-25,2026-05-27,2026-05-29,2068,online,registered,1,S1,zemmour,6.0,https://www.commission-des-sondages.fr/notices/files/notices/2026/mai/10192-pres-toluna-harris-interactive-29-mai.pdf,https://www.commission-des-sondages.fr/notices/files/notices/2026/mai/10192-pres-toluna-harris-interactive-29-mai.pdf,https://fr.wikipedia.org/wiki/Liste_de_sondages_sur_l%27%C3%A9lection_pr%C3%A9sidentielle_fran%C3%A7aise_de_2027,primary,2026-10-09T14:35Z,sha256:425afbbbeb8c8a97fb9ef936943c2759994c651fa0e5619a3835c2c797c4a36d
toluna-harris-2026-05-27-10192,toluna-harris,M6 / RTL,2026-05-25,2026-05-27,2026-05-29,2068,online,registered,1,S2,arthaud,1.0,https://www.commission-des-sondages.fr/notices/files/notices/2026/mai/10192-pres-toluna-harris-interactive-29-mai.pdf,https://www.commission-des-sondages.fr/notices/files/notices/2026/mai/10192-pres-toluna-harris-interactive-29-mai.pdf,https://fr.wikipedia.org/wiki/Liste_de_sondages_sur_l%27%C3%A9lection_pr%C3%A9sidentielle_fran%C3%A7aise_de_2027,primary,2026-10-09T14:35Z,sha256:425afbbbeb8c8a97fb9ef936943c2759994c651fa0e5619a3835c2c797c4a36d
toluna-harris-2026-05-27-10192,toluna-harris,M6 / RTL,2026-05-25,2026-05-27,2026-05-29,2068,online,registered,1,S2,attal,14.0,https://www.commission-des-sondages.fr/notices/files/notices/2026/mai/10192-pres-toluna-harris-interactive-29-mai.pdf,https://www.commission-des-sondages.fr/notices/files/notices/2026/mai/10192-pres-toluna-harris-interactive-29-mai.pdf,https://fr.wikipedia.org/wiki/Liste_de_sondages_sur_l%27%C3%A9lection_pr%C3%A9sidentielle_fran%C3%A7aise_de_2027,primary,2026-10-09T14:35Z,sha256:425afbbbeb8c8a97fb9ef936943c2759994c651fa0e5619a3835c2c797c4a36d
toluna-harris-2026-05-27-10192,toluna-harris,M6 / RTL,2026-05-25,2026-05-27,2026-05-29,2068,online,registered,1,S2,bardella,34.0,https://www.commission-des-sondages.fr/notices/files/notices/2026/mai/10192-pres-toluna-harris-interactive-29-mai.pdf,https://www.commission-des-sondages.fr/notices/files/notices/2026/mai/10192-pres-toluna-harris-interactive-29-mai.pdf,https://fr.wikipedia.org/wiki/Liste_de_sondages_sur_l%27%C3%A9lection_pr%C3%A9sidentielle_fran%C3%A7aise_de_2027,primary,2026-10-09T14:35Z,sha256:425afbbbeb8c8a97fb9ef936943c2759994c651fa0e5619a3835c2c797c4a36d
toluna-harris-2026-05-27-10192,toluna-harris,M6 / RTL,2026-05-25,2026-05-27,2026-05-29,2068,online,registered,1,S2,dupont_aignan,2.0,https://www.commission-des-sondages.fr/notices/files/notices/2026/mai/10192-pres-toluna-harris-interactive-29-mai.pdf,https://www.commission-des-sondages.fr/notices/files/notices/2026/mai/10192-pres-toluna-harris-interactive-29-mai.pdf,https://fr.wikipedia.org/wiki/Liste_de_sondages_sur_l%27%C3%A9lection_pr%C3%A9sidentielle_fran%C3%A7aise_de_2027,primary,2026-10-09T14:35Z,sha256:425afbbbeb8c8a97fb9ef936943c2759994c651fa0e5619a3835c2c797c4a36d
toluna-harris-2026-05-27-10192,toluna-harris,M6 / RTL,2026-05-25,2026-05-27,2026-05-29,2068,online,registered,1,S2,glucksmann,11.0,https://www.commission-des-sondages.fr/notices/files/notices/2026/mai/10192-pres-toluna-harris-interactive-29-mai.pdf,https://www.commission-des-sondages.fr/notices/files/notices/2026/mai/10192-pres-toluna-harris-interactive-29-mai.pdf,https://fr.wikipedia.org/wiki/Liste_de_sondages_sur_l%27%C3%A9lection_pr%C3%A9sidentielle_fran%C3%A7aise_de_2027,primary,2026-10-09T14:35Z,sha256:425afbbbeb8c8a97fb9ef936943c2759994c651fa0e5619a3835c2c797c4a36d
toluna-harris-2026-05-27-10192,toluna-harris,M6 / RTL,2026-05-25,2026-05-27,2026-05-29,2068,online,registered,1,S2,melenchon,15.0,https://www.commission-des-sondages.fr/notices/files/notices/2026/mai/10192-pres-toluna-harris-interactive-29-mai.pdf,https://www.commission-des-sondages.fr/notices/files/notices/2026/mai/10192-pres-toluna-harris-interactive-29-mai.pdf,https://fr.wikipedia.org/wiki/Liste_de_sondages_sur_l%27%C3%A9lection_pr%C3%A9sidentielle_fran%C3%A7aise_de_2027,primary,2026-10-09T14:35Z,sha256:425afbbbeb8c8a97fb9ef936943c2759994c651fa0e5619a3835c2c797c4a36d
toluna-harris-2026-05-27-10192,toluna-harris,M6 / RTL,2026-05-25,2026-05-27,2026-05-29,2068,online,registered,1,S2,retailleau,10.0,https://www.commission-des-sondages.fr/notices/files/notices/2026/mai/10192-pres-toluna-harris-interactive-29-mai.pdf,https://www.commission-des-sondages.fr/notices/files/notices/2026/mai/10192-pres-toluna-harris-interactive-29-mai.pdf,https://fr.wikipedia.org/wiki/Liste_de_sondages_sur_l%27%C3%A9lection_pr%C3%A9sidentielle_fran%C3%A7aise_de_2027,primary,2026-10-09T14:35Z,sha256:425afbbbeb8c8a97fb9ef936943c2759994c651fa0e5619a3835c2c797c4a36d
toluna-harris-2026-05-27-10192,toluna-harris,M6 / RTL,2026-05-25,2026-05-27,2026-05-29,2068,online,registered,1,S2,roussel,4.0,https://www.commission-des-sondages.fr/notices/files/notices/2026/mai/10192-pres-toluna-harris-interactive-29-mai.pdf,https://www.commission-des-sondages.fr/notices/files/notices/2026/mai/10192-pres-toluna-harris-interactive-29-mai.pdf,https://fr.wikipedia.org/wiki/Liste_de_sondages_sur_l%27%C3%A9lection_pr%C3%A9sidentielle_fran%C3%A7aise_de_2027,primary,2026-10-09T14:35Z,sha256:425afbbbeb8c8a97fb9ef936943c2759994c651fa0e5619a3835c2c797c4a36d
toluna-harris-2026-05-27-10192,toluna-harris,M6 / RTL,2026-05-25,2026-05-27,2026-05-29,2068,online,registered,1,S2,tondelier,3.0,https://www.commission-des-sondages.fr/notices/files/notices/2026/mai/10192-pres-toluna-harris-interactive-29-mai.pdf,https://www.commission-des-sondages.fr/notices/files/notices/2026/mai/10192-pres-toluna-harris-interactive-29-mai.pdf,https://fr.wikipedia.org/wiki/Liste_de_sondages_sur_l%27%C3%A9lection_pr%C3%A9sidentielle_fran%C3%A7aise_de_2027,primary,2026-10-09T14:35Z,sha256:425afbbbeb8c8a97fb9ef936943c2759994c651fa0e5619a3835c2c797c4a36d
toluna-harris-2026-05-27-10192,toluna-harris,M6 / RTL,2026-05-25,2026-05-27,2026-05-29,2068,online,registered,1,S2,zemmour,6.0,https://www.commission-des-sondages.fr/notices/files/notices/2026/mai/10192-pres-toluna-harris-interactive-29-mai.pdf,https://www.commission-des-sondages.fr/notices/files/notices/2026/mai/10192-pres-toluna-harris-interactive-29-mai.pdf,https://fr.wikipedia.org/wiki/Liste_de_sondages_sur_l%27%C3%A9lection_pr%C3%A9sidentielle_fran%C3%A7aise_de_2027,primary,2026-10-09T14:35Z,sha256:425afbbbeb8c8a97fb9ef936943c2759994c651fa0e5619a3835c2c797c4a36d
toluna-harris-2026-05-27-10192,toluna-harris,M6 / RTL,2026-05-25,2026-05-27,2026-05-29,2068,online,registered,1,S3,arthaud,1.0,https://www.commission-des-sondages.fr/notices/files/notices/2026/mai/10192-pres-toluna-harris-interactive-29-mai.pdf,https://www.commission-des-sondages.fr/notices/files/notices/2026/mai/10192-pres-toluna-harris-interactive-29-mai.pdf,https://fr.wikipedia.org/wiki/Liste_de_sondages_sur_l%27%C3%A9lection_pr%C3%A9sidentielle_fran%C3%A7aise_de_2027,primary,2026-10-09T14:35Z,sha256:425afbbbeb8c8a97fb9ef936943c2759994c651fa0e5619a3835c2c797c4a36d
toluna-harris-2026-05-27-10192,toluna-harris,M6 / RTL,2026-05-25,2026-05-27,2026-05-29,2068,online,registered,1,S3,dupont_aignan,2.0,https://www.commission-des-sondages.fr/notices/files/notices/2026/mai/10192-pres-toluna-harris-interactive-29-mai.pdf,https://www.commission-des-sondages.fr/notices/files/notices/2026/mai/10192-pres-toluna-harris-interactive-29-mai.pdf,https://fr.wikipedia.org/wiki/Liste_de_sondages_sur_l%27%C3%A9lection_pr%C3%A9sidentielle_fran%C3%A7aise_de_2027,primary,2026-10-09T14:35Z,sha256:425afbbbeb8c8a97fb9ef936943c2759994c651fa0e5619a3835c2c797c4a36d
toluna-harris-2026-05-27-10192,toluna-harris,M6 / RTL,2026-05-25,2026-05-27,2026-05-29,2068,online,registered,1,S3,glucksmann,11.0,https://www.commission-des-sondages.fr/notices/files/notices/2026/mai/10192-pres-toluna-harris-interactive-29-mai.pdf,https://www.commission-des-sondages.fr/notices/files/notices/2026/mai/10192-pres-toluna-harris-interactive-29-mai.pdf,https://fr.wikipedia.org/wiki/Liste_de_sondages_sur_l%27%C3%A9lection_pr%C3%A9sidentielle_fran%C3%A7aise_de_2027,primary,2026-10-09T14:35Z,sha256:425afbbbeb8c8a97fb9ef936943c2759994c651fa0e5619a3835c2c797c4a36d
toluna-harris-2026-05-27-10192,toluna-harris,M6 / RTL,2026-05-25,2026-05-27,2026-05-29,2068,online,registered,1,S3,le_pen,31.0,https://www.commission-des-sondages.fr/notices/files/notices/2026/mai/10192-pres-toluna-harris-interactive-29-mai.pdf,https://www.commission-des-sondages.fr/notices/files/notices/2026/mai/10192-pres-toluna-harris-interactive-29-mai.pdf,https://fr.wikipedia.org/wiki/Liste_de_sondages_sur_l%27%C3%A9lection_pr%C3%A9sidentielle_fran%C3%A7aise_de_2027,primary,2026-10-09T14:35Z,sha256:425afbbbeb8c8a97fb9ef936943c2759994c651fa0e5619a3835c2c797c4a36d
toluna-harris-2026-05-27-10192,toluna-harris,M6 / RTL,2026-05-25,2026-05-27,2026-05-29,2068,online,registered,1,S3,melenchon,14.0,https://www.commission-des-sondages.fr/notices/files/notices/2026/mai/10192-pres-toluna-harris-interactive-29-mai.pdf,https://www.commission-des-sondages.fr/notices/files/notices/2026/mai/10192-pres-toluna-harris-interactive-29-mai.pdf,https://fr.wikipedia.org/wiki/Liste_de_sondages_sur_l%27%C3%A9lection_pr%C3%A9sidentielle_fran%C3%A7aise_de_2027,primary,2026-10-09T14:35Z,sha256:425afbbbeb8c8a97fb9ef936943c2759994c651fa0e5619a3835c2c797c4a36d
toluna-harris-2026-05-27-10192,toluna-harris,M6 / RTL,2026-05-25,2026-05-27,2026-05-29,2068,online,registered,1,S3,philippe,19.0,https://www.commission-des-sondages.fr/notices/files/notices/2026/mai/10192-pres-toluna-harris-interactive-29-mai.pdf,https://www.commission-des-sondages.fr/notices/files/notices/2026/mai/10192-pres-toluna-harris-interactive-29-mai.pdf,https://fr.wikipedia.org/wiki/Liste_de_sondages_sur_l%27%C3%A9lection_pr%C3%A9sidentielle_fran%C3%A7aise_de_2027,primary,2026-10-09T14:35Z,sha256:425afbbbeb8c8a97fb9ef936943c2759994c651fa0e5619a3835c2c797c4a36d
toluna-harris-2026-05-27-10192,toluna-harris,M6 / RTL,2026-05-25,2026-05-27,2026-05-29,2068,online,registered,1,S3,retailleau,10.0,https://www.commission-des-sondages.fr/notices/files/notices/2026/mai/10192-pres-toluna-harris-interactive-29-mai.pdf,https://www.commission-des-sondages.fr/notices/files/notices/2026/mai/10192-pres-toluna-harris-interactive-29-mai.pdf,https://fr.wikipedia.org/wiki/Liste_de_sondages_sur_l%27%C3%A9lection_pr%C3%A9sidentielle_fran%C3%A7aise_de_2027,primary,2026-10-09T14:35Z,sha256:425afbbbeb8c8a97fb9ef936943c2759994c651fa0e5619a3835c2c797c4a36d
toluna-harris-2026-05-27-10192,toluna-harris,M6 / RTL,2026-05-25,2026-05-27,2026-05-29,2068,online,registered,1,S3,roussel,3.0,https://www.commission-des-sondages.fr/notices/files/notices/2026/mai/10192-pres-toluna-harris-interactive-29-mai.pdf,https://www.commission-des-sondages.fr/notices/files/notices/2026/mai/10192-pres-toluna-harris-interactive-29-mai.pdf,https://fr.wikipedia.org/wiki/Liste_de_sondages_sur_l%27%C3%A9lection_pr%C3%A9sidentielle_fran%C3%A7aise_de_2027,primary,2026-10-09T14:35Z,sha256:425afbbbeb8c8a97fb9ef936943c2759994c651fa0e5619a3835c2c797c4a36d
toluna-harris-2026-05-27-10192,toluna-harris,M6 / RTL,2026-05-25,2026-05-27,2026-05-29,2068,online,registered,1,S3,tondelier,3.0,https://www.commission-des-sondages.fr/notices/files/notices/2026/mai/10192-pres-toluna-harris-interactive-29-mai.pdf,https://www.commission-des-sondages.fr/notices/files/notices/2026/mai/10192-pres-toluna-harris-interactive-29-mai.pdf,https://fr.wikipedia.org/wiki/Liste_de_sondages_sur_l%27%C3%A9lection_pr%C3%A9sidentielle_fran%C3%A7aise_de_2027,primary,2026-10-09T14:35Z,sha256:425afbbbeb8c8a97fb9ef936943c2759994c651fa0e5619a3835c2c797c4a36d
toluna-harris-2026-05-27-10192,toluna-harris,M6 / RTL,2026-05-25,2026-05-27,2026-05-29,2068,online,registered,1,S3,zemmour,6.0,https://www.commission-des-sondages.fr/notices/files/notices/2026/mai/10192-pres-toluna-harris-interactive-29-mai.pdf,https://www.commission-des-sondages.fr/notices/files/notices/2026/mai/10192-pres-toluna-harris-interactive-29-mai.pdf,https://fr.wikipedia.org/wiki/Liste_de_sondages_sur_l%27%C3%A9lection_pr%C3%A9sidentielle_fran%C3%A7aise_de_2027,primary,2026-10-09T14:35Z,sha256:425afbbbeb8c8a97fb9ef936943c2759994c651fa0e5619a3835c2c797c4a36d
toluna-harris-2026-05-27-10192,toluna-harris,M6 / RTL,2026-05-25,2026-05-27,2026-05-29,2068,online,registered,1,S4,arthaud,1.0,https://www.commission-des-sondages.fr/notices/files/notices/2026/mai/10192-pres-toluna-harris-interactive-29-mai.pdf,https://www.commission-des-sondages.fr/notices/files/notices/2026/mai/10192-pres-toluna-harris-interactive-29-mai.pdf,https://fr.wikipedia.org/wiki/Liste_de_sondages_sur_l%27%C3%A9lection_pr%C3%A9sidentielle_fran%C3%A7aise_de_2027,primary,2026-10-09T14:35Z,sha256:425afbbbeb8c8a97fb9ef936943c2759994c651fa0e5619a3835c2c797c4a36d
toluna-harris-2026-05-27-10192,toluna-harris,M6 / RTL,2026-05-25,2026-05-27,2026-05-29,2068,online,registered,1,S4,attal,15.0,https://www.commission-des-sondages.fr/notices/files/notices/2026/mai/10192-pres-toluna-harris-interactive-29-mai.pdf,https://www.commission-des-sondages.fr/notices/files/notices/2026/mai/10192-pres-toluna-harris-interactive-29-mai.pdf,https://fr.wikipedia.org/wiki/Liste_de_sondages_sur_l%27%C3%A9lection_pr%C3%A9sidentielle_fran%C3%A7aise_de_2027,primary,2026-10-09T14:35Z,sha256:425afbbbeb8c8a97fb9ef936943c2759994c651fa0e5619a3835c2c797c4a36d
toluna-harris-2026-05-27-10192,toluna-harris,M6 / RTL,2026-05-25,2026-05-27,2026-05-29,2068,online,registered,1,S4,dupont_aignan,2.0,https://www.commission-des-sondages.fr/notices/files/notices/2026/mai/10192-pres-toluna-harris-interactive-29-mai.pdf,https://www.commission-des-sondages.fr/notices/files/notices/2026/mai/10192-pres-toluna-harris-interactive-29-mai.pdf,https://fr.wikipedia.org/wiki/Liste_de_sondages_sur_l%27%C3%A9lection_pr%C3%A9sidentielle_fran%C3%A7aise_de_2027,primary,2026-10-09T14:35Z,sha256:425afbbbeb8c8a97fb9ef936943c2759994c651fa0e5619a3835c2c797c4a36d
toluna-harris-2026-05-27-10192,toluna-harris,M6 / RTL,2026-05-25,2026-05-27,2026-05-29,2068,online,registered,1,S4,glucksmann,11.0,https://www.commission-des-sondages.fr/notices/files/notices/2026/mai/10192-pres-toluna-harris-interactive-29-mai.pdf,https://www.commission-des-sondages.fr/notices/files/notices/2026/mai/10192-pres-toluna-harris-interactive-29-mai.pdf,https://fr.wikipedia.org/wiki/Liste_de_sondages_sur_l%27%C3%A9lection_pr%C3%A9sidentielle_fran%C3%A7aise_de_2027,primary,2026-10-09T14:35Z,sha256:425afbbbeb8c8a97fb9ef936943c2759994c651fa0e5619a3835c2c797c4a36d
toluna-harris-2026-05-27-10192,toluna-harris,M6 / RTL,2026-05-25,2026-05-27,2026-05-29,2068,online,registered,1,S4,le_pen,32.0,https://www.commission-des-sondages.fr/notices/files/notices/2026/mai/10192-pres-toluna-harris-interactive-29-mai.pdf,https://www.commission-des-sondages.fr/notices/files/notices/2026/mai/10192-pres-toluna-harris-interactive-29-mai.pdf,https://fr.wikipedia.org/wiki/Liste_de_sondages_sur_l%27%C3%A9lection_pr%C3%A9sidentielle_fran%C3%A7aise_de_2027,primary,2026-10-09T14:35Z,sha256:425afbbbeb8c8a97fb9ef936943c2759994c651fa0e5619a3835c2c797c4a36d
toluna-harris-2026-05-27-10192,toluna-harris,M6 / RTL,2026-05-25,2026-05-27,2026-05-29,2068,online,registered,1,S4,melenchon,15.0,https://www.commission-des-sondages.fr/notices/files/notices/2026/mai/10192-pres-toluna-harris-interactive-29-mai.pdf,https://www.commission-des-sondages.fr/notices/files/notices/2026/mai/10192-pres-toluna-harris-interactive-29-mai.pdf,https://fr.wikipedia.org/wiki/Liste_de_sondages_sur_l%27%C3%A9lection_pr%C3%A9sidentielle_fran%C3%A7aise_de_2027,primary,2026-10-09T14:35Z,sha256:425afbbbeb8c8a97fb9ef936943c2759994c651fa0e5619a3835c2c797c4a36d
toluna-harris-2026-05-27-10192,toluna-harris,M6 / RTL,2026-05-25,2026-05-27,2026-05-29,2068,online,registered,1,S4,retailleau,11.0,https://www.commission-des-sondages.fr/notices/files/notices/2026/mai/10192-pres-toluna-harris-interactive-29-mai.pdf,https://www.commission-des-sondages.fr/notices/files/notices/2026/mai/10192-pres-toluna-harris-interactive-29-mai.pdf,https://fr.wikipedia.org/wiki/Liste_de_sondages_sur_l%27%C3%A9lection_pr%C3%A9sidentielle_fran%C3%A7aise_de_2027,primary,2026-10-09T14:35Z,sha256:425afbbbeb8c8a97fb9ef936943c2759994c651fa0e5619a3835c2c797c4a36d
toluna-harris-2026-05-27-10192,toluna-harris,M6 / RTL,2026-05-25,2026-05-27,2026-05-29,2068,online,registered,1,S4,roussel,4.0,https://www.commission-des-sondages.fr/notices/files/notices/2026/mai/10192-pres-toluna-harris-interactive-29-mai.pdf,https://www.commission-des-sondages.fr/notices/files/notices/2026/mai/10192-pres-toluna-harris-interactive-29-mai.pdf,https://fr.wikipedia.org/wiki/Liste_de_sondages_sur_l%27%C3%A9lection_pr%C3%A9sidentielle_fran%C3%A7aise_de_2027,primary,2026-10-09T14:35Z,sha256:425afbbbeb8c8a97fb9ef936943c2759994c651fa0e5619a3835c2c797c4a36d
toluna-harris-2026-05-27-10192,toluna-harris,M6 / RTL,2026-05-25,2026-05-27,2026-05-29,2068,online,registered,1,S4,tondelier,3.0,https://www.commission-des-sondages.fr/notices/files/notices/2026/mai/10192-pres-toluna-harris-interactive-29-mai.pdf,https://www.commission-des-sondages.fr/notices/files/notices/2026/mai/10192-pres-toluna-harris-interactive-29-mai.pdf,https://fr.wikipedia.org/wiki/Liste_de_sondages_sur_l%27%C3%A9lection_pr%C3%A9sidentielle_fran%C3%A7aise_de_2027,primary,2026-10-09T14:35Z,sha256:425afbbbeb8c8a97fb9ef936943c2759994c651fa0e5619a3835c2c797c4a36d
toluna-harris-2026-05-27-10192,toluna-harris,M6 / RTL,2026-05-25,2026-05-27,2026-05-29,2068,online,registered,1,S4,zemmour,6.0,https://www.commission-des-sondages.fr/notices/files/notices/2026/mai/10192-pres-toluna-harris-interactive-29-mai.pdf,https://www.commission-des-sondages.fr/notices/files/notices/2026/mai/10192-pres-toluna-harris-interactive-29-mai.pdf,https://fr.wikipedia.org/wiki/Liste_de_sondages_sur_l%27%C3%A9lection_pr%C3%A9sidentielle_fran%C3%A7aise_de_2027,primary,2026-10-09T14:35Z,sha256:425afbbbeb8c8a97fb9ef936943c2759994c651fa0e5619a3835c2c797c4a36d
toluna-harris-2026-05-27-10192,toluna-harris,M6 / RTL,2026-05-25,2026-05-27,2026-05-29,2068,online,registered,1,S5,arthaud,1.0,https://www.commission-des-sondages.fr/notices/files/notices/2026/mai/10192-pres-toluna-harris-interactive-29-mai.pdf,https://www.commission-des-sondages.fr/notices/files/notices/2026/mai/10192-pres-toluna-harris-interactive-29-mai.pdf,https://fr.wikipedia.org/wiki/Liste_de_sondages_sur_l%27%C3%A9lection_pr%C3%A9sidentielle_fran%C3%A7aise_de_2027,primary,2026-10-09T14:35Z,sha256:425afbbbeb8c8a97fb9ef936943c2759994c651fa0e5619a3835c2c797c4a36d
toluna-harris-2026-05-27-10192,toluna-harris,M6 / RTL,2026-05-25,2026-05-27,2026-05-29,2068,online,registered,1,S5,attal,9.0,https://www.commission-des-sondages.fr/notices/files/notices/2026/mai/10192-pres-toluna-harris-interactive-29-mai.pdf,https://www.commission-des-sondages.fr/notices/files/notices/2026/mai/10192-pres-toluna-harris-interactive-29-mai.pdf,https://fr.wikipedia.org/wiki/Liste_de_sondages_sur_l%27%C3%A9lection_pr%C3%A9sidentielle_fran%C3%A7aise_de_2027,primary,2026-10-09T14:35Z,sha256:425afbbbeb8c8a97fb9ef936943c2759994c651fa0e5619a3835c2c797c4a36d
toluna-harris-2026-05-27-10192,toluna-harris,M6 / RTL,2026-05-25,2026-05-27,2026-05-29,2068,online,registered,1,S5,bardella,32.0,https://www.commission-des-sondages.fr/notices/files/notices/2026/mai/10192-pres-toluna-harris-interactive-29-mai.pdf,https://www.commission-des-sondages.fr/notices/files/notices/2026/mai/10192-pres-toluna-harris-interactive-29-mai.pdf,https://fr.wikipedia.org/wiki/Liste_de_sondages_sur_l%27%C3%A9lection_pr%C3%A9sidentielle_fran%C3%A7aise_de_2027,primary,2026-10-09T14:35Z,sha256:425afbbbeb8c8a97fb9ef936943c2759994c651fa0e5619a3835c2c797c4a36d
toluna-harris-2026-05-27-10192,toluna-harris,M6 / RTL,2026-05-25,2026-05-27,2026-05-29,2068,online,registered,1,S5,dupont_aignan,2.0,https://www.commission-des-sondages.fr/notices/files/notices/2026/mai/10192-pres-toluna-harris-interactive-29-mai.pdf,https://www.commission-des-sondages.fr/notices/files/notices/2026/mai/10192-pres-toluna-harris-interactive-29-mai.pdf,https://fr.wikipedia.org/wiki/Liste_de_sondages_sur_l%27%C3%A9lection_pr%C3%A9sidentielle_fran%C3%A7aise_de_2027,primary,2026-10-09T14:35Z,sha256:425afbbbeb8c8a97fb9ef936943c2759994c651fa0e5619a3835c2c797c4a36d
toluna-harris-2026-05-27-10192,toluna-harris,M6 / RTL,2026-05-25,2026-05-27,2026-05-29,2068,online,registered,1,S5,glucksmann,10.0,https://www.commission-des-sondages.fr/notices/files/notices/2026/mai/10192-pres-toluna-harris-interactive-29-mai.pdf,https://www.commission-des-sondages.fr/notices/files/notices/2026/mai/10192-pres-toluna-harris-interactive-29-mai.pdf,https://fr.wikipedia.org/wiki/Liste_de_sondages_sur_l%27%C3%A9lection_pr%C3%A9sidentielle_fran%C3%A7aise_de_2027,primary,2026-10-09T14:35Z,sha256:425afbbbeb8c8a97fb9ef936943c2759994c651fa0e5619a3835c2c797c4a36d
toluna-harris-2026-05-27-10192,toluna-harris,M6 / RTL,2026-05-25,2026-05-27,2026-05-29,2068,online,registered,1,S5,melenchon,14.0,https://www.commission-des-sondages.fr/notices/files/notices/2026/mai/10192-pres-toluna-harris-interactive-29-mai.pdf,https://www.commission-des-sondages.fr/notices/files/notices/2026/mai/10192-pres-toluna-harris-interactive-29-mai.pdf,https://fr.wikipedia.org/wiki/Liste_de_sondages_sur_l%27%C3%A9lection_pr%C3%A9sidentielle_fran%C3%A7aise_de_2027,primary,2026-10-09T14:35Z,sha256:425afbbbeb8c8a97fb9ef936943c2759994c651fa0e5619a3835c2c797c4a36d
toluna-harris-2026-05-27-10192,toluna-harris,M6 / RTL,2026-05-25,2026-05-27,2026-05-29,2068,online,registered,1,S5,philippe,13.0,https://www.commission-des-sondages.fr/notices/files/notices/2026/mai/10192-pres-toluna-harris-interactive-29-mai.pdf,https://www.commission-des-sondages.fr/notices/files/notices/2026/mai/10192-pres-toluna-harris-interactive-29-mai.pdf,https://fr.wikipedia.org/wiki/Liste_de_sondages_sur_l%27%C3%A9lection_pr%C3%A9sidentielle_fran%C3%A7aise_de_2027,primary,2026-10-09T14:35Z,sha256:425afbbbeb8c8a97fb9ef936943c2759994c651fa0e5619a3835c2c797c4a36d
toluna-harris-2026-05-27-10192,toluna-harris,M6 / RTL,2026-05-25,2026-05-27,2026-05-29,2068,online,registered,1,S5,retailleau,8.0,https://www.commission-des-sondages.fr/notices/files/notices/2026/mai/10192-pres-toluna-harris-interactive-29-mai.pdf,https://www.commission-des-sondages.fr/notices/files/notices/2026/mai/10192-pres-toluna-harris-interactive-29-mai.pdf,https://fr.wikipedia.org/wiki/Liste_de_sondages_sur_l%27%C3%A9lection_pr%C3%A9sidentielle_fran%C3%A7aise_de_2027,primary,2026-10-09T14:35Z,sha256:425afbbbeb8c8a97fb9ef936943c2759994c651fa0e5619a3835c2c797c4a36d
toluna-harris-2026-05-27-10192,toluna-harris,M6 / RTL,2026-05-25,2026-05-27,2026-05-29,2068,online,registered,1,S5,roussel,3.0,https://www.commission-des-sondages.fr/notices/files/notices/2026/mai/10192-pres-toluna-harris-interactive-29-mai.pdf,https://www.commission-des-sondages.fr/notices/files/notices/2026/mai/10192-pres-toluna-harris-interactive-29-mai.pdf,https://fr.wikipedia.org/wiki/Liste_de_sondages_sur_l%27%C3%A9lection_pr%C3%A9sidentielle_fran%C3%A7aise_de_2027,primary,2026-10-09T14:35Z,sha256:425afbbbeb8c8a97fb9ef936943c2759994c651fa0e5619a3835c2c797c4a36d
toluna-harris-2026-05-27-10192,toluna-harris,M6 / RTL,2026-05-25,2026-05-27,2026-05-29,2068,online,registered,1,S5,tondelier,3.0,https://www.commission-des-sondages.fr/notices/files/notices/2026/mai/10192-pres-toluna-harris-interactive-29-mai.pdf,https://www.commission-des-sondages.fr/notices/files/notices/2026/mai/10192-pres-toluna-harris-interactive-29-mai.pdf,https://fr.wikipedia.org/wiki/Liste_de_sondages_sur_l%27%C3%A9lection_pr%C3%A9sidentielle_fran%C3%A7aise_de_2027,primary,2026-10-09T14:35Z,sha256:425afbbbeb8c8a97fb9ef936943c2759994c651fa0e5619a3835c2c797c4a36d
toluna-harris-2026-05-27-10192,toluna-harris,M6 / RTL,2026-05-25,2026-05-27,2026-05-29,2068,online,registered,1,S5,zemmour,5.0,https://www.commission-des-sondages.fr/notices/files/notices/2026/mai/10192-pres-toluna-harris-interactive-29-mai.pdf,https://www.commission-des-sondages.fr/notices/files/notices/2026/mai/10192-pres-toluna-harris-interactive-29-mai.pdf,https://fr.wikipedia.org/wiki/Liste_de_sondages_sur_l%27%C3%A9lection_pr%C3%A9sidentielle_fran%C3%A7aise_de_2027,primary,2026-10-09T14:35Z,sha256:425afbbbeb8c8a97fb9ef936943c2759994c651fa0e5619a3835c2c797c4a36d
toluna-harris-2026-05-27-10192,toluna-harris,M6 / RTL,2026-05-25,2026-05-27,2026-05-29,2068,online,registered,2,H1,attal,46.0,https://www.commission-des-sondages.fr/notices/files/notices/2026/mai/10192-pres-toluna-harris-interactive-29-mai.pdf,https://www.commission-des-sondages.fr/notices/files/notices/2026/mai/10192-pres-toluna-harris-interactive-29-mai.pdf,https://fr.wikipedia.org/wiki/Liste_de_sondages_sur_l%27%C3%A9lection_pr%C3%A9sidentielle_fran%C3%A7aise_de_2027,primary,2026-10-09T14:35Z,sha256:425afbbbeb8c8a97fb9ef936943c2759994c651fa0e5619a3835c2c797c4a36d
toluna-harris-2026-05-27-10192,toluna-harris,M6 / RTL,2026-05-25,2026-05-27,2026-05-29,2068,online,registered,2,H1,le_pen,54.0,https://www.commission-des-sondages.fr/notices/files/notices/2026/mai/10192-pres-toluna-harris-interactive-29-mai.pdf,https://www.commission-des-sondages.fr/notices/files/notices/2026/mai/10192-pres-toluna-harris-interactive-29-mai.pdf,https://fr.wikipedia.org/wiki/Liste_de_sondages_sur_l%27%C3%A9lection_pr%C3%A9sidentielle_fran%C3%A7aise_de_2027,primary,2026-10-09T14:35Z,sha256:425afbbbeb8c8a97fb9ef936943c2759994c651fa0e5619a3835c2c797c4a36d
toluna-harris-2026-05-27-10192,toluna-harris,M6 / RTL,2026-05-25,2026-05-27,2026-05-29,2068,online,registered,2,H2,le_pen,67.0,https://www.commission-des-sondages.fr/notices/files/notices/2026/mai/10192-pres-toluna-harris-interactive-29-mai.pdf,https://www.commission-des-sondages.fr/notices/files/notices/2026/mai/10192-pres-toluna-harris-interactive-29-mai.pdf,https://fr.wikipedia.org/wiki/Liste_de_sondages_sur_l%27%C3%A9lection_pr%C3%A9sidentielle_fran%C3%A7aise_de_2027,primary,2026-10-09T14:35Z,sha256:425afbbbeb8c8a97fb9ef936943c2759994c651fa0e5619a3835c2c797c4a36d
toluna-harris-2026-05-27-10192,toluna-harris,M6 / RTL,2026-05-25,2026-05-27,2026-05-29,2068,online,registered,2,H2,melenchon,33.0,https://www.commission-des-sondages.fr/notices/files/notices/2026/mai/10192-pres-toluna-harris-interactive-29-mai.pdf,https://www.commission-des-sondages.fr/notices/files/notices/2026/mai/10192-pres-toluna-harris-interactive-29-mai.pdf,https://fr.wikipedia.org/wiki/Liste_de_sondages_sur_l%27%C3%A9lection_pr%C3%A9sidentielle_fran%C3%A7aise_de_2027,primary,2026-10-09T14:35Z,sha256:425afbbbeb8c8a97fb9ef936943c2759994c651fa0e5619a3835c2c797c4a36d
toluna-harris-2026-05-27-10192,toluna-harris,M6 / RTL,2026-05-25,2026-05-27,2026-05-29,2068,online,registered,2,H3,le_pen,52.0,https://www.commission-des-sondages.fr/notices/files/notices/2026/mai/10192-pres-toluna-harris-interactive-29-mai.pdf,https://www.commission-des-sondages.fr/notices/files/notices/2026/mai/10192-pres-toluna-harris-interactive-29-mai.pdf,https://fr.wikipedia.org/wiki/Liste_de_sondages_sur_l%27%C3%A9lection_pr%C3%A9sidentielle_fran%C3%A7aise_de_2027,primary,2026-10-09T14:35Z,sha256:425afbbbeb8c8a97fb9ef936943c2759994c651fa0e5619a3835c2c797c4a36d
toluna-harris-2026-05-27-10192,toluna-harris,M6 / RTL,2026-05-25,2026-05-27,2026-05-29,2068,online,registered,2,H3,philippe,48.0,https://www.commission-des-sondages.fr/notices/files/notices/2026/mai/10192-pres-toluna-harris-interactive-29-mai.pdf,https://www.commission-des-sondages.fr/notices/files/notices/2026/mai/10192-pres-toluna-harris-interactive-29-mai.pdf,https://fr.wikipedia.org/wiki/Liste_de_sondages_sur_l%27%C3%A9lection_pr%C3%A9sidentielle_fran%C3%A7aise_de_2027,primary,2026-10-09T14:35Z,sha256:425afbbbeb8c8a97fb9ef936943c2759994c651fa0e5619a3835c2c797c4a36d
toluna-harris-2026-05-27-10192,toluna-harris,M6 / RTL,2026-05-25,2026-05-27,2026-05-29,2068,online,registered,2,H4,attal,43.0,https://www.commission-des-sondages.fr/notices/files/notices/2026/mai/10192-pres-toluna-harris-interactive-29-mai.pdf,https://www.commission-des-sondages.fr/notices/files/notices/2026/mai/10192-pres-toluna-harris-interactive-29-mai.pdf,https://fr.wikipedia.org/wiki/Liste_de_sondages_sur_l%27%C3%A9lection_pr%C3%A9sidentielle_fran%C3%A7aise_de_2027,primary,2026-10-09T14:35Z,sha256:425afbbbeb8c8a97fb9ef936943c2759994c651fa0e5619a3835c2c797c4a36d
toluna-harris-2026-05-27-10192,toluna-harris,M6 / RTL,2026-05-25,2026-05-27,2026-05-29,2068,online,registered,2,H4,bardella,57.0,https://www.commission-des-sondages.fr/notices/files/notices/2026/mai/10192-pres-toluna-harris-interactive-29-mai.pdf,https://www.commission-des-sondages.fr/notices/files/notices/2026/mai/10192-pres-toluna-harris-interactive-29-mai.pdf,https://fr.wikipedia.org/wiki/Liste_de_sondages_sur_l%27%C3%A9lection_pr%C3%A9sidentielle_fran%C3%A7aise_de_2027,primary,2026-10-09T14:35Z,sha256:425afbbbeb8c8a97fb9ef936943c2759994c651fa0e5619a3835c2c797c4a36d
toluna-harris-2026-05-27-10192,toluna-harris,M6 / RTL,2026-05-25,2026-05-27,2026-05-29,2068,online,registered,2,H5,bardella,68.0,https://www.commission-des-sondages.fr/notices/files/notices/2026/mai/10192-pres-toluna-harris-interactive-29-mai.pdf,https://www.commission-des-sondages.fr/notices/files/notices/2026/mai/10192-pres-toluna-harris-interactive-29-mai.pdf,https://fr.wikipedia.org/wiki/Liste_de_sondages_sur_l%27%C3%A9lection_pr%C3%A9sidentielle_fran%C3%A7aise_de_2027,primary,2026-10-09T14:35Z,sha256:425afbbbeb8c8a97fb9ef936943c2759994c651fa0e5619a3835c2c797c4a36d
toluna-harris-2026-05-27-10192,toluna-harris,M6 / RTL,2026-05-25,2026-05-27,2026-05-29,2068,online,registered,2,H5,melenchon,32.0,https://www.commission-des-sondages.fr/notices/files/notices/2026/mai/10192-pres-toluna-harris-interactive-29-mai.pdf,https://www.commission-des-sondages.fr/notices/files/notices/2026/mai/10192-pres-toluna-harris-interactive-29-mai.pdf,https://fr.wikipedia.org/wiki/Liste_de_sondages_sur_l%27%C3%A9lection_pr%C3%A9sidentielle_fran%C3%A7aise_de_2027,primary,2026-10-09T14:35Z,sha256:425afbbbeb8c8a97fb9ef936943c2759994c651fa0e5619a3835c2c797c4a36d
toluna-harris-2026-05-27-10192,toluna-harris,M6 / RTL,2026-05-25,2026-05-27,2026-05-29,2068,online,registered,2,H6,bardella,54.0,https://www.commission-des-sondages.fr/notices/files/notices/2026/mai/10192-pres-toluna-harris-interactive-29-mai.pdf,https://www.commission-des-sondages.fr/notices/files/notices/2026/mai/10192-pres-toluna-harris-interactive-29-mai.pdf,https://fr.wikipedia.org/wiki/Liste_de_sondages_sur_l%27%C3%A9lection_pr%C3%A9sidentielle_fran%C3%A7aise_de_2027,primary,2026-10-09T14:35Z,sha256:425afbbbeb8c8a97fb9ef936943c2759994c651fa0e5619a3835c2c797c4a36d
toluna-harris-2026-05-27-10192,toluna-harris,M6 / RTL,2026-05-25,2026-05-27,2026-05-29,2068,online,registered,2,H6,philippe,46.0,https://www.commission-des-sondages.fr/notices/files/notices/2026/mai/10192-pres-toluna-harris-interactive-29-mai.pdf,https://www.commission-des-sondages.fr/notices/files/notices/2026/mai/10192-pres-toluna-harris-interactive-29-mai.pdf,https://fr.wikipedia.org/wiki/Liste_de_sondages_sur_l%27%C3%A9lection_pr%C3%A9sidentielle_fran%C3%A7aise_de_2027,primary,2026-10-09T14:35Z,sha256:425afbbbeb8c8a97fb9ef936943c2759994c651fa0e5619a3835c2c797c4a36d
ipsos-bva-2026-05-28-10195,ipsos-bva,Le Parisien,2026-05-27,2026-05-28,2026-06-01,1500,online,likely,1,S1,arthaud,1.0,https://www.commission-des-sondages.fr/notices/files/notices/2026/juin/10195-pres-ipsos-bva-le-parisien-1er-juin.pdf,https://www.commission-des-sondages.fr/notices/files/notices/2026/juin/10195-pres-ipsos-bva-le-parisien-1er-juin.pdf,https://fr.wikipedia.org/wiki/Liste_de_sondages_sur_l%27%C3%A9lection_pr%C3%A9sidentielle_fran%C3%A7aise_de_2027,primary,2026-10-09T14:35Z,sha256:194126f56e6fb6a00289f1a077d6b07e18d1de29c20648e7b044b5e554fae2ed
ipsos-bva-2026-05-28-10195,ipsos-bva,Le Parisien,2026-05-27,2026-05-28,2026-06-01,1500,online,likely,1,S1,attal,8.5,https://www.commission-des-sondages.fr/notices/files/notices/2026/juin/10195-pres-ipsos-bva-le-parisien-1er-juin.pdf,https://www.commission-des-sondages.fr/notices/files/notices/2026/juin/10195-pres-ipsos-bva-le-parisien-1er-juin.pdf,https://fr.wikipedia.org/wiki/Liste_de_sondages_sur_l%27%C3%A9lection_pr%C3%A9sidentielle_fran%C3%A7aise_de_2027,primary,2026-10-09T14:35Z,sha256:194126f56e6fb6a00289f1a077d6b07e18d1de29c20648e7b044b5e554fae2ed
ipsos-bva-2026-05-28-10195,ipsos-bva,Le Parisien,2026-05-27,2026-05-28,2026-06-01,1500,online,likely,1,S1,bardella,33.5,https://www.commission-des-sondages.fr/notices/files/notices/2026/juin/10195-pres-ipsos-bva-le-parisien-1er-juin.pdf,https://www.commission-des-sondages.fr/notices/files/notices/2026/juin/10195-pres-ipsos-bva-le-parisien-1er-juin.pdf,https://fr.wikipedia.org/wiki/Liste_de_sondages_sur_l%27%C3%A9lection_pr%C3%A9sidentielle_fran%C3%A7aise_de_2027,primary,2026-10-09T14:35Z,sha256:194126f56e6fb6a00289f1a077d6b07e18d1de29c20648e7b044b5e554fae2ed
ipsos-bva-2026-05-28-10195,ipsos-bva,Le Parisien,2026-05-27,2026-05-28,2026-06-01,1500,online,likely,1,S1,dupont_aignan,1.5,https://www.commission-des-sondages.fr/notices/files/notices/2026/juin/10195-pres-ipsos-bva-le-parisien-1er-juin.pdf,https://www.commission-des-sondages.fr/notices/files/notices/2026/juin/10195-pres-ipsos-bva-le-parisien-1er-juin.pdf,https://fr.wikipedia.org/wiki/Liste_de_sondages_sur_l%27%C3%A9lection_pr%C3%A9sidentielle_fran%C3%A7aise_de_2027,primary,2026-10-09T14:35Z,sha256:194126f56e6fb6a00289f1a077d6b07e18d1de29c20648e7b044b5e554fae2ed
ipsos-bva-2026-05-28-10195,ipsos-bva,Le Parisien,2026-05-27,2026-05-28,2026-06-01,1500,online,likely,1,S1,glucksmann,11.0,https://www.commission-des-sondages.fr/notices/files/notices/2026/juin/10195-pres-ipsos-bva-le-parisien-1er-juin.pdf,https://www.commission-des-sondages.fr/notices/files/notices/2026/juin/10195-pres-ipsos-bva-le-parisien-1er-juin.pdf,https://fr.wikipedia.org/wiki/Liste_de_sondages_sur_l%27%C3%A9lection_pr%C3%A9sidentielle_fran%C3%A7aise_de_2027,primary,2026-10-09T14:35Z,sha256:194126f56e6fb6a00289f1a077d6b07e18d1de29c20648e7b044b5e554fae2ed
ipsos-bva-2026-05-28-10195,ipsos-bva,Le Parisien,2026-05-27,2026-05-28,2026-06-01,1500,online,likely,1,S1,melenchon,13.0,https://www.commission-des-sondages.fr/notices/files/notices/2026/juin/10195-pres-ipsos-bva-le-parisien-1er-juin.pdf,https://www.commission-des-sondages.fr/notices/files/notices/2026/juin/10195-pres-ipsos-bva-le-parisien-1er-juin.pdf,https://fr.wikipedia.org/wiki/Liste_de_sondages_sur_l%27%C3%A9lection_pr%C3%A9sidentielle_fran%C3%A7aise_de_2027,primary,2026-10-09T14:35Z,sha256:194126f56e6fb6a00289f1a077d6b07e18d1de29c20648e7b044b5e554fae2ed
ipsos-bva-2026-05-28-10195,ipsos-bva,Le Parisien,2026-05-27,2026-05-28,2026-06-01,1500,online,likely,1,S1,philippe,13.0,https://www.commission-des-sondages.fr/notices/files/notices/2026/juin/10195-pres-ipsos-bva-le-parisien-1er-juin.pdf,https://www.commission-des-sondages.fr/notices/files/notices/2026/juin/10195-pres-ipsos-bva-le-parisien-1er-juin.pdf,https://fr.wikipedia.org/wiki/Liste_de_sondages_sur_l%27%C3%A9lection_pr%C3%A9sidentielle_fran%C3%A7aise_de_2027,primary,2026-10-09T14:35Z,sha256:194126f56e6fb6a00289f1a077d6b07e18d1de29c20648e7b044b5e554fae2ed
ipsos-bva-2026-05-28-10195,ipsos-bva,Le Parisien,2026-05-27,2026-05-28,2026-06-01,1500,online,likely,1,S1,retailleau,7.5,https://www.commission-des-sondages.fr/notices/files/notices/2026/juin/10195-pres-ipsos-bva-le-parisien-1er-juin.pdf,https://www.commission-des-sondages.fr/notices/files/notices/2026/juin/10195-pres-ipsos-bva-le-parisien-1er-juin.pdf,https://fr.wikipedia.org/wiki/Liste_de_sondages_sur_l%27%C3%A9lection_pr%C3%A9sidentielle_fran%C3%A7aise_de_2027,primary,2026-10-09T14:35Z,sha256:194126f56e6fb6a00289f1a077d6b07e18d1de29c20648e7b044b5e554fae2ed
ipsos-bva-2026-05-28-10195,ipsos-bva,Le Parisien,2026-05-27,2026-05-28,2026-06-01,1500,online,likely,1,S1,roussel,3.0,https://www.commission-des-sondages.fr/notices/files/notices/2026/juin/10195-pres-ipsos-bva-le-parisien-1er-juin.pdf,https://www.commission-des-sondages.fr/notices/files/notices/2026/juin/10195-pres-ipsos-bva-le-parisien-1er-juin.pdf,https://fr.wikipedia.org/wiki/Liste_de_sondages_sur_l%27%C3%A9lection_pr%C3%A9sidentielle_fran%C3%A7aise_de_2027,primary,2026-10-09T14:35Z,sha256:194126f56e6fb6a00289f1a077d6b07e18d1de29c20648e7b044b5e554fae2ed
ipsos-bva-2026-05-28-10195,ipsos-bva,Le Parisien,2026-05-27,2026-05-28,2026-06-01,1500,online,likely,1,S1,tondelier,4.0,https://www.commission-des-sondages.fr/notices/files/notices/2026/juin/10195-pres-ipsos-bva-le-parisien-1er-juin.pdf,https://www.commission-des-sondages.fr/notices/files/notices/2026/juin/10195-pres-ipsos-bva-le-parisien-1er-juin.pdf,https://fr.wikipedia.org/wiki/Liste_de_sondages_sur_l%27%C3%A9lection_pr%C3%A9sidentielle_fran%C3%A7aise_de_2027,primary,2026-10-09T14:35Z,sha256:194126f56e6fb6a00289f1a077d6b07e18d1de29c20648e7b044b5e554fae2ed
ipsos-bva-2026-05-28-10195,ipsos-bva,Le Parisien,2026-05-27,2026-05-28,2026-06-01,1500,online,likely,1,S1,zemmour,4.0,https://www.commission-des-sondages.fr/notices/files/notices/2026/juin/10195-pres-ipsos-bva-le-parisien-1er-juin.pdf,https://www.commission-des-sondages.fr/notices/files/notices/2026/juin/10195-pres-ipsos-bva-le-parisien-1er-juin.pdf,https://fr.wikipedia.org/wiki/Liste_de_sondages_sur_l%27%C3%A9lection_pr%C3%A9sidentielle_fran%C3%A7aise_de_2027,primary,2026-10-09T14:35Z,sha256:194126f56e6fb6a00289f1a077d6b07e18d1de29c20648e7b044b5e554fae2ed
ipsos-bva-2026-05-28-10195,ipsos-bva,Le Parisien,2026-05-27,2026-05-28,2026-06-01,1500,online,likely,1,S2,arthaud,1.0,https://www.commission-des-sondages.fr/notices/files/notices/2026/juin/10195-pres-ipsos-bva-le-parisien-1er-juin.pdf,https://www.commission-des-sondages.fr/notices/files/notices/2026/juin/10195-pres-ipsos-bva-le-parisien-1er-juin.pdf,https://fr.wikipedia.org/wiki/Liste_de_sondages_sur_l%27%C3%A9lection_pr%C3%A9sidentielle_fran%C3%A7aise_de_2027,primary,2026-10-09T14:35Z,sha256:194126f56e6fb6a00289f1a077d6b07e18d1de29c20648e7b044b5e554fae2ed
ipsos-bva-2026-05-28-10195,ipsos-bva,Le Parisien,2026-05-27,2026-05-28,2026-06-01,1500,online,likely,1,S2,attal,8.5,https://www.commission-des-sondages.fr/notices/files/notices/2026/juin/10195-pres-ipsos-bva-le-parisien-1er-juin.pdf,https://www.commission-des-sondages.fr/notices/files/notices/2026/juin/10195-pres-ipsos-bva-le-parisien-1er-juin.pdf,https://fr.wikipedia.org/wiki/Liste_de_sondages_sur_l%27%C3%A9lection_pr%C3%A9sidentielle_fran%C3%A7aise_de_2027,primary,2026-10-09T14:35Z,sha256:194126f56e6fb6a00289f1a077d6b07e18d1de29c20648e7b044b5e554fae2ed
ipsos-bva-2026-05-28-10195,ipsos-bva,Le Parisien,2026-05-27,2026-05-28,2026-06-01,1500,online,likely,1,S2,dupont_aignan,1.5,https://www.commission-des-sondages.fr/notices/files/notices/2026/juin/10195-pres-ipsos-bva-le-parisien-1er-juin.pdf,https://www.commission-des-sondages.fr/notices/files/notices/2026/juin/10195-pres-ipsos-bva-le-parisien-1er-juin.pdf,https://fr.wikipedia.org/wiki/Liste_de_sondages_sur_l%27%C3%A9lection_pr%C3%A9sidentielle_fran%C3%A7aise_de_2027,primary,2026-10-09T14:35Z,sha256:194126f56e6fb6a00289f1a077d6b07e18d1de29c20648e7b044b5e554fae2ed
ipsos-bva-2026-05-28-10195,ipsos-bva,Le Parisien,2026-05-27,2026-05-28,2026-06-01,1500,online,likely,1,S2,glucksmann,11.0,https://www.commission-des-sondages.fr/notices/files/notices/2026/juin/10195-pres-ipsos-bva-le-parisien-1er-juin.pdf,https://www.commission-des-sondages.fr/notices/files/notices/2026/juin/10195-pres-ipsos-bva-le-parisien-1er-juin.pdf,https://fr.wikipedia.org/wiki/Liste_de_sondages_sur_l%27%C3%A9lection_pr%C3%A9sidentielle_fran%C3%A7aise_de_2027,primary,2026-10-09T14:35Z,sha256:194126f56e6fb6a00289f1a077d6b07e18d1de29c20648e7b044b5e554fae2ed
ipsos-bva-2026-05-28-10195,ipsos-bva,Le Parisien,2026-05-27,2026-05-28,2026-06-01,1500,online,likely,1,S2,le_pen,31.0,https://www.commission-des-sondages.fr/notices/files/notices/2026/juin/10195-pres-ipsos-bva-le-parisien-1er-juin.pdf,https://www.commission-des-sondages.fr/notices/files/notices/2026/juin/10195-pres-ipsos-bva-le-parisien-1er-juin.pdf,https://fr.wikipedia.org/wiki/Liste_de_sondages_sur_l%27%C3%A9lection_pr%C3%A9sidentielle_fran%C3%A7aise_de_2027,primary,2026-10-09T14:35Z,sha256:194126f56e6fb6a00289f1a077d6b07e18d1de29c20648e7b044b5e554fae2ed
ipsos-bva-2026-05-28-10195,ipsos-bva,Le Parisien,2026-05-27,2026-05-28,2026-06-01,1500,online,likely,1,S2,melenchon,13.0,https://www.commission-des-sondages.fr/notices/files/notices/2026/juin/10195-pres-ipsos-bva-le-parisien-1er-juin.pdf,https://www.commission-des-sondages.fr/notices/files/notices/2026/juin/10195-pres-ipsos-bva-le-parisien-1er-juin.pdf,https://fr.wikipedia.org/wiki/Liste_de_sondages_sur_l%27%C3%A9lection_pr%C3%A9sidentielle_fran%C3%A7aise_de_2027,primary,2026-10-09T14:35Z,sha256:194126f56e6fb6a00289f1a077d6b07e18d1de29c20648e7b044b5e554fae2ed
ipsos-bva-2026-05-28-10195,ipsos-bva,Le Parisien,2026-05-27,2026-05-28,2026-06-01,1500,online,likely,1,S2,philippe,14.0,https://www.commission-des-sondages.fr/notices/files/notices/2026/juin/10195-pres-ipsos-bva-le-parisien-1er-juin.pdf,https://www.commission-des-sondages.fr/notices/files/notices/2026/juin/10195-pres-ipsos-bva-le-parisien-1er-juin.pdf,https://fr.wikipedia.org/wiki/Liste_de_sondages_sur_l%27%C3%A9lection_pr%C3%A9sidentielle_fran%C3%A7aise_de_2027,primary,2026-10-09T14:35Z,sha256:194126f56e6fb6a00289f1a077d6b07e18d1de29c20648e7b044b5e554fae2ed
ipsos-bva-2026-05-28-10195,ipsos-bva,Le Parisien,2026-05-27,2026-05-28,2026-06-01,1500,online,likely,1,S2,retailleau,8.5,https://www.commission-des-sondages.fr/notices/files/notices/2026/juin/10195-pres-ipsos-bva-le-parisien-1er-juin.pdf,https://www.commission-des-sondages.fr/notices/files/notices/2026/juin/10195-pres-ipsos-bva-le-parisien-1er-juin.pdf,https://fr.wikipedia.org/wiki/Liste_de_sondages_sur_l%27%C3%A9lection_pr%C3%A9sidentielle_fran%C3%A7aise_de_2027,primary,2026-10-09T14:35Z,sha256:194126f56e6fb6a00289f1a077d6b07e18d1de29c20648e7b044b5e554fae2ed
ipsos-bva-2026-05-28-10195,ipsos-bva,Le Parisien,2026-05-27,2026-05-28,2026-06-01,1500,online,likely,1,S2,roussel,3.0,https://www.commission-des-sondages.fr/notices/files/notices/2026/juin/10195-pres-ipsos-bva-le-parisien-1er-juin.pdf,https://www.commission-des-sondages.fr/notices/files/notices/2026/juin/10195-pres-ipsos-bva-le-parisien-1er-juin.pdf,https://fr.wikipedia.org/wiki/Liste_de_sondages_sur_l%27%C3%A9lection_pr%C3%A9sidentielle_fran%C3%A7aise_de_2027,primary,2026-10-09T14:35Z,sha256:194126f56e6fb6a00289f1a077d6b07e18d1de29c20648e7b044b5e554fae2ed
ipsos-bva-2026-05-28-10195,ipsos-bva,Le Parisien,2026-05-27,2026-05-28,2026-06-01,1500,online,likely,1,S2,tondelier,4.0,https://www.commission-des-sondages.fr/notices/files/notices/2026/juin/10195-pres-ipsos-bva-le-parisien-1er-juin.pdf,https://www.commission-des-sondages.fr/notices/files/notices/2026/juin/10195-pres-ipsos-bva-le-parisien-1er-juin.pdf,https://fr.wikipedia.org/wiki/Liste_de_sondages_sur_l%27%C3%A9lection_pr%C3%A9sidentielle_fran%C3%A7aise_de_2027,primary,2026-10-09T14:35Z,sha256:194126f56e6fb6a00289f1a077d6b07e18d1de29c20648e7b044b5e554fae2ed
ipsos-bva-2026-05-28-10195,ipsos-bva,Le Parisien,2026-05-27,2026-05-28,2026-06-01,1500,online,likely,1,S2,zemmour,4.5,https://www.commission-des-sondages.fr/notices/files/notices/2026/juin/10195-pres-ipsos-bva-le-parisien-1er-juin.pdf,https://www.commission-des-sondages.fr/notices/files/notices/2026/juin/10195-pres-ipsos-bva-le-parisien-1er-juin.pdf,https://fr.wikipedia.org/wiki/Liste_de_sondages_sur_l%27%C3%A9lection_pr%C3%A9sidentielle_fran%C3%A7aise_de_2027,primary,2026-10-09T14:35Z,sha256:194126f56e6fb6a00289f1a077d6b07e18d1de29c20648e7b044b5e554fae2ed
ipsos-bva-2026-05-28-10195,ipsos-bva,Le Parisien,2026-05-27,2026-05-28,2026-06-01,1500,online,likely,1,S3,arthaud,1.0,https://www.commission-des-sondages.fr/notices/files/notices/2026/juin/10195-pres-ipsos-bva-le-parisien-1er-juin.pdf,https://www.commission-des-sondages.fr/notices/files/notices/2026/juin/10195-pres-ipsos-bva-le-parisien-1er-juin.pdf,https://fr.wikipedia.org/wiki/Liste_de_sondages_sur_l%27%C3%A9lection_pr%C3%A9sidentielle_fran%C3%A7aise_de_2027,primary,2026-10-09T14:35Z,sha256:194126f56e6fb6a00289f1a077d6b07e18d1de29c20648e7b044b5e554fae2ed
ipsos-bva-2026-05-28-10195,ipsos-bva,Le Parisien,2026-05-27,2026-05-28,2026-06-01,1500,online,likely,1,S3,attal,9.5,https://www.commission-des-sondages.fr/notices/files/notices/2026/juin/10195-pres-ipsos-bva-le-parisien-1er-juin.pdf,https://www.commission-des-sondages.fr/notices/files/notices/2026/juin/10195-pres-ipsos-bva-le-parisien-1er-juin.pdf,https://fr.wikipedia.org/wiki/Liste_de_sondages_sur_l%27%C3%A9lection_pr%C3%A9sidentielle_fran%C3%A7aise_de_2027,primary,2026-10-09T14:35Z,sha256:194126f56e6fb6a00289f1a077d6b07e18d1de29c20648e7b044b5e554fae2ed
ipsos-bva-2026-05-28-10195,ipsos-bva,Le Parisien,2026-05-27,2026-05-28,2026-06-01,1500,online,likely,1,S3,bardella,34.0,https://www.commission-des-sondages.fr/notices/files/notices/2026/juin/10195-pres-ipsos-bva-le-parisien-1er-juin.pdf,https://www.commission-des-sondages.fr/notices/files/notices/2026/juin/10195-pres-ipsos-bva-le-parisien-1er-juin.pdf,https://fr.wikipedia.org/wiki/Liste_de_sondages_sur_l%27%C3%A9lection_pr%C3%A9sidentielle_fran%C3%A7aise_de_2027,primary,2026-10-09T14:35Z,sha256:194126f56e6fb6a00289f1a077d6b07e18d1de29c20648e7b044b5e554fae2ed
ipsos-bva-2026-05-28-10195,ipsos-bva,Le Parisien,2026-05-27,2026-05-28,2026-06-01,1500,online,likely,1,S3,dupont_aignan,1.5,https://www.commission-des-sondages.fr/notices/files/notices/2026/juin/10195-pres-ipsos-bva-le-parisien-1er-juin.pdf,https://www.commission-des-sondages.fr/notices/files/notices/2026/juin/10195-pres-ipsos-bva-le-parisien-1er-juin.pdf,https://fr.wikipedia.org/wiki/Liste_de_sondages_sur_l%27%C3%A9lection_pr%C3%A9sidentielle_fran%C3%A7aise_de_2027,primary,2026-10-09T14:35Z,sha256:194126f56e6fb6a00289f1a077d6b07e18d1de29c20648e7b044b5e554fae2ed
ipsos-bva-2026-05-28-10195,ipsos-bva,Le Parisien,2026-05-27,2026-05-28,2026-06-01,1500,online,likely,1,S3,hollande,7.0,https://www.commission-des-sondages.fr/notices/files/notices/2026/juin/10195-pres-ipsos-bva-le-parisien-1er-juin.pdf,https://www.commission-des-sondages.fr/notices/files/notices/2026/juin/10195-pres-ipsos-bva-le-parisien-1er-juin.pdf,https://fr.wikipedia.org/wiki/Liste_de_sondages_sur_l%27%C3%A9lection_pr%C3%A9sidentielle_fran%C3%A7aise_de_2027,primary,2026-10-09T14:35Z,sha256:194126f56e6fb6a00289f1a077d6b07e18d1de29c20648e7b044b5e554fae2ed
ipsos-bva-2026-05-28-10195,ipsos-bva,Le Parisien,2026-05-27,2026-05-28,2026-06-01,1500,online,likely,1,S3,melenchon,13.5,https://www.commission-des-sondages.fr/notices/files/notices/2026/juin/10195-pres-ipsos-bva-le-parisien-1er-juin.pdf,https://www.commission-des-sondages.fr/notices/files/notices/2026/juin/10195-pres-ipsos-bva-le-parisien-1er-juin.pdf,https://fr.wikipedia.org/wiki/Liste_de_sondages_sur_l%27%C3%A9lection_pr%C3%A9sidentielle_fran%C3%A7aise_de_2027,primary,2026-10-09T14:35Z,sha256:194126f56e6fb6a00289f1a077d6b07e18d1de29c20648e7b044b5e554fae2ed
ipsos-bva-2026-05-28-10195,ipsos-bva,Le Parisien,2026-05-27,2026-05-28,2026-06-01,1500,online,likely,1,S3,philippe,13.5,https://www.commission-des-sondages.fr/notices/files/notices/2026/juin/10195-pres-ipsos-bva-le-parisien-1er-juin.pdf,https://www.commission-des-sondages.fr/notices/files/notices/2026/juin/10195-pres-ipsos-bva-le-parisien-1er-juin.pdf,https://fr.wikipedia.org/wiki/Liste_de_sondages_sur_l%27%C3%A9lection_pr%C3%A9sidentielle_fran%C3%A7aise_de_2027,primary,2026-10-09T14:35Z,sha256:194126f56e6fb6a00289f1a077d6b07e18d1de29c20648e7b044b5e554fae2ed
ipsos-bva-2026-05-28-10195,ipsos-bva,Le Parisien,2026-05-27,2026-05-28,2026-06-01,1500,online,likely,1,S3,retailleau,8.0,https://www.commission-des-sondages.fr/notices/files/notices/2026/juin/10195-pres-ipsos-bva-le-parisien-1er-juin.pdf,https://www.commission-des-sondages.fr/notices/files/notices/2026/juin/10195-pres-ipsos-bva-le-parisien-1er-juin.pdf,https://fr.wikipedia.org/wiki/Liste_de_sondages_sur_l%27%C3%A9lection_pr%C3%A9sidentielle_fran%C3%A7aise_de_2027,primary,2026-10-09T14:35Z,sha256:194126f56e6fb6a00289f1a077d6b07e18d1de29c20648e7b044b5e554fae2ed
ipsos-bva-2026-05-28-10195,ipsos-bva,Le Parisien,2026-05-27,2026-05-28,2026-06-01,1500,online,likely,1,S3,roussel,4.0,https://www.commission-des-sondages.fr/notices/files/notices/2026/juin/10195-pres-ipsos-bva-le-parisien-1er-juin.pdf,https://www.commission-des-sondages.fr/notices/files/notices/2026/juin/10195-pres-ipsos-bva-le-parisien-1er-juin.pdf,https://fr.wikipedia.org/wiki/Liste_de_sondages_sur_l%27%C3%A9lection_pr%C3%A9sidentielle_fran%C3%A7aise_de_2027,primary,2026-10-09T14:35Z,sha256:194126f56e6fb6a00289f1a077d6b07e18d1de29c20648e7b044b5e554fae2ed
ipsos-bva-2026-05-28-10195,ipsos-bva,Le Parisien,2026-05-27,2026-05-28,2026-06-01,1500,online,likely,1,S3,tondelier,4.0,https://www.commission-des-sondages.fr/notices/files/notices/2026/juin/10195-pres-ipsos-bva-le-parisien-1er-juin.pdf,https://www.commission-des-sondages.fr/notices/files/notices/2026/juin/10195-pres-ipsos-bva-le-parisien-1er-juin.pdf,https://fr.wikipedia.org/wiki/Liste_de_sondages_sur_l%27%C3%A9lection_pr%C3%A9sidentielle_fran%C3%A7aise_de_2027,primary,2026-10-09T14:35Z,sha256:194126f56e6fb6a00289f1a077d6b07e18d1de29c20648e7b044b5e554fae2ed
ipsos-bva-2026-05-28-10195,ipsos-bva,Le Parisien,2026-05-27,2026-05-28,2026-06-01,1500,online,likely,1,S3,zemmour,4.0,https://www.commission-des-sondages.fr/notices/files/notices/2026/juin/10195-pres-ipsos-bva-le-parisien-1er-juin.pdf,https://www.commission-des-sondages.fr/notices/files/notices/2026/juin/10195-pres-ipsos-bva-le-parisien-1er-juin.pdf,https://fr.wikipedia.org/wiki/Liste_de_sondages_sur_l%27%C3%A9lection_pr%C3%A9sidentielle_fran%C3%A7aise_de_2027,primary,2026-10-09T14:35Z,sha256:194126f56e6fb6a00289f1a077d6b07e18d1de29c20648e7b044b5e554fae2ed
ipsos-bva-2026-05-28-10195,ipsos-bva,Le Parisien,2026-05-27,2026-05-28,2026-06-01,1500,online,likely,1,S4,arthaud,1.0,https://www.commission-des-sondages.fr/notices/files/notices/2026/juin/10195-pres-ipsos-bva-le-parisien-1er-juin.pdf,https://www.commission-des-sondages.fr/notices/files/notices/2026/juin/10195-pres-ipsos-bva-le-parisien-1er-juin.pdf,https://fr.wikipedia.org/wiki/Liste_de_sondages_sur_l%27%C3%A9lection_pr%C3%A9sidentielle_fran%C3%A7aise_de_2027,primary,2026-10-09T14:35Z,sha256:194126f56e6fb6a00289f1a077d6b07e18d1de29c20648e7b044b5e554fae2ed
ipsos-bva-2026-05-28-10195,ipsos-bva,Le Parisien,2026-05-27,2026-05-28,2026-06-01,1500,online,likely,1,S4,attal,9.5,https://www.commission-des-sondages.fr/notices/files/notices/2026/juin/10195-pres-ipsos-bva-le-parisien-1er-juin.pdf,https://www.commission-des-sondages.fr/notices/files/notices/2026/juin/10195-pres-ipsos-bva-le-parisien-1er-juin.pdf,https://fr.wikipedia.org/wiki/Liste_de_sondages_sur_l%27%C3%A9lection_pr%C3%A9sidentielle_fran%C3%A7aise_de_2027,primary,2026-10-09T14:35Z,sha256:194126f56e6fb6a00289f1a077d6b07e18d1de29c20648e7b044b5e554fae2ed
ipsos-bva-2026-05-28-10195,ipsos-bva,Le Parisien,2026-05-27,2026-05-28,2026-06-01,1500,online,likely,1,S4,dupont_aignan,1.5,https://www.commission-des-sondages.fr/notices/files/notices/2026/juin/10195-pres-ipsos-bva-le-parisien-1er-juin.pdf,https://www.commission-des-sondages.fr/notices/files/notices/2026/juin/10195-pres-ipsos-bva-le-parisien-1er-juin.pdf,https://fr.wikipedia.org/wiki/Liste_de_sondages_sur_l%27%C3%A9lection_pr%C3%A9sidentielle_fran%C3%A7aise_de_2027,primary,2026-10-09T14:35Z,sha256:194126f56e6fb6a00289f1a077d6b07e18d1de29c20648e7b044b5e554fae2ed
ipsos-bva-2026-05-28-10195,ipsos-bva,Le Parisien,2026-05-27,2026-05-28,2026-06-01,1500,online,likely,1,S4,hollande,7.0,https://www.commission-des-sondages.fr/notices/files/notices/2026/juin/10195-pres-ipsos-bva-le-parisien-1er-juin.pdf,https://www.commission-des-sondages.fr/notices/files/notices/2026/juin/10195-pres-ipsos-bva-le-parisien-1er-juin.pdf,https://fr.wikipedia.org/wiki/Liste_de_sondages_sur_l%27%C3%A9lection_pr%C3%A9sidentielle_fran%C3%A7aise_de_2027,primary,2026-10-09T14:35Z,sha256:194126f56e6fb6a00289f1a077d6b07e18d1de29c20648e7b044b5e554fae2ed
ipsos-bva-2026-05-28-10195,ipsos-bva,Le Parisien,2026-05-27,2026-05-28,2026-06-01,1500,online,likely,1,S4,le_pen,32.0,https://www.commission-des-sondages.fr/notices/files/notices/2026/juin/10195-pres-ipsos-bva-le-parisien-1er-juin.pdf,https://www.commission-des-sondages.fr/notices/files/notices/2026/juin/10195-pres-ipsos-bva-le-parisien-1er-juin.pdf,https://fr.wikipedia.org/wiki/Liste_de_sondages_sur_l%27%C3%A9lection_pr%C3%A9sidentielle_fran%C3%A7aise_de_2027,primary,2026-10-09T14:35Z,sha256:194126f56e6fb6a00289f1a077d6b07e18d1de29c20648e7b044b5e554fae2ed
ipsos-bva-2026-05-28-10195,ipsos-bva,Le Parisien,2026-05-27,2026-05-28,2026-06-01,1500,online,likely,1,S4,melenchon,13.5,https://www.commission-des-sondages.fr/notices/files/notices/2026/juin/10195-pres-ipsos-bva-le-parisien-1er-juin.pdf,https://www.commission-des-sondages.fr/notices/files/notices/2026/juin/10195-pres-ipsos-bva-le-parisien-1er-juin.pdf,https://fr.wikipedia.org/wiki/Liste_de_sondages_sur_l%27%C3%A9lection_pr%C3%A9sidentielle_fran%C3%A7aise_de_2027,primary,2026-10-09T14:35Z,sha256:194126f56e6fb6a00289f1a077d6b07e18d1de29c20648e7b044b5e554fae2ed
ipsos-bva-2026-05-28-10195,ipsos-bva,Le Parisien,2026-05-27,2026-05-28,2026-06-01,1500,online,likely,1,S4,philippe,14.5,https://www.commission-des-sondages.fr/notices/files/notices/2026/juin/10195-pres-ipsos-bva-le-parisien-1er-juin.pdf,https://www.commission-des-sondages.fr/notices/files/notices/2026/juin/10195-pres-ipsos-bva-le-parisien-1er-juin.pdf,https://fr.wikipedia.org/wiki/Liste_de_sondages_sur_l%27%C3%A9lection_pr%C3%A9sidentielle_fran%C3%A7aise_de_2027,primary,2026-10-09T14:35Z,sha256:194126f56e6fb6a00289f1a077d6b07e18d1de29c20648e7b044b5e554fae2ed
ipsos-bva-2026-05-28-10195,ipsos-bva,Le Parisien,2026-05-27,2026-05-28,2026-06-01,1500,online,likely,1,S4,retailleau,8.5,https://www.commission-des-sondages.fr/notices/files/notices/2026/juin/10195-pres-ipsos-bva-le-parisien-1er-juin.pdf,https://www.commission-des-sondages.fr/notices/files/notices/2026/juin/10195-pres-ipsos-bva-le-parisien-1er-juin.pdf,https://fr.wikipedia.org/wiki/Liste_de_sondages_sur_l%27%C3%A9lection_pr%C3%A9sidentielle_fran%C3%A7aise_de_2027,primary,2026-10-09T14:35Z,sha256:194126f56e6fb6a00289f1a077d6b07e18d1de29c20648e7b044b5e554fae2ed
ipsos-bva-2026-05-28-10195,ipsos-bva,Le Parisien,2026-05-27,2026-05-28,2026-06-01,1500,online,likely,1,S4,roussel,4.0,https://www.commission-des-sondages.fr/notices/files/notices/2026/juin/10195-pres-ipsos-bva-le-parisien-1er-juin.pdf,https://www.commission-des-sondages.fr/notices/files/notices/2026/juin/10195-pres-ipsos-bva-le-parisien-1er-juin.pdf,https://fr.wikipedia.org/wiki/Liste_de_sondages_sur_l%27%C3%A9lection_pr%C3%A9sidentielle_fran%C3%A7aise_de_2027,primary,2026-10-09T14:35Z,sha256:194126f56e6fb6a00289f1a077d6b07e18d1de29c20648e7b044b5e554fae2ed
ipsos-bva-2026-05-28-10195,ipsos-bva,Le Parisien,2026-05-27,2026-05-28,2026-06-01,1500,online,likely,1,S4,tondelier,4.0,https://www.commission-des-sondages.fr/notices/files/notices/2026/juin/10195-pres-ipsos-bva-le-parisien-1er-juin.pdf,https://www.commission-des-sondages.fr/notices/files/notices/2026/juin/10195-pres-ipsos-bva-le-parisien-1er-juin.pdf,https://fr.wikipedia.org/wiki/Liste_de_sondages_sur_l%27%C3%A9lection_pr%C3%A9sidentielle_fran%C3%A7aise_de_2027,primary,2026-10-09T14:35Z,sha256:194126f56e6fb6a00289f1a077d6b07e18d1de29c20648e7b044b5e554fae2ed
ipsos-bva-2026-05-28-10195,ipsos-bva,Le Parisien,2026-05-27,2026-05-28,2026-06-01,1500,online,likely,1,S4,zemmour,4.5,https://www.commission-des-sondages.fr/notices/files/notices/2026/juin/10195-pres-ipsos-bva-le-parisien-1er-juin.pdf,https://www.commission-des-sondages.fr/notices/files/notices/2026/juin/10195-pres-ipsos-bva-le-parisien-1er-juin.pdf,https://fr.wikipedia.org/wiki/Liste_de_sondages_sur_l%27%C3%A9lection_pr%C3%A9sidentielle_fran%C3%A7aise_de_2027,primary,2026-10-09T14:35Z,sha256:194126f56e6fb6a00289f1a077d6b07e18d1de29c20648e7b044b5e554fae2ed
ipsos-bva-2026-05-28-10195,ipsos-bva,Le Parisien,2026-05-27,2026-05-28,2026-06-01,1500,online,likely,1,S5,arthaud,1.0,https://www.commission-des-sondages.fr/notices/files/notices/2026/juin/10195-pres-ipsos-bva-le-parisien-1er-juin.pdf,https://www.commission-des-sondages.fr/notices/files/notices/2026/juin/10195-pres-ipsos-bva-le-parisien-1er-juin.pdf,https://fr.wikipedia.org/wiki/Liste_de_sondages_sur_l%27%C3%A9lection_pr%C3%A9sidentielle_fran%C3%A7aise_de_2027,primary,2026-10-09T14:35Z,sha256:194126f56e6fb6a00289f1a077d6b07e18d1de29c20648e7b044b5e554fae2ed
ipsos-bva-2026-05-28-10195,ipsos-bva,Le Parisien,2026-05-27,2026-05-28,2026-06-01,1500,online,likely,1,S5,attal,14.5,https://www.commission-des-sondages.fr/notices/files/notices/2026/juin/10195-pres-ipsos-bva-le-parisien-1er-juin.pdf,https://www.commission-des-sondages.fr/notices/files/notices/2026/juin/10195-pres-ipsos-bva-le-parisien-1er-juin.pdf,https://fr.wikipedia.org/wiki/Liste_de_sondages_sur_l%27%C3%A9lection_pr%C3%A9sidentielle_fran%C3%A7aise_de_2027,primary,2026-10-09T14:35Z,sha256:194126f56e6fb6a00289f1a077d6b07e18d1de29c20648e7b044b5e554fae2ed
ipsos-bva-2026-05-28-10195,ipsos-bva,Le Parisien,2026-05-27,2026-05-28,2026-06-01,1500,online,likely,1,S5,bardella,35.0,https://www.commission-des-sondages.fr/notices/files/notices/2026/juin/10195-pres-ipsos-bva-le-parisien-1er-juin.pdf,https://www.commission-des-sondages.fr/notices/files/notices/2026/juin/10195-pres-ipsos-bva-le-parisien-1er-juin.pdf,https://fr.wikipedia.org/wiki/Liste_de_sondages_sur_l%27%C3%A9lection_pr%C3%A9sidentielle_fran%C3%A7aise_de_2027,primary,2026-10-09T14:35Z,sha256:194126f56e6fb6a00289f1a077d6b07e18d1de29c20648e7b044b5e554fae2ed
ipsos-bva-2026-05-28-10195,ipsos-bva,Le Parisien,2026-05-27,2026-05-28,2026-06-01,1500,online,likely,1,S5,dupont_aignan,1.5,https://www.commission-des-sondages.fr/notices/files/notices/2026/juin/10195-pres-ipsos-bva-le-parisien-1er-juin.pdf,https://www.commission-des-sondages.fr/notices/files/notices/2026/juin/10195-pres-ipsos-bva-le-parisien-1er-juin.pdf,https://fr.wikipedia.org/wiki/Liste_de_sondages_sur_l%27%C3%A9lection_pr%C3%A9sidentielle_fran%C3%A7aise_de_2027,primary,2026-10-09T14:35Z,sha256:194126f56e6fb6a00289f1a077d6b07e18d1de29c20648e7b044b5e554fae2ed
ipsos-bva-2026-05-28-10195,ipsos-bva,Le Parisien,2026-05-27,2026-05-28,2026-06-01,1500,online,likely,1,S5,glucksmann,14.0,https://www.commission-des-sondages.fr/notices/files/notices/2026/juin/10195-pres-ipsos-bva-le-parisien-1er-juin.pdf,https://www.commission-des-sondages.fr/notices/files/notices/2026/juin/10195-pres-ipsos-bva-le-parisien-1er-juin.pdf,https://fr.wikipedia.org/wiki/Liste_de_sondages_sur_l%27%C3%A9lection_pr%C3%A9sidentielle_fran%C3%A7aise_de_2027,primary,2026-10-09T14:35Z,sha256:194126f56e6fb6a00289f1a077d6b07e18d1de29c20648e7b044b5e554fae2ed
ipsos-bva-2026-05-28-10195,ipsos-bva,Le Parisien,2026-05-27,2026-05-28,2026-06-01,1500,online,likely,1,S5,melenchon,13.0,https://www.commission-des-sondages.fr/notices/files/notices/2026/juin/10195-pres-ipsos-bva-le-parisien-1er-juin.pdf,https://www.commission-des-sondages.fr/notices/files/notices/2026/juin/10195-pres-ipsos-bva-le-parisien-1er-juin.pdf,https://fr.wikipedia.org/wiki/Liste_de_sondages_sur_l%27%C3%A9lection_pr%C3%A9sidentielle_fran%C3%A7aise_de_2027,primary,2026-10-09T14:35Z,sha256:194126f56e6fb6a00289f1a077d6b07e18d1de29c20648e7b044b5e554fae2ed
ipsos-bva-2026-05-28-10195,ipsos-bva,Le Parisien,2026-05-27,2026-05-28,2026-06-01,1500,online,likely,1,S5,retailleau,10.0,https://www.commission-des-sondages.fr/notices/files/notices/2026/juin/10195-pres-ipsos-bva-le-parisien-1er-juin.pdf,https://www.commission-des-sondages.fr/notices/files/notices/2026/juin/10195-pres-ipsos-bva-le-parisien-1er-juin.pdf,https://fr.wikipedia.org/wiki/Liste_de_sondages_sur_l%27%C3%A9lection_pr%C3%A9sidentielle_fran%C3%A7aise_de_2027,primary,2026-10-09T14:35Z,sha256:194126f56e6fb6a00289f1a077d6b07e18d1de29c20648e7b044b5e554fae2ed
ipsos-bva-2026-05-28-10195,ipsos-bva,Le Parisien,2026-05-27,2026-05-28,2026-06-01,1500,online,likely,1,S5,roussel,3.0,https://www.commission-des-sondages.fr/notices/files/notices/2026/juin/10195-pres-ipsos-bva-le-parisien-1er-juin.pdf,https://www.commission-des-sondages.fr/notices/files/notices/2026/juin/10195-pres-ipsos-bva-le-parisien-1er-juin.pdf,https://fr.wikipedia.org/wiki/Liste_de_sondages_sur_l%27%C3%A9lection_pr%C3%A9sidentielle_fran%C3%A7aise_de_2027,primary,2026-10-09T14:35Z,sha256:194126f56e6fb6a00289f1a077d6b07e18d1de29c20648e7b044b5e554fae2ed
ipsos-bva-2026-05-28-10195,ipsos-bva,Le Parisien,2026-05-27,2026-05-28,2026-06-01,1500,online,likely,1,S5,tondelier,4.0,https://www.commission-des-sondages.fr/notices/files/notices/2026/juin/10195-pres-ipsos-bva-le-parisien-1er-juin.pdf,https://www.commission-des-sondages.fr/notices/files/notices/2026/juin/10195-pres-ipsos-bva-le-parisien-1er-juin.pdf,https://fr.wikipedia.org/wiki/Liste_de_sondages_sur_l%27%C3%A9lection_pr%C3%A9sidentielle_fran%C3%A7aise_de_2027,primary,2026-10-09T14:35Z,sha256:194126f56e6fb6a00289f1a077d6b07e18d1de29c20648e7b044b5e554fae2ed
ipsos-bva-2026-05-28-10195,ipsos-bva,Le Parisien,2026-05-27,2026-05-28,2026-06-01,1500,online,likely,1,S5,zemmour,4.0,https://www.commission-des-sondages.fr/notices/files/notices/2026/juin/10195-pres-ipsos-bva-le-parisien-1er-juin.pdf,https://www.commission-des-sondages.fr/notices/files/notices/2026/juin/10195-pres-ipsos-bva-le-parisien-1er-juin.pdf,https://fr.wikipedia.org/wiki/Liste_de_sondages_sur_l%27%C3%A9lection_pr%C3%A9sidentielle_fran%C3%A7aise_de_2027,primary,2026-10-09T14:35Z,sha256:194126f56e6fb6a00289f1a077d6b07e18d1de29c20648e7b044b5e554fae2ed
ipsos-bva-2026-05-28-10195,ipsos-bva,Le Parisien,2026-05-27,2026-05-28,2026-06-01,1500,online,likely,1,S6,arthaud,1.0,https://www.commission-des-sondages.fr/notices/files/notices/2026/juin/10195-pres-ipsos-bva-le-parisien-1er-juin.pdf,https://www.commission-des-sondages.fr/notices/files/notices/2026/juin/10195-pres-ipsos-bva-le-parisien-1er-juin.pdf,https://fr.wikipedia.org/wiki/Liste_de_sondages_sur_l%27%C3%A9lection_pr%C3%A9sidentielle_fran%C3%A7aise_de_2027,primary,2026-10-09T14:35Z,sha256:194126f56e6fb6a00289f1a077d6b07e18d1de29c20648e7b044b5e554fae2ed
ipsos-bva-2026-05-28-10195,ipsos-bva,Le Parisien,2026-05-27,2026-05-28,2026-06-01,1500,online,likely,1,S6,bardella,34.0,https://www.commission-des-sondages.fr/notices/files/notices/2026/juin/10195-pres-ipsos-bva-le-parisien-1er-juin.pdf,https://www.commission-des-sondages.fr/notices/files/notices/2026/juin/10195-pres-ipsos-bva-le-parisien-1er-juin.pdf,https://fr.wikipedia.org/wiki/Liste_de_sondages_sur_l%27%C3%A9lection_pr%C3%A9sidentielle_fran%C3%A7aise_de_2027,primary,2026-10-09T14:35Z,sha256:194126f56e6fb6a00289f1a077d6b07e18d1de29c20648e7b044b5e554fae2ed
ipsos-bva-2026-05-28-10195,ipsos-bva,Le Parisien,2026-05-27,2026-05-28,2026-06-01,1500,online,likely,1,S6,dupont_aignan,1.5,https://www.commission-des-sondages.fr/notices/files/notices/2026/juin/10195-pres-ipsos-bva-le-parisien-1er-juin.pdf,https://www.commission-des-sondages.fr/notices/files/notices/2026/juin/10195-pres-ipsos-bva-le-parisien-1er-juin.pdf,https://fr.wikipedia.org/wiki/Liste_de_sondages_sur_l%27%C3%A9lection_pr%C3%A9sidentielle_fran%C3%A7aise_de_2027,primary,2026-10-09T14:35Z,sha256:194126f56e6fb6a00289f1a077d6b07e18d1de29c20648e7b044b5e554fae2ed
ipsos-bva-2026-05-28-10195,ipsos-bva,Le Parisien,2026-05-27,2026-05-28,2026-06-01,1500,online,likely,1,S6,glucksmann,13.0,https://www.commission-des-sondages.fr/notices/files/notices/2026/juin/10195-pres-ipsos-bva-le-parisien-1er-juin.pdf,https://www.commission-des-sondages.fr/notices/files/notices/2026/juin/10195-pres-ipsos-bva-le-parisien-1er-juin.pdf,https://fr.wikipedia.org/wiki/Liste_de_sondages_sur_l%27%C3%A9lection_pr%C3%A9sidentielle_fran%C3%A7aise_de_2027,primary,2026-10-09T14:35Z,sha256:194126f56e6fb6a00289f1a077d6b07e18d1de29c20648e7b044b5e554fae2ed
ipsos-bva-2026-05-28-10195,ipsos-bva,Le Parisien,2026-05-27,2026-05-28,2026-06-01,1500,online,likely,1,S6,melenchon,13.0,https://www.commission-des-sondages.fr/notices/files/notices/2026/juin/10195-pres-ipsos-bva-le-parisien-1er-juin.pdf,https://www.commission-des-sondages.fr/notices/files/notices/2026/juin/10195-pres-ipsos-bva-le-parisien-1er-juin.pdf,https://fr.wikipedia.org/wiki/Liste_de_sondages_sur_l%27%C3%A9lection_pr%C3%A9sidentielle_fran%C3%A7aise_de_2027,primary,2026-10-09T14:35Z,sha256:194126f56e6fb6a00289f1a077d6b07e18d1de29c20648e7b044b5e554fae2ed
ipsos-bva-2026-05-28-10195,ipsos-bva,Le Parisien,2026-05-27,2026-05-28,2026-06-01,1500,online,likely,1,S6,philippe,17.5,https://www.commission-des-sondages.fr/notices/files/notices/2026/juin/10195-pres-ipsos-bva-le-parisien-1er-juin.pdf,https://www.commission-des-sondages.fr/notices/files/notices/2026/juin/10195-pres-ipsos-bva-le-parisien-1er-juin.pdf,https://fr.wikipedia.org/wiki/Liste_de_sondages_sur_l%27%C3%A9lection_pr%C3%A9sidentielle_fran%C3%A7aise_de_2027,primary,2026-10-09T14:35Z,sha256:194126f56e6fb6a00289f1a077d6b07e18d1de29c20648e7b044b5e554fae2ed
ipsos-bva-2026-05-28-10195,ipsos-bva,Le Parisien,2026-05-27,2026-05-28,2026-06-01,1500,online,likely,1,S6,retailleau,9.0,https://www.commission-des-sondages.fr/notices/files/notices/2026/juin/10195-pres-ipsos-bva-le-parisien-1er-juin.pdf,https://www.commission-des-sondages.fr/notices/files/notices/2026/juin/10195-pres-ipsos-bva-le-parisien-1er-juin.pdf,https://fr.wikipedia.org/wiki/Liste_de_sondages_sur_l%27%C3%A9lection_pr%C3%A9sidentielle_fran%C3%A7aise_de_2027,primary,2026-10-09T14:35Z,sha256:194126f56e6fb6a00289f1a077d6b07e18d1de29c20648e7b044b5e554fae2ed
ipsos-bva-2026-05-28-10195,ipsos-bva,Le Parisien,2026-05-27,2026-05-28,2026-06-01,1500,online,likely,1,S6,roussel,3.0,https://www.commission-des-sondages.fr/notices/files/notices/2026/juin/10195-pres-ipsos-bva-le-parisien-1er-juin.pdf,https://www.commission-des-sondages.fr/notices/files/notices/2026/juin/10195-pres-ipsos-bva-le-parisien-1er-juin.pdf,https://fr.wikipedia.org/wiki/Liste_de_sondages_sur_l%27%C3%A9lection_pr%C3%A9sidentielle_fran%C3%A7aise_de_2027,primary,2026-10-09T14:35Z,sha256:194126f56e6fb6a00289f1a077d6b07e18d1de29c20648e7b044b5e554fae2ed
ipsos-bva-2026-05-28-10195,ipsos-bva,Le Parisien,2026-05-27,2026-05-28,2026-06-01,1500,online,likely,1,S6,tondelier,4.0,https://www.commission-des-sondages.fr/notices/files/notices/2026/juin/10195-pres-ipsos-bva-le-parisien-1er-juin.pdf,https://www.commission-des-sondages.fr/notices/files/notices/2026/juin/10195-pres-ipsos-bva-le-parisien-1er-juin.pdf,https://fr.wikipedia.org/wiki/Liste_de_sondages_sur_l%27%C3%A9lection_pr%C3%A9sidentielle_fran%C3%A7aise_de_2027,primary,2026-10-09T14:35Z,sha256:194126f56e6fb6a00289f1a077d6b07e18d1de29c20648e7b044b5e554fae2ed
ipsos-bva-2026-05-28-10195,ipsos-bva,Le Parisien,2026-05-27,2026-05-28,2026-06-01,1500,online,likely,1,S6,zemmour,4.0,https://www.commission-des-sondages.fr/notices/files/notices/2026/juin/10195-pres-ipsos-bva-le-parisien-1er-juin.pdf,https://www.commission-des-sondages.fr/notices/files/notices/2026/juin/10195-pres-ipsos-bva-le-parisien-1er-juin.pdf,https://fr.wikipedia.org/wiki/Liste_de_sondages_sur_l%27%C3%A9lection_pr%C3%A9sidentielle_fran%C3%A7aise_de_2027,primary,2026-10-09T14:35Z,sha256:194126f56e6fb6a00289f1a077d6b07e18d1de29c20648e7b044b5e554fae2ed
ipsos-bva-2026-05-28-10195,ipsos-bva,Le Parisien,2026-05-27,2026-05-28,2026-06-01,1500,online,likely,1,S7,arthaud,1.0,https://www.commission-des-sondages.fr/notices/files/notices/2026/juin/10195-pres-ipsos-bva-le-parisien-1er-juin.pdf,https://www.commission-des-sondages.fr/notices/files/notices/2026/juin/10195-pres-ipsos-bva-le-parisien-1er-juin.pdf,https://fr.wikipedia.org/wiki/Liste_de_sondages_sur_l%27%C3%A9lection_pr%C3%A9sidentielle_fran%C3%A7aise_de_2027,primary,2026-10-09T14:35Z,sha256:194126f56e6fb6a00289f1a077d6b07e18d1de29c20648e7b044b5e554fae2ed
ipsos-bva-2026-05-28-10195,ipsos-bva,Le Parisien,2026-05-27,2026-05-28,2026-06-01,1500,online,likely,1,S7,attal,17.5,https://www.commission-des-sondages.fr/notices/files/notices/2026/juin/10195-pres-ipsos-bva-le-parisien-1er-juin.pdf,https://www.commission-des-sondages.fr/notices/files/notices/2026/juin/10195-pres-ipsos-bva-le-parisien-1er-juin.pdf,https://fr.wikipedia.org/wiki/Liste_de_sondages_sur_l%27%C3%A9lection_pr%C3%A9sidentielle_fran%C3%A7aise_de_2027,primary,2026-10-09T14:35Z,sha256:194126f56e6fb6a00289f1a077d6b07e18d1de29c20648e7b044b5e554fae2ed
ipsos-bva-2026-05-28-10195,ipsos-bva,Le Parisien,2026-05-27,2026-05-28,2026-06-01,1500,online,likely,1,S7,bardella,36.0,https://www.commission-des-sondages.fr/notices/files/notices/2026/juin/10195-pres-ipsos-bva-le-parisien-1er-juin.pdf,https://www.commission-des-sondages.fr/notices/files/notices/2026/juin/10195-pres-ipsos-bva-le-parisien-1er-juin.pdf,https://fr.wikipedia.org/wiki/Liste_de_sondages_sur_l%27%C3%A9lection_pr%C3%A9sidentielle_fran%C3%A7aise_de_2027,primary,2026-10-09T14:35Z,sha256:194126f56e6fb6a00289f1a077d6b07e18d1de29c20648e7b044b5e554fae2ed
ipsos-bva-2026-05-28-10195,ipsos-bva,Le Parisien,2026-05-27,2026-05-28,2026-06-01,1500,online,likely,1,S7,dupont_aignan,1.5,https://www.commission-des-sondages.fr/notices/files/notices/2026/juin/10195-pres-ipsos-bva-le-parisien-1er-juin.pdf,https://www.commission-des-sondages.fr/notices/files/notices/2026/juin/10195-pres-ipsos-bva-le-parisien-1er-juin.pdf,https://fr.wikipedia.org/wiki/Liste_de_sondages_sur_l%27%C3%A9lection_pr%C3%A9sidentielle_fran%C3%A7aise_de_2027,primary,2026-10-09T14:35Z,sha256:194126f56e6fb6a00289f1a077d6b07e18d1de29c20648e7b044b5e554fae2ed
ipsos-bva-2026-05-28-10195,ipsos-bva,Le Parisien,2026-05-27,2026-05-28,2026-06-01,1500,online,likely,1,S7,hollande,8.0,https://www.commission-des-sondages.fr/notices/files/notices/2026/juin/10195-pres-ipsos-bva-le-parisien-1er-juin.pdf,https://www.commission-des-sondages.fr/notices/files/notices/2026/juin/10195-pres-ipsos-bva-le-parisien-1er-juin.pdf,https://fr.wikipedia.org/wiki/Liste_de_sondages_sur_l%27%C3%A9lection_pr%C3%A9sidentielle_fran%C3%A7aise_de_2027,primary,2026-10-09T14:35Z,sha256:194126f56e6fb6a00289f1a077d6b07e18d1de29c20648e7b044b5e554fae2ed
ipsos-bva-2026-05-28-10195,ipsos-bva,Le Parisien,2026-05-27,2026-05-28,2026-06-01,1500,online,likely,1,S7,melenchon,13.5,https://www.commission-des-sondages.fr/notices/files/notices/2026/juin/10195-pres-ipsos-bva-le-parisien-1er-juin.pdf,https://www.commission-des-sondages.fr/notices/files/notices/2026/juin/10195-pres-ipsos-bva-le-parisien-1er-juin.pdf,https://fr.wikipedia.org/wiki/Liste_de_sondages_sur_l%27%C3%A9lection_pr%C3%A9sidentielle_fran%C3%A7aise_de_2027,primary,2026-10-09T14:35Z,sha256:194126f56e6fb6a00289f1a077d6b07e18d1de29c20648e7b044b5e554fae2ed
ipsos-bva-2026-05-28-10195,ipsos-bva,Le Parisien,2026-05-27,2026-05-28,2026-06-01,1500,online,likely,1,S7,retailleau,10.0,https://www.commission-des-sondages.fr/notices/files/notices/2026/juin/10195-pres-ipsos-bva-le-parisien-1er-juin.pdf,https://www.commission-des-sondages.fr/notices/files/notices/2026/juin/10195-pres-ipsos-bva-le-parisien-1er-juin.pdf,https://fr.wikipedia.org/wiki/Liste_de_sondages_sur_l%27%C3%A9lection_pr%C3%A9sidentielle_fran%C3%A7aise_de_2027,primary,2026-10-09T14:35Z,sha256:194126f56e6fb6a00289f1a077d6b07e18d1de29c20648e7b044b5e554fae2ed
ipsos-bva-2026-05-28-10195,ipsos-bva,Le Parisien,2026-05-27,2026-05-28,2026-06-01,1500,online,likely,1,S7,roussel,3.5,https://www.commission-des-sondages.fr/notices/files/notices/2026/juin/10195-pres-ipsos-bva-le-parisien-1er-juin.pdf,https://www.commission-des-sondages.fr/notices/files/notices/2026/juin/10195-pres-ipsos-bva-le-parisien-1er-juin.pdf,https://fr.wikipedia.org/wiki/Liste_de_sondages_sur_l%27%C3%A9lection_pr%C3%A9sidentielle_fran%C3%A7aise_de_2027,primary,2026-10-09T14:35Z,sha256:194126f56e6fb6a00289f1a077d6b07e18d1de29c20648e7b044b5e554fae2ed
ipsos-bva-2026-05-28-10195,ipsos-bva,Le Parisien,2026-05-27,2026-05-28,2026-06-01,1500,online,likely,1,S7,tondelier,5.0,https://www.commission-des-sondages.fr/notices/files/notices/2026/juin/10195-pres-ipsos-bva-le-parisien-1er-juin.pdf,https://www.commission-des-sondages.fr/notices/files/notices/2026/juin/10195-pres-ipsos-bva-le-parisien-1er-juin.pdf,https://fr.wikipedia.org/wiki/Liste_de_sondages_sur_l%27%C3%A9lection_pr%C3%A9sidentielle_fran%C3%A7aise_de_2027,primary,2026-10-09T14:35Z,sha256:194126f56e6fb6a00289f1a077d6b07e18d1de29c20648e7b044b5e554fae2ed
ipsos-bva-2026-05-28-10195,ipsos-bva,Le Parisien,2026-05-27,2026-05-28,2026-06-01,1500,online,likely,1,S7,zemmour,4.0,https://www.commission-des-sondages.fr/notices/files/notices/2026/juin/10195-pres-ipsos-bva-le-parisien-1er-juin.pdf,https://www.commission-des-sondages.fr/notices/files/notices/2026/juin/10195-pres-ipsos-bva-le-parisien-1er-juin.pdf,https://fr.wikipedia.org/wiki/Liste_de_sondages_sur_l%27%C3%A9lection_pr%C3%A9sidentielle_fran%C3%A7aise_de_2027,primary,2026-10-09T14:35Z,sha256:194126f56e6fb6a00289f1a077d6b07e18d1de29c20648e7b044b5e554fae2ed
ipsos-bva-2026-05-28-10195,ipsos-bva,Le Parisien,2026-05-27,2026-05-28,2026-06-01,1500,online,likely,1,S8,arthaud,1.0,https://www.commission-des-sondages.fr/notices/files/notices/2026/juin/10195-pres-ipsos-bva-le-parisien-1er-juin.pdf,https://www.commission-des-sondages.fr/notices/files/notices/2026/juin/10195-pres-ipsos-bva-le-parisien-1er-juin.pdf,https://fr.wikipedia.org/wiki/Liste_de_sondages_sur_l%27%C3%A9lection_pr%C3%A9sidentielle_fran%C3%A7aise_de_2027,primary,2026-10-09T14:35Z,sha256:194126f56e6fb6a00289f1a077d6b07e18d1de29c20648e7b044b5e554fae2ed
ipsos-bva-2026-05-28-10195,ipsos-bva,Le Parisien,2026-05-27,2026-05-28,2026-06-01,1500,online,likely,1,S8,bardella,35.5,https://www.commission-des-sondages.fr/notices/files/notices/2026/juin/10195-pres-ipsos-bva-le-parisien-1er-juin.pdf,https://www.commission-des-sondages.fr/notices/files/notices/2026/juin/10195-pres-ipsos-bva-le-parisien-1er-juin.pdf,https://fr.wikipedia.org/wiki/Liste_de_sondages_sur_l%27%C3%A9lection_pr%C3%A9sidentielle_fran%C3%A7aise_de_2027,primary,2026-10-09T14:35Z,sha256:194126f56e6fb6a00289f1a077d6b07e18d1de29c20648e7b044b5e554fae2ed
ipsos-bva-2026-05-28-10195,ipsos-bva,Le Parisien,2026-05-27,2026-05-28,2026-06-01,1500,online,likely,1,S8,dupont_aignan,1.5,https://www.commission-des-sondages.fr/notices/files/notices/2026/juin/10195-pres-ipsos-bva-le-parisien-1er-juin.pdf,https://www.commission-des-sondages.fr/notices/files/notices/2026/juin/10195-pres-ipsos-bva-le-parisien-1er-juin.pdf,https://fr.wikipedia.org/wiki/Liste_de_sondages_sur_l%27%C3%A9lection_pr%C3%A9sidentielle_fran%C3%A7aise_de_2027,primary,2026-10-09T14:35Z,sha256:194126f56e6fb6a00289f1a077d6b07e18d1de29c20648e7b044b5e554fae2ed
ipsos-bva-2026-05-28-10195,ipsos-bva,Le Parisien,2026-05-27,2026-05-28,2026-06-01,1500,online,likely,1,S8,hollande,7.5,https://www.commission-des-sondages.fr/notices/files/notices/2026/juin/10195-pres-ipsos-bva-le-parisien-1er-juin.pdf,https://www.commission-des-sondages.fr/notices/files/notices/2026/juin/10195-pres-ipsos-bva-le-parisien-1er-juin.pdf,https://fr.wikipedia.org/wiki/Liste_de_sondages_sur_l%27%C3%A9lection_pr%C3%A9sidentielle_fran%C3%A7aise_de_2027,primary,2026-10-09T14:35Z,sha256:194126f56e6fb6a00289f1a077d6b07e18d1de29c20648e7b044b5e554fae2ed
ipsos-bva-2026-05-28-10195,ipsos-bva,Le Parisien,2026-05-27,2026-05-28,2026-06-01,1500,online,likely,1,S8,melenchon,13.5,https://www.commission-des-sondages.fr/notices/files/notices/2026/juin/10195-pres-ipsos-bva-le-parisien-1er-juin.pdf,https://www.commission-des-sondages.fr/notices/files/notices/2026/juin/10195-pres-ipsos-bva-le-parisien-1er-juin.pdf,https://fr.wikipedia.org/wiki/Liste_de_sondages_sur_l%27%C3%A9lection_pr%C3%A9sidentielle_fran%C3%A7aise_de_2027,primary,2026-10-09T14:35Z,sha256:194126f56e6fb6a00289f1a077d6b07e18d1de29c20648e7b044b5e554fae2ed
ipsos-bva-2026-05-28-10195,ipsos-bva,Le Parisien,2026-05-27,2026-05-28,2026-06-01,1500,online,likely,1,S8,philippe,19.0,https://www.commission-des-sondages.fr/notices/files/notices/2026/juin/10195-pres-ipsos-bva-le-parisien-1er-juin.pdf,https://www.commission-des-sondages.fr/notices/files/notices/2026/juin/10195-pres-ipsos-bva-le-parisien-1er-juin.pdf,https://fr.wikipedia.org/wiki/Liste_de_sondages_sur_l%27%C3%A9lection_pr%C3%A9sidentielle_fran%C3%A7aise_de_2027,primary,2026-10-09T14:35Z,sha256:194126f56e6fb6a00289f1a077d6b07e18d1de29c20648e7b044b5e554fae2ed
ipsos-bva-2026-05-28-10195,ipsos-bva,Le Parisien,2026-05-27,2026-05-28,2026-06-01,1500,online,likely,1,S8,retailleau,9.0,https://www.commission-des-sondages.fr/notices/files/notices/2026/juin/10195-pres-ipsos-bva-le-parisien-1er-juin.pdf,https://www.commission-des-sondages.fr/notices/files/notices/2026/juin/10195-pres-ipsos-bva-le-parisien-1er-juin.pdf,https://fr.wikipedia.org/wiki/Liste_de_sondages_sur_l%27%C3%A9lection_pr%C3%A9sidentielle_fran%C3%A7aise_de_2027,primary,2026-10-09T14:35Z,sha256:194126f56e6fb6a00289f1a077d6b07e18d1de29c20648e7b044b5e554fae2ed
ipsos-bva-2026-05-28-10195,ipsos-bva,Le Parisien,2026-05-27,2026-05-28,2026-06-01,1500,online,likely,1,S8,roussel,4.0,https://www.commission-des-sondages.fr/notices/files/notices/2026/juin/10195-pres-ipsos-bva-le-parisien-1er-juin.pdf,https://www.commission-des-sondages.fr/notices/files/notices/2026/juin/10195-pres-ipsos-bva-le-parisien-1er-juin.pdf,https://fr.wikipedia.org/wiki/Liste_de_sondages_sur_l%27%C3%A9lection_pr%C3%A9sidentielle_fran%C3%A7aise_de_2027,primary,2026-10-09T14:35Z,sha256:194126f56e6fb6a00289f1a077d6b07e18d1de29c20648e7b044b5e554fae2ed
ipsos-bva-2026-05-28-10195,ipsos-bva,Le Parisien,2026-05-27,2026-05-28,2026-06-01,1500,online,likely,1,S8,tondelier,5.0,https://www.commission-des-sondages.fr/notices/files/notices/2026/juin/10195-pres-ipsos-bva-le-parisien-1er-juin.pdf,https://www.commission-des-sondages.fr/notices/files/notices/2026/juin/10195-pres-ipsos-bva-le-parisien-1er-juin.pdf,https://fr.wikipedia.org/wiki/Liste_de_sondages_sur_l%27%C3%A9lection_pr%C3%A9sidentielle_fran%C3%A7aise_de_2027,primary,2026-10-09T14:35Z,sha256:194126f56e6fb6a00289f1a077d6b07e18d1de29c20648e7b044b5e554fae2ed
ipsos-bva-2026-05-28-10195,ipsos-bva,Le Parisien,2026-05-27,2026-05-28,2026-06-01,1500,online,likely,1,S8,zemmour,4.0,https://www.commission-des-sondages.fr/notices/files/notices/2026/juin/10195-pres-ipsos-bva-le-parisien-1er-juin.pdf,https://www.commission-des-sondages.fr/notices/files/notices/2026/juin/10195-pres-ipsos-bva-le-parisien-1er-juin.pdf,https://fr.wikipedia.org/wiki/Liste_de_sondages_sur_l%27%C3%A9lection_pr%C3%A9sidentielle_fran%C3%A7aise_de_2027,primary,2026-10-09T14:35Z,sha256:194126f56e6fb6a00289f1a077d6b07e18d1de29c20648e7b044b5e554fae2ed
ifop-2026-06-24-10211,ifop,LCI / Le Figaro / Sud Radio,2026-06-22,2026-06-24,2026-06-25,1539,online,registered,1,S1,arthaud,0.5,https://www.commission-des-sondages.fr/notices/files/notices/2026/juin/10211-pres-iv-ifop-le-figaro-25-juin.pdf,https://www.commission-des-sondages.fr/notices/files/notices/2026/juin/10211-pres-iv-ifop-le-figaro-25-juin.pdf,https://fr.wikipedia.org/wiki/Liste_de_sondages_sur_l%27%C3%A9lection_pr%C3%A9sidentielle_fran%C3%A7aise_de_2027,primary,2026-10-09T14:35Z,sha256:995f89405c3579c719f1fb25865d07ab056957343d9e856c81dffe43d74c0372
ifop-2026-06-24-10211,ifop,LCI / Le Figaro / Sud Radio,2026-06-22,2026-06-24,2026-06-25,1539,online,registered,1,S1,attal,8.0,https://www.commission-des-sondages.fr/notices/files/notices/2026/juin/10211-pres-iv-ifop-le-figaro-25-juin.pdf,https://www.commission-des-sondages.fr/notices/files/notices/2026/juin/10211-pres-iv-ifop-le-figaro-25-juin.pdf,https://fr.wikipedia.org/wiki/Liste_de_sondages_sur_l%27%C3%A9lection_pr%C3%A9sidentielle_fran%C3%A7aise_de_2027,primary,2026-10-09T14:35Z,sha256:995f89405c3579c719f1fb25865d07ab056957343d9e856c81dffe43d74c0372
ifop-2026-06-24-10211,ifop,LCI / Le Figaro / Sud Radio,2026-06-22,2026-06-24,2026-06-25,1539,online,registered,1,S1,bardella,36.0,https://www.commission-des-sondages.fr/notices/files/notices/2026/juin/10211-pres-iv-ifop-le-figaro-25-juin.pdf,https://www.commission-des-sondages.fr/notices/files/notices/2026/juin/10211-pres-iv-ifop-le-figaro-25-juin.pdf,https://fr.wikipedia.org/wiki/Liste_de_sondages_sur_l%27%C3%A9lection_pr%C3%A9sidentielle_fran%C3%A7aise_de_2027,primary,2026-10-09T14:35Z,sha256:995f89405c3579c719f1fb25865d07ab056957343d9e856c81dffe43d74c0372
ifop-2026-06-24-10211,ifop,LCI / Le Figaro / Sud Radio,2026-06-22,2026-06-24,2026-06-25,1539,online,registered,1,S1,dupont_aignan,2.0,https://www.commission-des-sondages.fr/notices/files/notices/2026/juin/10211-pres-iv-ifop-le-figaro-25-juin.pdf,https://www.commission-des-sondages.fr/notices/files/notices/2026/juin/10211-pres-iv-ifop-le-figaro-25-juin.pdf,https://fr.wikipedia.org/wiki/Liste_de_sondages_sur_l%27%C3%A9lection_pr%C3%A9sidentielle_fran%C3%A7aise_de_2027,primary,2026-10-09T14:35Z,sha256:995f89405c3579c719f1fb25865d07ab056957343d9e856c81dffe43d74c0372
ifop-2026-06-24-10211,ifop,LCI / Le Figaro / Sud Radio,2026-06-22,2026-06-24,2026-06-25,1539,online,registered,1,S1,glucksmann,9.0,https://www.commission-des-sondages.fr/notices/files/notices/2026/juin/10211-pres-iv-ifop-le-figaro-25-juin.pdf,https://www.commission-des-sondages.fr/notices/files/notices/2026/juin/10211-pres-iv-ifop-le-figaro-25-juin.pdf,https://fr.wikipedia.org/wiki/Liste_de_sondages_sur_l%27%C3%A9lection_pr%C3%A9sidentielle_fran%C3%A7aise_de_2027,primary,2026-10-09T14:35Z,sha256:995f89405c3579c719f1fb25865d07ab056957343d9e856c81dffe43d74c0372
ifop-2026-06-24-10211,ifop,LCI / Le Figaro / Sud Radio,2026-06-22,2026-06-24,2026-06-25,1539,online,registered,1,S1,melenchon,13.0,https://www.commission-des-sondages.fr/notices/files/notices/2026/juin/10211-pres-iv-ifop-le-figaro-25-juin.pdf,https://www.commission-des-sondages.fr/notices/files/notices/2026/juin/10211-pres-iv-ifop-le-figaro-25-juin.pdf,https://fr.wikipedia.org/wiki/Liste_de_sondages_sur_l%27%C3%A9lection_pr%C3%A9sidentielle_fran%C3%A7aise_de_2027,primary,2026-10-09T14:35Z,sha256:995f89405c3579c719f1fb25865d07ab056957343d9e856c81dffe43d74c0372
ifop-2026-06-24-10211,ifop,LCI / Le Figaro / Sud Radio,2026-06-22,2026-06-24,2026-06-25,1539,online,registered,1,S1,philippe,14.0,https://www.commission-des-sondages.fr/notices/files/notices/2026/juin/10211-pres-iv-ifop-le-figaro-25-juin.pdf,https://www.commission-des-sondages.fr/notices/files/notices/2026/juin/10211-pres-iv-ifop-le-figaro-25-juin.pdf,https://fr.wikipedia.org/wiki/Liste_de_sondages_sur_l%27%C3%A9lection_pr%C3%A9sidentielle_fran%C3%A7aise_de_2027,primary,2026-10-09T14:35Z,sha256:995f89405c3579c719f1fb25865d07ab056957343d9e856c81dffe43d74c0372
ifop-2026-06-24-10211,ifop,LCI / Le Figaro / Sud Radio,2026-06-22,2026-06-24,2026-06-25,1539,online,registered,1,S1,retailleau,8.0,https://www.commission-des-sondages.fr/notices/files/notices/2026/juin/10211-pres-iv-ifop-le-figaro-25-juin.pdf,https://www.commission-des-sondages.fr/notices/files/notices/2026/juin/10211-pres-iv-ifop-le-figaro-25-juin.pdf,https://fr.wikipedia.org/wiki/Liste_de_sondages_sur_l%27%C3%A9lection_pr%C3%A9sidentielle_fran%C3%A7aise_de_2027,primary,2026-10-09T14:35Z,sha256:995f89405c3579c719f1fb25865d07ab056957343d9e856c81dffe43d74c0372
ifop-2026-06-24-10211,ifop,LCI / Le Figaro / Sud Radio,2026-06-22,2026-06-24,2026-06-25,1539,online,registered,1,S1,roussel,3.0,https://www.commission-des-sondages.fr/notices/files/notices/2026/juin/10211-pres-iv-ifop-le-figaro-25-juin.pdf,https://www.commission-des-sondages.fr/notices/files/notices/2026/juin/10211-pres-iv-ifop-le-figaro-25-juin.pdf,https://fr.wikipedia.org/wiki/Liste_de_sondages_sur_l%27%C3%A9lection_pr%C3%A9sidentielle_fran%C3%A7aise_de_2027,primary,2026-10-09T14:35Z,sha256:995f89405c3579c719f1fb25865d07ab056957343d9e856c81dffe43d74c0372
ifop-2026-06-24-10211,ifop,LCI / Le Figaro / Sud Radio,2026-06-22,2026-06-24,2026-06-25,1539,online,registered,1,S1,tondelier,2.5,https://www.commission-des-sondages.fr/notices/files/notices/2026/juin/10211-pres-iv-ifop-le-figaro-25-juin.pdf,https://www.commission-des-sondages.fr/notices/files/notices/2026/juin/10211-pres-iv-ifop-le-figaro-25-juin.pdf,https://fr.wikipedia.org/wiki/Liste_de_sondages_sur_l%27%C3%A9lection_pr%C3%A9sidentielle_fran%C3%A7aise_de_2027,primary,2026-10-09T14:35Z,sha256:995f89405c3579c719f1fb25865d07ab056957343d9e856c81dffe43d74c0372
ifop-2026-06-24-10211,ifop,LCI / Le Figaro / Sud Radio,2026-06-22,2026-06-24,2026-06-25,1539,online,registered,1,S1,zemmour,4.0,https://www.commission-des-sondages.fr/notices/files/notices/2026/juin/10211-pres-iv-ifop-le-figaro-25-juin.pdf,https://www.commission-des-sondages.fr/notices/files/notices/2026/juin/10211-pres-iv-ifop-le-figaro-25-juin.pdf,https://fr.wikipedia.org/wiki/Liste_de_sondages_sur_l%27%C3%A9lection_pr%C3%A9sidentielle_fran%C3%A7aise_de_2027,primary,2026-10-09T14:35Z,sha256:995f89405c3579c719f1fb25865d07ab056957343d9e856c81dffe43d74c0372
ifop-2026-06-24-10211,ifop,LCI / Le Figaro / Sud Radio,2026-06-22,2026-06-24,2026-06-25,1539,online,registered,1,S2,arthaud,0.5,https://www.commission-des-sondages.fr/notices/files/notices/2026/juin/10211-pres-iv-ifop-le-figaro-25-juin.pdf,https://www.commission-des-sondages.fr/notices/files/notices/2026/juin/10211-pres-iv-ifop-le-figaro-25-juin.pdf,https://fr.wikipedia.org/wiki/Liste_de_sondages_sur_l%27%C3%A9lection_pr%C3%A9sidentielle_fran%C3%A7aise_de_2027,primary,2026-10-09T14:35Z,sha256:995f89405c3579c719f1fb25865d07ab056957343d9e856c81dffe43d74c0372
ifop-2026-06-24-10211,ifop,LCI / Le Figaro / Sud Radio,2026-06-22,2026-06-24,2026-06-25,1539,online,registered,1,S2,bardella,36.0,https://www.commission-des-sondages.fr/notices/files/notices/2026/juin/10211-pres-iv-ifop-le-figaro-25-juin.pdf,https://www.commission-des-sondages.fr/notices/files/notices/2026/juin/10211-pres-iv-ifop-le-figaro-25-juin.pdf,https://fr.wikipedia.org/wiki/Liste_de_sondages_sur_l%27%C3%A9lection_pr%C3%A9sidentielle_fran%C3%A7aise_de_2027,primary,2026-10-09T14:35Z,sha256:995f89405c3579c719f1fb25865d07ab056957343d9e856c81dffe43d74c0372
ifop-2026-06-24-10211,ifop,LCI / Le Figaro / Sud Radio,2026-06-22,2026-06-24,2026-06-25,1539,online,registered,1,S2,dupont_aignan,2.0,https://www.commission-des-sondages.fr/notices/files/notices/2026/juin/10211-pres-iv-ifop-le-figaro-25-juin.pdf,https://www.commission-des-sondages.fr/notices/files/notices/2026/juin/10211-pres-iv-ifop-le-figaro-25-juin.pdf,https://fr.wikipedia.org/wiki/Liste_de_sondages_sur_l%27%C3%A9lection_pr%C3%A9sidentielle_fran%C3%A7aise_de_2027,primary,2026-10-09T14:35Z,sha256:995f89405c3579c719f1fb25865d07ab056957343d9e856c81dffe43d74c0372
ifop-2026-06-24-10211,ifop,LCI / Le Figaro / Sud Radio,2026-06-22,2026-06-24,2026-06-25,1539,online,registered,1,S2,glucksmann,10.0,https://www.commission-des-sondages.fr/notices/files/notices/2026/juin/10211-pres-iv-ifop-le-figaro-25-juin.pdf,https://www.commission-des-sondages.fr/notices/files/notices/2026/juin/10211-pres-iv-ifop-le-figaro-25-juin.pdf,https://fr.wikipedia.org/wiki/Liste_de_sondages_sur_l%27%C3%A9lection_pr%C3%A9sidentielle_fran%C3%A7aise_de_2027,primary,2026-10-09T14:35Z,sha256:995f89405c3579c719f1fb25865d07ab056957343d9e856c81dffe43d74c0372
ifop-2026-06-24-10211,ifop,LCI / Le Figaro / Sud Radio,2026-06-22,2026-06-24,2026-06-25,1539,online,registered,1,S2,melenchon,13.0,https://www.commission-des-sondages.fr/notices/files/notices/2026/juin/10211-pres-iv-ifop-le-figaro-25-juin.pdf,https://www.commission-des-sondages.fr/notices/files/notices/2026/juin/10211-pres-iv-ifop-le-figaro-25-juin.pdf,https://fr.wikipedia.org/wiki/Liste_de_sondages_sur_l%27%C3%A9lection_pr%C3%A9sidentielle_fran%C3%A7aise_de_2027,primary,2026-10-09T14:35Z,sha256:995f89405c3579c719f1fb25865d07ab056957343d9e856c81dffe43d74c0372
ifop-2026-06-24-10211,ifop,LCI / Le Figaro / Sud Radio,2026-06-22,2026-06-24,2026-06-25,1539,online,registered,1,S2,philippe,19.0,https://www.commission-des-sondages.fr/notices/files/notices/2026/juin/10211-pres-iv-ifop-le-figaro-25-juin.pdf,https://www.commission-des-sondages.fr/notices/files/notices/2026/juin/10211-pres-iv-ifop-le-figaro-25-juin.pdf,https://fr.wikipedia.org/wiki/Liste_de_sondages_sur_l%27%C3%A9lection_pr%C3%A9sidentielle_fran%C3%A7aise_de_2027,primary,2026-10-09T14:35Z,sha256:995f89405c3579c719f1fb25865d07ab056957343d9e856c81dffe43d74c0372
ifop-2026-06-24-10211,ifop,LCI / Le Figaro / Sud Radio,2026-06-22,2026-06-24,2026-06-25,1539,online,registered,1,S2,retailleau,9.0,https://www.commission-des-sondages.fr/notices/files/notices/2026/juin/10211-pres-iv-ifop-le-figaro-25-juin.pdf,https://www.commission-des-sondages.fr/notices/files/notices/2026/juin/10211-pres-iv-ifop-le-figaro-25-juin.pdf,https://fr.wikipedia.org/wiki/Liste_de_sondages_sur_l%27%C3%A9lection_pr%C3%A9sidentielle_fran%C3%A7aise_de_2027,primary,2026-10-09T14:35Z,sha256:995f89405c3579c719f1fb25865d07ab056957343d9e856c81dffe43d74c0372
ifop-2026-06-24-10211,ifop,LCI / Le Figaro / Sud Radio,2026-06-22,2026-06-24,2026-06-25,1539,online,registered,1,S2,roussel,3.0,https://www.commission-des-sondages.fr/notices/files/notices/2026/juin/10211-pres-iv-ifop-le-figaro-25-juin.pdf,https://www.commission-des-sondages.fr/notices/files/notices/2026/juin/10211-pres-iv-ifop-le-figaro-25-juin.pdf,https://fr.wikipedia.org/wiki/Liste_de_sondages_sur_l%27%C3%A9lection_pr%C3%A9sidentielle_fran%C3%A7aise_de_2027,primary,2026-10-09T14:35Z,sha256:995f89405c3579c719f1fb25865d07ab056957343d9e856c81dffe43d74c0372
ifop-2026-06-24-10211,ifop,LCI / Le Figaro / Sud Radio,2026-06-22,2026-06-24,2026-06-25,1539,online,registered,1,S2,tondelier,3.5,https://www.commission-des-sondages.fr/notices/files/notices/2026/juin/10211-pres-iv-ifop-le-figaro-25-juin.pdf,https://www.commission-des-sondages.fr/notices/files/notices/2026/juin/10211-pres-iv-ifop-le-figaro-25-juin.pdf,https://fr.wikipedia.org/wiki/Liste_de_sondages_sur_l%27%C3%A9lection_pr%C3%A9sidentielle_fran%C3%A7aise_de_2027,primary,2026-10-09T14:35Z,sha256:995f89405c3579c719f1fb25865d07ab056957343d9e856c81dffe43d74c0372
ifop-2026-06-24-10211,ifop,LCI / Le Figaro / Sud Radio,2026-06-22,2026-06-24,2026-06-25,1539,online,registered,1,S2,zemmour,4.0,https://www.commission-des-sondages.fr/notices/files/notices/2026/juin/10211-pres-iv-ifop-le-figaro-25-juin.pdf,https://www.commission-des-sondages.fr/notices/files/notices/2026/juin/10211-pres-iv-ifop-le-figaro-25-juin.pdf,https://fr.wikipedia.org/wiki/Liste_de_sondages_sur_l%27%C3%A9lection_pr%C3%A9sidentielle_fran%C3%A7aise_de_2027,primary,2026-10-09T14:35Z,sha256:995f89405c3579c719f1fb25865d07ab056957343d9e856c81dffe43d74c0372
ifop-2026-06-24-10211,ifop,LCI / Le Figaro / Sud Radio,2026-06-22,2026-06-24,2026-06-25,1539,online,registered,1,S3,arthaud,0.5,https://www.commission-des-sondages.fr/notices/files/notices/2026/juin/10211-pres-iv-ifop-le-figaro-25-juin.pdf,https://www.commission-des-sondages.fr/notices/files/notices/2026/juin/10211-pres-iv-ifop-le-figaro-25-juin.pdf,https://fr.wikipedia.org/wiki/Liste_de_sondages_sur_l%27%C3%A9lection_pr%C3%A9sidentielle_fran%C3%A7aise_de_2027,primary,2026-10-09T14:35Z,sha256:995f89405c3579c719f1fb25865d07ab056957343d9e856c81dffe43d74c0372
ifop-2026-06-24-10211,ifop,LCI / Le Figaro / Sud Radio,2026-06-22,2026-06-24,2026-06-25,1539,online,registered,1,S3,attal,15.0,https://www.commission-des-sondages.fr/notices/files/notices/2026/juin/10211-pres-iv-ifop-le-figaro-25-juin.pdf,https://www.commission-des-sondages.fr/notices/files/notices/2026/juin/10211-pres-iv-ifop-le-figaro-25-juin.pdf,https://fr.wikipedia.org/wiki/Liste_de_sondages_sur_l%27%C3%A9lection_pr%C3%A9sidentielle_fran%C3%A7aise_de_2027,primary,2026-10-09T14:35Z,sha256:995f89405c3579c719f1fb25865d07ab056957343d9e856c81dffe43d74c0372
ifop-2026-06-24-10211,ifop,LCI / Le Figaro / Sud Radio,2026-06-22,2026-06-24,2026-06-25,1539,online,registered,1,S3,bardella,37.0,https://www.commission-des-sondages.fr/notices/files/notices/2026/juin/10211-pres-iv-ifop-le-figaro-25-juin.pdf,https://www.commission-des-sondages.fr/notices/files/notices/2026/juin/10211-pres-iv-ifop-le-figaro-25-juin.pdf,https://fr.wikipedia.org/wiki/Liste_de_sondages_sur_l%27%C3%A9lection_pr%C3%A9sidentielle_fran%C3%A7aise_de_2027,primary,2026-10-09T14:35Z,sha256:995f89405c3579c719f1fb25865d07ab056957343d9e856c81dffe43d74c0372
ifop-2026-06-24-10211,ifop,LCI / Le Figaro / Sud Radio,2026-06-22,2026-06-24,2026-06-25,1539,online,registered,1,S3,dupont_aignan,2.0,https://www.commission-des-sondages.fr/notices/files/notices/2026/juin/10211-pres-iv-ifop-le-figaro-25-juin.pdf,https://www.commission-des-sondages.fr/notices/files/notices/2026/juin/10211-pres-iv-ifop-le-figaro-25-juin.pdf,https://fr.wikipedia.org/wiki/Liste_de_sondages_sur_l%27%C3%A9lection_pr%C3%A9sidentielle_fran%C3%A7aise_de_2027,primary,2026-10-09T14:35Z,sha256:995f89405c3579c719f1fb25865d07ab056957343d9e856c81dffe43d74c0372
ifop-2026-06-24-10211,ifop,LCI / Le Figaro / Sud Radio,2026-06-22,2026-06-24,2026-06-25,1539,online,registered,1,S3,glucksmann,11.0,https://www.commission-des-sondages.fr/notices/files/notices/2026/juin/10211-pres-iv-ifop-le-figaro-25-juin.pdf,https://www.commission-des-sondages.fr/notices/files/notices/2026/juin/10211-pres-iv-ifop-le-figaro-25-juin.pdf,https://fr.wikipedia.org/wiki/Liste_de_sondages_sur_l%27%C3%A9lection_pr%C3%A9sidentielle_fran%C3%A7aise_de_2027,primary,2026-10-09T14:35Z,sha256:995f89405c3579c719f1fb25865d07ab056957343d9e856c81dffe43d74c0372
ifop-2026-06-24-10211,ifop,LCI / Le Figaro / Sud Radio,2026-06-22,2026-06-24,2026-06-25,1539,online,registered,1,S3,melenchon,13.0,https://www.commission-des-sondages.fr/notices/files/notices/2026/juin/10211-pres-iv-ifop-le-figaro-25-juin.pdf,https://www.commission-des-sondages.fr/notices/files/notices/2026/juin/10211-pres-iv-ifop-le-figaro-25-juin.pdf,https://fr.wikipedia.org/wiki/Liste_de_sondages_sur_l%27%C3%A9lection_pr%C3%A9sidentielle_fran%C3%A7aise_de_2027,primary,2026-10-09T14:35Z,sha256:995f89405c3579c719f1fb25865d07ab056957343d9e856c81dffe43d74c0372
ifop-2026-06-24-10211,ifop,LCI / Le Figaro / Sud Radio,2026-06-22,2026-06-24,2026-06-25,1539,online,registered,1,S3,retailleau,11.0,https://www.commission-des-sondages.fr/notices/files/notices/2026/juin/10211-pres-iv-ifop-le-figaro-25-juin.pdf,https://www.commission-des-sondages.fr/notices/files/notices/2026/juin/10211-pres-iv-ifop-le-figaro-25-juin.pdf,https://fr.wikipedia.org/wiki/Liste_de_sondages_sur_l%27%C3%A9lection_pr%C3%A9sidentielle_fran%C3%A7aise_de_2027,primary,2026-10-09T14:35Z,sha256:995f89405c3579c719f1fb25865d07ab056957343d9e856c81dffe43d74c0372
ifop-2026-06-24-10211,ifop,LCI / Le Figaro / Sud Radio,2026-06-22,2026-06-24,2026-06-25,1539,online,registered,1,S3,roussel,2.5,https://www.commission-des-sondages.fr/notices/files/notices/2026/juin/10211-pres-iv-ifop-le-figaro-25-juin.pdf,https://www.commission-des-sondages.fr/notices/files/notices/2026/juin/10211-pres-iv-ifop-le-figaro-25-juin.pdf,https://fr.wikipedia.org/wiki/Liste_de_sondages_sur_l%27%C3%A9lection_pr%C3%A9sidentielle_fran%C3%A7aise_de_2027,primary,2026-10-09T14:35Z,sha256:995f89405c3579c719f1fb25865d07ab056957343d9e856c81dffe43d74c0372
ifop-2026-06-24-10211,ifop,LCI / Le Figaro / Sud Radio,2026-06-22,2026-06-24,2026-06-25,1539,online,registered,1,S3,tondelier,3.5,https://www.commission-des-sondages.fr/notices/files/notices/2026/juin/10211-pres-iv-ifop-le-figaro-25-juin.pdf,https://www.commission-des-sondages.fr/notices/files/notices/2026/juin/10211-pres-iv-ifop-le-figaro-25-juin.pdf,https://fr.wikipedia.org/wiki/Liste_de_sondages_sur_l%27%C3%A9lection_pr%C3%A9sidentielle_fran%C3%A7aise_de_2027,primary,2026-10-09T14:35Z,sha256:995f89405c3579c719f1fb25865d07ab056957343d9e856c81dffe43d74c0372
ifop-2026-06-24-10211,ifop,LCI / Le Figaro / Sud Radio,2026-06-22,2026-06-24,2026-06-25,1539,online,registered,1,S3,zemmour,4.5,https://www.commission-des-sondages.fr/notices/files/notices/2026/juin/10211-pres-iv-ifop-le-figaro-25-juin.pdf,https://www.commission-des-sondages.fr/notices/files/notices/2026/juin/10211-pres-iv-ifop-le-figaro-25-juin.pdf,https://fr.wikipedia.org/wiki/Liste_de_sondages_sur_l%27%C3%A9lection_pr%C3%A9sidentielle_fran%C3%A7aise_de_2027,primary,2026-10-09T14:35Z,sha256:995f89405c3579c719f1fb25865d07ab056957343d9e856c81dffe43d74c0372
ifop-2026-06-24-10211,ifop,LCI / Le Figaro / Sud Radio,2026-06-22,2026-06-24,2026-06-25,1539,online,registered,1,S4,arthaud,1.0,https://www.commission-des-sondages.fr/notices/files/notices/2026/juin/10211-pres-iv-ifop-le-figaro-25-juin.pdf,https://www.commission-des-sondages.fr/notices/files/notices/2026/juin/10211-pres-iv-ifop-le-figaro-25-juin.pdf,https://fr.wikipedia.org/wiki/Liste_de_sondages_sur_l%27%C3%A9lection_pr%C3%A9sidentielle_fran%C3%A7aise_de_2027,primary,2026-10-09T14:35Z,sha256:995f89405c3579c719f1fb25865d07ab056957343d9e856c81dffe43d74c0372
ifop-2026-06-24-10211,ifop,LCI / Le Figaro / Sud Radio,2026-06-22,2026-06-24,2026-06-25,1539,online,registered,1,S4,dupont_aignan,2.0,https://www.commission-des-sondages.fr/notices/files/notices/2026/juin/10211-pres-iv-ifop-le-figaro-25-juin.pdf,https://www.commission-des-sondages.fr/notices/files/notices/2026/juin/10211-pres-iv-ifop-le-figaro-25-juin.pdf,https://fr.wikipedia.org/wiki/Liste_de_sondages_sur_l%27%C3%A9lection_pr%C3%A9sidentielle_fran%C3%A7aise_de_2027,primary,2026-10-09T14:35Z,sha256:995f89405c3579c719f1fb25865d07ab056957343d9e856c81dffe43d74c0372
ifop-2026-06-24-10211,ifop,LCI / Le Figaro / Sud Radio,2026-06-22,2026-06-24,2026-06-25,1539,online,registered,1,S4,glucksmann,9.0,https://www.commission-des-sondages.fr/notices/files/notices/2026/juin/10211-pres-iv-ifop-le-figaro-25-juin.pdf,https://www.commission-des-sondages.fr/notices/files/notices/2026/juin/10211-pres-iv-ifop-le-figaro-25-juin.pdf,https://fr.wikipedia.org/wiki/Liste_de_sondages_sur_l%27%C3%A9lection_pr%C3%A9sidentielle_fran%C3%A7aise_de_2027,primary,2026-10-09T14:35Z,sha256:995f89405c3579c719f1fb25865d07ab056957343d9e856c81dffe43d74c0372
ifop-2026-06-24-10211,ifop,LCI / Le Figaro / Sud Radio,2026-06-22,2026-06-24,2026-06-25,1539,online,registered,1,S4,le_pen,32.0,https://www.commission-des-sondages.fr/notices/files/notices/2026/juin/10211-pres-iv-ifop-le-figaro-25-juin.pdf,https://www.commission-des-sondages.fr/notices/files/notices/2026/juin/10211-pres-iv-ifop-le-figaro-25-juin.pdf,https://fr.wikipedia.org/wiki/Liste_de_sondages_sur_l%27%C3%A9lection_pr%C3%A9sidentielle_fran%C3%A7aise_de_2027,primary,2026-10-09T14:35Z,sha256:995f89405c3579c719f1fb25865d07ab056957343d9e856c81dffe43d74c0372
ifop-2026-06-24-10211,ifop,LCI / Le Figaro / Sud Radio,2026-06-22,2026-06-24,2026-06-25,1539,online,registered,1,S4,melenchon,12.0,https://www.commission-des-sondages.fr/notices/files/notices/2026/juin/10211-pres-iv-ifop-le-figaro-25-juin.pdf,https://www.commission-des-sondages.fr/notices/files/notices/2026/juin/10211-pres-iv-ifop-le-figaro-25-juin.pdf,https://fr.wikipedia.org/wiki/Liste_de_sondages_sur_l%27%C3%A9lection_pr%C3%A9sidentielle_fran%C3%A7aise_de_2027,primary,2026-10-09T14:35Z,sha256:995f89405c3579c719f1fb25865d07ab056957343d9e856c81dffe43d74c0372
ifop-2026-06-24-10211,ifop,LCI / Le Figaro / Sud Radio,2026-06-22,2026-06-24,2026-06-25,1539,online,registered,1,S4,philippe,20.0,https://www.commission-des-sondages.fr/notices/files/notices/2026/juin/10211-pres-iv-ifop-le-figaro-25-juin.pdf,https://www.commission-des-sondages.fr/notices/files/notices/2026/juin/10211-pres-iv-ifop-le-figaro-25-juin.pdf,https://fr.wikipedia.org/wiki/Liste_de_sondages_sur_l%27%C3%A9lection_pr%C3%A9sidentielle_fran%C3%A7aise_de_2027,primary,2026-10-09T14:35Z,sha256:995f89405c3579c719f1fb25865d07ab056957343d9e856c81dffe43d74c0372
ifop-2026-06-24-10211,ifop,LCI / Le Figaro / Sud Radio,2026-06-22,2026-06-24,2026-06-25,1539,online,registered,1,S4,retailleau,11.0,https://www.commission-des-sondages.fr/notices/files/notices/2026/juin/10211-pres-iv-ifop-le-figaro-25-juin.pdf,https://www.commission-des-sondages.fr/notices/files/notices/2026/juin/10211-pres-iv-ifop-le-figaro-25-juin.pdf,https://fr.wikipedia.org/wiki/Liste_de_sondages_sur_l%27%C3%A9lection_pr%C3%A9sidentielle_fran%C3%A7aise_de_2027,primary,2026-10-09T14:35Z,sha256:995f89405c3579c719f1fb25865d07ab056957343d9e856c81dffe43d74c0372
ifop-2026-06-24-10211,ifop,LCI / Le Figaro / Sud Radio,2026-06-22,2026-06-24,2026-06-25,1539,online,registered,1,S4,roussel,3.0,https://www.commission-des-sondages.fr/notices/files/notices/2026/juin/10211-pres-iv-ifop-le-figaro-25-juin.pdf,https://www.commission-des-sondages.fr/notices/files/notices/2026/juin/10211-pres-iv-ifop-le-figaro-25-juin.pdf,https://fr.wikipedia.org/wiki/Liste_de_sondages_sur_l%27%C3%A9lection_pr%C3%A9sidentielle_fran%C3%A7aise_de_2027,primary,2026-10-09T14:35Z,sha256:995f89405c3579c719f1fb25865d07ab056957343d9e856c81dffe43d74c0372
ifop-2026-06-24-10211,ifop,LCI / Le Figaro / Sud Radio,2026-06-22,2026-06-24,2026-06-25,1539,online,registered,1,S4,tondelier,4.0,https://www.commission-des-sondages.fr/notices/files/notices/2026/juin/10211-pres-iv-ifop-le-figaro-25-juin.pdf,https://www.commission-des-sondages.fr/notices/files/notices/2026/juin/10211-pres-iv-ifop-le-figaro-25-juin.pdf,https://fr.wikipedia.org/wiki/Liste_de_sondages_sur_l%27%C3%A9lection_pr%C3%A9sidentielle_fran%C3%A7aise_de_2027,primary,2026-10-09T14:35Z,sha256:995f89405c3579c719f1fb25865d07ab056957343d9e856c81dffe43d74c0372
ifop-2026-06-24-10211,ifop,LCI / Le Figaro / Sud Radio,2026-06-22,2026-06-24,2026-06-25,1539,online,registered,1,S4,zemmour,6.0,https://www.commission-des-sondages.fr/notices/files/notices/2026/juin/10211-pres-iv-ifop-le-figaro-25-juin.pdf,https://www.commission-des-sondages.fr/notices/files/notices/2026/juin/10211-pres-iv-ifop-le-figaro-25-juin.pdf,https://fr.wikipedia.org/wiki/Liste_de_sondages_sur_l%27%C3%A9lection_pr%C3%A9sidentielle_fran%C3%A7aise_de_2027,primary,2026-10-09T14:35Z,sha256:995f89405c3579c719f1fb25865d07ab056957343d9e856c81dffe43d74c0372
ifop-2026-06-24-10211,ifop,LCI / Le Figaro / Sud Radio,2026-06-22,2026-06-24,2026-06-25,1539,online,registered,1,S5,arthaud,1.0,https://www.commission-des-sondages.fr/notices/files/notices/2026/juin/10211-pres-iv-ifop-le-figaro-25-juin.pdf,https://www.commission-des-sondages.fr/notices/files/notices/2026/juin/10211-pres-iv-ifop-le-figaro-25-juin.pdf,https://fr.wikipedia.org/wiki/Liste_de_sondages_sur_l%27%C3%A9lection_pr%C3%A9sidentielle_fran%C3%A7aise_de_2027,primary,2026-10-09T14:35Z,sha256:995f89405c3579c719f1fb25865d07ab056957343d9e856c81dffe43d74c0372
ifop-2026-06-24-10211,ifop,LCI / Le Figaro / Sud Radio,2026-06-22,2026-06-24,2026-06-25,1539,online,registered,1,S5,attal,15.0,https://www.commission-des-sondages.fr/notices/files/notices/2026/juin/10211-pres-iv-ifop-le-figaro-25-juin.pdf,https://www.commission-des-sondages.fr/notices/files/notices/2026/juin/10211-pres-iv-ifop-le-figaro-25-juin.pdf,https://fr.wikipedia.org/wiki/Liste_de_sondages_sur_l%27%C3%A9lection_pr%C3%A9sidentielle_fran%C3%A7aise_de_2027,primary,2026-10-09T14:35Z,sha256:995f89405c3579c719f1fb25865d07ab056957343d9e856c81dffe43d74c0372
ifop-2026-06-24-10211,ifop,LCI / Le Figaro / Sud Radio,2026-06-22,2026-06-24,2026-06-25,1539,online,registered,1,S5,dupont_aignan,3.0,https://www.commission-des-sondages.fr/notices/files/notices/2026/juin/10211-pres-iv-ifop-le-figaro-25-juin.pdf,https://www.commission-des-sondages.fr/notices/files/notices/2026/juin/10211-pres-iv-ifop-le-figaro-25-juin.pdf,https://fr.wikipedia.org/wiki/Liste_de_sondages_sur_l%27%C3%A9lection_pr%C3%A9sidentielle_fran%C3%A7aise_de_2027,primary,2026-10-09T14:35Z,sha256:995f89405c3579c719f1fb25865d07ab056957343d9e856c81dffe43d74c0372
ifop-2026-06-24-10211,ifop,LCI / Le Figaro / Sud Radio,2026-06-22,2026-06-24,2026-06-25,1539,online,registered,1,S5,glucksmann,11.0,https://www.commission-des-sondages.fr/notices/files/notices/2026/juin/10211-pres-iv-ifop-le-figaro-25-juin.pdf,https://www.commission-des-sondages.fr/notices/files/notices/2026/juin/10211-pres-iv-ifop-le-figaro-25-juin.pdf,https://fr.wikipedia.org/wiki/Liste_de_sondages_sur_l%27%C3%A9lection_pr%C3%A9sidentielle_fran%C3%A7aise_de_2027,primary,2026-10-09T14:35Z,sha256:995f89405c3579c719f1fb25865d07ab056957343d9e856c81dffe43d74c0372
ifop-2026-06-24-10211,ifop,LCI / Le Figaro / Sud Radio,2026-06-22,2026-06-24,2026-06-25,1539,online,registered,1,S5,le_pen,32.0,https://www.commission-des-sondages.fr/notices/files/notices/2026/juin/10211-pres-iv-ifop-le-figaro-25-juin.pdf,https://www.commission-des-sondages.fr/notices/files/notices/2026/juin/10211-pres-iv-ifop-le-figaro-25-juin.pdf,https://fr.wikipedia.org/wiki/Liste_de_sondages_sur_l%27%C3%A9lection_pr%C3%A9sidentielle_fran%C3%A7aise_de_2027,primary,2026-10-09T14:35Z,sha256:995f89405c3579c719f1fb25865d07ab056957343d9e856c81dffe43d74c0372
ifop-2026-06-24-10211,ifop,LCI / Le Figaro / Sud Radio,2026-06-22,2026-06-24,2026-06-25,1539,online,registered,1,S5,melenchon,13.0,https://www.commission-des-sondages.fr/notices/files/notices/2026/juin/10211-pres-iv-ifop-le-figaro-25-juin.pdf,https://www.commission-des-sondages.fr/notices/files/notices/2026/juin/10211-pres-iv-ifop-le-figaro-25-juin.pdf,https://fr.wikipedia.org/wiki/Liste_de_sondages_sur_l%27%C3%A9lection_pr%C3%A9sidentielle_fran%C3%A7aise_de_2027,primary,2026-10-09T14:35Z,sha256:995f89405c3579c719f1fb25865d07ab056957343d9e856c81dffe43d74c0372
ifop-2026-06-24-10211,ifop,LCI / Le Figaro / Sud Radio,2026-06-22,2026-06-24,2026-06-25,1539,online,registered,1,S5,retailleau,14.0,https://www.commission-des-sondages.fr/notices/files/notices/2026/juin/10211-pres-iv-ifop-le-figaro-25-juin.pdf,https://www.commission-des-sondages.fr/notices/files/notices/2026/juin/10211-pres-iv-ifop-le-figaro-25-juin.pdf,https://fr.wikipedia.org/wiki/Liste_de_sondages_sur_l%27%C3%A9lection_pr%C3%A9sidentielle_fran%C3%A7aise_de_2027,primary,2026-10-09T14:35Z,sha256:995f89405c3579c719f1fb25865d07ab056957343d9e856c81dffe43d74c0372
ifop-2026-06-24-10211,ifop,LCI / Le Figaro / Sud Radio,2026-06-22,2026-06-24,2026-06-25,1539,online,registered,1,S5,roussel,3.0,https://www.commission-des-sondages.fr/notices/files/notices/2026/juin/10211-pres-iv-ifop-le-figaro-25-juin.pdf,https://www.commission-des-sondages.fr/notices/files/notices/2026/juin/10211-pres-iv-ifop-le-figaro-25-juin.pdf,https://fr.wikipedia.org/wiki/Liste_de_sondages_sur_l%27%C3%A9lection_pr%C3%A9sidentielle_fran%C3%A7aise_de_2027,primary,2026-10-09T14:35Z,sha256:995f89405c3579c719f1fb25865d07ab056957343d9e856c81dffe43d74c0372
ifop-2026-06-24-10211,ifop,LCI / Le Figaro / Sud Radio,2026-06-22,2026-06-24,2026-06-25,1539,online,registered,1,S5,tondelier,3.0,https://www.commission-des-sondages.fr/notices/files/notices/2026/juin/10211-pres-iv-ifop-le-figaro-25-juin.pdf,https://www.commission-des-sondages.fr/notices/files/notices/2026/juin/10211-pres-iv-ifop-le-figaro-25-juin.pdf,https://fr.wikipedia.org/wiki/Liste_de_sondages_sur_l%27%C3%A9lection_pr%C3%A9sidentielle_fran%C3%A7aise_de_2027,primary,2026-10-09T14:35Z,sha256:995f89405c3579c719f1fb25865d07ab056957343d9e856c81dffe43d74c0372
ifop-2026-06-24-10211,ifop,LCI / Le Figaro / Sud Radio,2026-06-22,2026-06-24,2026-06-25,1539,online,registered,1,S5,zemmour,5.0,https://www.commission-des-sondages.fr/notices/files/notices/2026/juin/10211-pres-iv-ifop-le-figaro-25-juin.pdf,https://www.commission-des-sondages.fr/notices/files/notices/2026/juin/10211-pres-iv-ifop-le-figaro-25-juin.pdf,https://fr.wikipedia.org/wiki/Liste_de_sondages_sur_l%27%C3%A9lection_pr%C3%A9sidentielle_fran%C3%A7aise_de_2027,primary,2026-10-09T14:35Z,sha256:995f89405c3579c719f1fb25865d07ab056957343d9e856c81dffe43d74c0372
ifop-2026-06-24-10211,ifop,LCI / Le Figaro / Sud Radio,2026-06-22,2026-06-24,2026-06-25,1539,online,registered,1,S6,arthaud,1.5,https://www.commission-des-sondages.fr/notices/files/notices/2026/juin/10211-pres-iv-ifop-le-figaro-25-juin.pdf,https://www.commission-des-sondages.fr/notices/files/notices/2026/juin/10211-pres-iv-ifop-le-figaro-25-juin.pdf,https://fr.wikipedia.org/wiki/Liste_de_sondages_sur_l%27%C3%A9lection_pr%C3%A9sidentielle_fran%C3%A7aise_de_2027,primary,2026-10-09T14:35Z,sha256:995f89405c3579c719f1fb25865d07ab056957343d9e856c81dffe43d74c0372
ifop-2026-06-24-10211,ifop,LCI / Le Figaro / Sud Radio,2026-06-22,2026-06-24,2026-06-25,1539,online,registered,1,S6,bardella,37.0,https://www.commission-des-sondages.fr/notices/files/notices/2026/juin/10211-pres-iv-ifop-le-figaro-25-juin.pdf,https://www.commission-des-sondages.fr/notices/files/notices/2026/juin/10211-pres-iv-ifop-le-figaro-25-juin.pdf,https://fr.wikipedia.org/wiki/Liste_de_sondages_sur_l%27%C3%A9lection_pr%C3%A9sidentielle_fran%C3%A7aise_de_2027,primary,2026-10-09T14:35Z,sha256:995f89405c3579c719f1fb25865d07ab056957343d9e856c81dffe43d74c0372
ifop-2026-06-24-10211,ifop,LCI / Le Figaro / Sud Radio,2026-06-22,2026-06-24,2026-06-25,1539,online,registered,1,S6,dupont_aignan,3.0,https://www.commission-des-sondages.fr/notices/files/notices/2026/juin/10211-pres-iv-ifop-le-figaro-25-juin.pdf,https://www.commission-des-sondages.fr/notices/files/notices/2026/juin/10211-pres-iv-ifop-le-figaro-25-juin.pdf,https://fr.wikipedia.org/wiki/Liste_de_sondages_sur_l%27%C3%A9lection_pr%C3%A9sidentielle_fran%C3%A7aise_de_2027,primary,2026-10-09T14:35Z,sha256:995f89405c3579c719f1fb25865d07ab056957343d9e856c81dffe43d74c0372
ifop-2026-06-24-10211,ifop,LCI / Le Figaro / Sud Radio,2026-06-22,2026-06-24,2026-06-25,1539,online,registered,1,S6,hollande,9.0,https://www.commission-des-sondages.fr/notices/files/notices/2026/juin/10211-pres-iv-ifop-le-figaro-25-juin.pdf,https://www.commission-des-sondages.fr/notices/files/notices/2026/juin/10211-pres-iv-ifop-le-figaro-25-juin.pdf,https://fr.wikipedia.org/wiki/Liste_de_sondages_sur_l%27%C3%A9lection_pr%C3%A9sidentielle_fran%C3%A7aise_de_2027,primary,2026-10-09T14:35Z,sha256:995f89405c3579c719f1fb25865d07ab056957343d9e856c81dffe43d74c0372
ifop-2026-06-24-10211,ifop,LCI / Le Figaro / Sud Radio,2026-06-22,2026-06-24,2026-06-25,1539,online,registered,1,S6,melenchon,15.0,https://www.commission-des-sondages.fr/notices/files/notices/2026/juin/10211-pres-iv-ifop-le-figaro-25-juin.pdf,https://www.commission-des-sondages.fr/notices/files/notices/2026/juin/10211-pres-iv-ifop-le-figaro-25-juin.pdf,https://fr.wikipedia.org/wiki/Liste_de_sondages_sur_l%27%C3%A9lection_pr%C3%A9sidentielle_fran%C3%A7aise_de_2027,primary,2026-10-09T14:35Z,sha256:995f89405c3579c719f1fb25865d07ab056957343d9e856c81dffe43d74c0372
ifop-2026-06-24-10211,ifop,LCI / Le Figaro / Sud Radio,2026-06-22,2026-06-24,2026-06-25,1539,online,registered,1,S6,philippe,21.0,https://www.commission-des-sondages.fr/notices/files/notices/2026/juin/10211-pres-iv-ifop-le-figaro-25-juin.pdf,https://www.commission-des-sondages.fr/notices/files/notices/2026/juin/10211-pres-iv-ifop-le-figaro-25-juin.pdf,https://fr.wikipedia.org/wiki/Liste_de_sondages_sur_l%27%C3%A9lection_pr%C3%A9sidentielle_fran%C3%A7aise_de_2027,primary,2026-10-09T14:35Z,sha256:995f89405c3579c719f1fb25865d07ab056957343d9e856c81dffe43d74c0372
ifop-2026-06-24-10211,ifop,LCI / Le Figaro / Sud Radio,2026-06-22,2026-06-24,2026-06-25,1539,online,registered,1,S6,retailleau,10.0,https://www.commission-des-sondages.fr/notices/files/notices/2026/juin/10211-pres-iv-ifop-le-figaro-25-juin.pdf,https://www.commission-des-sondages.fr/notices/files/notices/2026/juin/10211-pres-iv-ifop-le-figaro-25-juin.pdf,https://fr.wikipedia.org/wiki/Liste_de_sondages_sur_l%27%C3%A9lection_pr%C3%A9sidentielle_fran%C3%A7aise_de_2027,primary,2026-10-09T14:35Z,sha256:995f89405c3579c719f1fb25865d07ab056957343d9e856c81dffe43d74c0372
ifop-2026-06-24-10211,ifop,LCI / Le Figaro / Sud Radio,2026-06-22,2026-06-24,2026-06-25,1539,online,registered,1,S6,zemmour,3.5,https://www.commission-des-sondages.fr/notices/files/notices/2026/juin/10211-pres-iv-ifop-le-figaro-25-juin.pdf,https://www.commission-des-sondages.fr/notices/files/notices/2026/juin/10211-pres-iv-ifop-le-figaro-25-juin.pdf,https://fr.wikipedia.org/wiki/Liste_de_sondages_sur_l%27%C3%A9lection_pr%C3%A9sidentielle_fran%C3%A7aise_de_2027,primary,2026-10-09T14:35Z,sha256:995f89405c3579c719f1fb25865d07ab056957343d9e856c81dffe43d74c0372
ifop-2026-06-24-10211,ifop,LCI / Le Figaro / Sud Radio,2026-06-22,2026-06-24,2026-06-25,1539,online,registered,1,S7,arthaud,1.5,https://www.commission-des-sondages.fr/notices/files/notices/2026/juin/10211-pres-iv-ifop-le-figaro-25-juin.pdf,https://www.commission-des-sondages.fr/notices/files/notices/2026/juin/10211-pres-iv-ifop-le-figaro-25-juin.pdf,https://fr.wikipedia.org/wiki/Liste_de_sondages_sur_l%27%C3%A9lection_pr%C3%A9sidentielle_fran%C3%A7aise_de_2027,primary,2026-10-09T14:35Z,sha256:995f89405c3579c719f1fb25865d07ab056957343d9e856c81dffe43d74c0372
ifop-2026-06-24-10211,ifop,LCI / Le Figaro / Sud Radio,2026-06-22,2026-06-24,2026-06-25,1539,online,registered,1,S7,bardella,36.0,https://www.commission-des-sondages.fr/notices/files/notices/2026/juin/10211-pres-iv-ifop-le-figaro-25-juin.pdf,https://www.commission-des-sondages.fr/notices/files/notices/2026/juin/10211-pres-iv-ifop-le-figaro-25-juin.pdf,https://fr.wikipedia.org/wiki/Liste_de_sondages_sur_l%27%C3%A9lection_pr%C3%A9sidentielle_fran%C3%A7aise_de_2027,primary,2026-10-09T14:35Z,sha256:995f89405c3579c719f1fb25865d07ab056957343d9e856c81dffe43d74c0372
ifop-2026-06-24-10211,ifop,LCI / Le Figaro / Sud Radio,2026-06-22,2026-06-24,2026-06-25,1539,online,registered,1,S7,dupont_aignan,2.5,https://www.commission-des-sondages.fr/notices/files/notices/2026/juin/10211-pres-iv-ifop-le-figaro-25-juin.pdf,https://www.commission-des-sondages.fr/notices/files/notices/2026/juin/10211-pres-iv-ifop-le-figaro-25-juin.pdf,https://fr.wikipedia.org/wiki/Liste_de_sondages_sur_l%27%C3%A9lection_pr%C3%A9sidentielle_fran%C3%A7aise_de_2027,primary,2026-10-09T14:35Z,sha256:995f89405c3579c719f1fb25865d07ab056957343d9e856c81dffe43d74c0372
ifop-2026-06-24-10211,ifop,LCI / Le Figaro / Sud Radio,2026-06-22,2026-06-24,2026-06-25,1539,online,registered,1,S7,glucksmann,11.0,https://www.commission-des-sondages.fr/notices/files/notices/2026/juin/10211-pres-iv-ifop-le-figaro-25-juin.pdf,https://www.commission-des-sondages.fr/notices/files/notices/2026/juin/10211-pres-iv-ifop-le-figaro-25-juin.pdf,https://fr.wikipedia.org/wiki/Liste_de_sondages_sur_l%27%C3%A9lection_pr%C3%A9sidentielle_fran%C3%A7aise_de_2027,primary,2026-10-09T14:35Z,sha256:995f89405c3579c719f1fb25865d07ab056957343d9e856c81dffe43d74c0372
ifop-2026-06-24-10211,ifop,LCI / Le Figaro / Sud Radio,2026-06-22,2026-06-24,2026-06-25,1539,online,registered,1,S7,melenchon,14.0,https://www.commission-des-sondages.fr/notices/files/notices/2026/juin/10211-pres-iv-ifop-le-figaro-25-juin.pdf,https://www.commission-des-sondages.fr/notices/files/notices/2026/juin/10211-pres-iv-ifop-le-figaro-25-juin.pdf,https://fr.wikipedia.org/wiki/Liste_de_sondages_sur_l%27%C3%A9lection_pr%C3%A9sidentielle_fran%C3%A7aise_de_2027,primary,2026-10-09T14:35Z,sha256:995f89405c3579c719f1fb25865d07ab056957343d9e856c81dffe43d74c0372
ifop-2026-06-24-10211,ifop,LCI / Le Figaro / Sud Radio,2026-06-22,2026-06-24,2026-06-25,1539,online,registered,1,S7,philippe,20.0,https://www.commission-des-sondages.fr/notices/files/notices/2026/juin/10211-pres-iv-ifop-le-figaro-25-juin.pdf,https://www.commission-des-sondages.fr/notices/files/notices/2026/juin/10211-pres-iv-ifop-le-figaro-25-juin.pdf,https://fr.wikipedia.org/wiki/Liste_de_sondages_sur_l%27%C3%A9lection_pr%C3%A9sidentielle_fran%C3%A7aise_de_2027,primary,2026-10-09T14:35Z,sha256:995f89405c3579c719f1fb25865d07ab056957343d9e856c81dffe43d74c0372
ifop-2026-06-24-10211,ifop,LCI / Le Figaro / Sud Radio,2026-06-22,2026-06-24,2026-06-25,1539,online,registered,1,S7,retailleau,11.0,https://www.commission-des-sondages.fr/notices/files/notices/2026/juin/10211-pres-iv-ifop-le-figaro-25-juin.pdf,https://www.commission-des-sondages.fr/notices/files/notices/2026/juin/10211-pres-iv-ifop-le-figaro-25-juin.pdf,https://fr.wikipedia.org/wiki/Liste_de_sondages_sur_l%27%C3%A9lection_pr%C3%A9sidentielle_fran%C3%A7aise_de_2027,primary,2026-10-09T14:35Z,sha256:995f89405c3579c719f1fb25865d07ab056957343d9e856c81dffe43d74c0372
ifop-2026-06-24-10211,ifop,LCI / Le Figaro / Sud Radio,2026-06-22,2026-06-24,2026-06-25,1539,online,registered,1,S7,zemmour,4.0,https://www.commission-des-sondages.fr/notices/files/notices/2026/juin/10211-pres-iv-ifop-le-figaro-25-juin.pdf,https://www.commission-des-sondages.fr/notices/files/notices/2026/juin/10211-pres-iv-ifop-le-figaro-25-juin.pdf,https://fr.wikipedia.org/wiki/Liste_de_sondages_sur_l%27%C3%A9lection_pr%C3%A9sidentielle_fran%C3%A7aise_de_2027,primary,2026-10-09T14:35Z,sha256:995f89405c3579c719f1fb25865d07ab056957343d9e856c81dffe43d74c0372
ifop-2026-06-24-10211,ifop,LCI / Le Figaro / Sud Radio,2026-06-22,2026-06-24,2026-06-25,1539,online,registered,1,S8,arthaud,1.0,https://www.commission-des-sondages.fr/notices/files/notices/2026/juin/10211-pres-iv-ifop-le-figaro-25-juin.pdf,https://www.commission-des-sondages.fr/notices/files/notices/2026/juin/10211-pres-iv-ifop-le-figaro-25-juin.pdf,https://fr.wikipedia.org/wiki/Liste_de_sondages_sur_l%27%C3%A9lection_pr%C3%A9sidentielle_fran%C3%A7aise_de_2027,primary,2026-10-09T14:35Z,sha256:995f89405c3579c719f1fb25865d07ab056957343d9e856c81dffe43d74c0372
ifop-2026-06-24-10211,ifop,LCI / Le Figaro / Sud Radio,2026-06-22,2026-06-24,2026-06-25,1539,online,registered,1,S8,bardella,35.0,https://www.commission-des-sondages.fr/notices/files/notices/2026/juin/10211-pres-iv-ifop-le-figaro-25-juin.pdf,https://www.commission-des-sondages.fr/notices/files/notices/2026/juin/10211-pres-iv-ifop-le-figaro-25-juin.pdf,https://fr.wikipedia.org/wiki/Liste_de_sondages_sur_l%27%C3%A9lection_pr%C3%A9sidentielle_fran%C3%A7aise_de_2027,primary,2026-10-09T14:35Z,sha256:995f89405c3579c719f1fb25865d07ab056957343d9e856c81dffe43d74c0372
ifop-2026-06-24-10211,ifop,LCI / Le Figaro / Sud Radio,2026-06-22,2026-06-24,2026-06-25,1539,online,registered,1,S8,dupont_aignan,2.5,https://www.commission-des-sondages.fr/notices/files/notices/2026/juin/10211-pres-iv-ifop-le-figaro-25-juin.pdf,https://www.commission-des-sondages.fr/notices/files/notices/2026/juin/10211-pres-iv-ifop-le-figaro-25-juin.pdf,https://fr.wikipedia.org/wiki/Liste_de_sondages_sur_l%27%C3%A9lection_pr%C3%A9sidentielle_fran%C3%A7aise_de_2027,primary,2026-10-09T14:35Z,sha256:995f89405c3579c719f1fb25865d07ab056957343d9e856c81dffe43d74c0372
ifop-2026-06-24-10211,ifop,LCI / Le Figaro / Sud Radio,2026-06-22,2026-06-24,2026-06-25,1539,online,registered,1,S8,glucksmann,8.0,https://www.commission-des-sondages.fr/notices/files/notices/2026/juin/10211-pres-iv-ifop-le-figaro-25-juin.pdf,https://www.commission-des-sondages.fr/notices/files/notices/2026/juin/10211-pres-iv-ifop-le-figaro-25-juin.pdf,https://fr.wikipedia.org/wiki/Liste_de_sondages_sur_l%27%C3%A9lection_pr%C3%A9sidentielle_fran%C3%A7aise_de_2027,primary,2026-10-09T14:35Z,sha256:995f89405c3579c719f1fb25865d07ab056957343d9e856c81dffe43d74c0372
ifop-2026-06-24-10211,ifop,LCI / Le Figaro / Sud Radio,2026-06-22,2026-06-24,2026-06-25,1539,online,registered,1,S8,lisnard,2.0,https://www.commission-des-sondages.fr/notices/files/notices/2026/juin/10211-pres-iv-ifop-le-figaro-25-juin.pdf,https://www.commission-des-sondages.fr/notices/files/notices/2026/juin/10211-pres-iv-ifop-le-figaro-25-juin.pdf,https://fr.wikipedia.org/wiki/Liste_de_sondages_sur_l%27%C3%A9lection_pr%C3%A9sidentielle_fran%C3%A7aise_de_2027,primary,2026-10-09T14:35Z,sha256:995f89405c3579c719f1fb25865d07ab056957343d9e856c81dffe43d74c0372
ifop-2026-06-24-10211,ifop,LCI / Le Figaro / Sud Radio,2026-06-22,2026-06-24,2026-06-25,1539,online,registered,1,S8,melenchon,13.0,https://www.commission-des-sondages.fr/notices/files/notices/2026/juin/10211-pres-iv-ifop-le-figaro-25-juin.pdf,https://www.commission-des-sondages.fr/notices/files/notices/2026/juin/10211-pres-iv-ifop-le-figaro-25-juin.pdf,https://fr.wikipedia.org/wiki/Liste_de_sondages_sur_l%27%C3%A9lection_pr%C3%A9sidentielle_fran%C3%A7aise_de_2027,primary,2026-10-09T14:35Z,sha256:995f89405c3579c719f1fb25865d07ab056957343d9e856c81dffe43d74c0372
ifop-2026-06-24-10211,ifop,LCI / Le Figaro / Sud Radio,2026-06-22,2026-06-24,2026-06-25,1539,online,registered,1,S8,philippe,19.0,https://www.commission-des-sondages.fr/notices/files/notices/2026/juin/10211-pres-iv-ifop-le-figaro-25-juin.pdf,https://www.commission-des-sondages.fr/notices/files/notices/2026/juin/10211-pres-iv-ifop-le-figaro-25-juin.pdf,https://fr.wikipedia.org/wiki/Liste_de_sondages_sur_l%27%C3%A9lection_pr%C3%A9sidentielle_fran%C3%A7aise_de_2027,primary,2026-10-09T14:35Z,sha256:995f89405c3579c719f1fb25865d07ab056957343d9e856c81dffe43d74c0372
ifop-2026-06-24-10211,ifop,LCI / Le Figaro / Sud Radio,2026-06-22,2026-06-24,2026-06-25,1539,online,registered,1,S8,retailleau,9.0,https://www.commission-des-sondages.fr/notices/files/notices/2026/juin/10211-pres-iv-ifop-le-figaro-25-juin.pdf,https://www.commission-des-sondages.fr/notices/files/notices/2026/juin/10211-pres-iv-ifop-le-figaro-25-juin.pdf,https://fr.wikipedia.org/wiki/Liste_de_sondages_sur_l%27%C3%A9lection_pr%C3%A9sidentielle_fran%C3%A7aise_de_2027,primary,2026-10-09T14:35Z,sha256:995f89405c3579c719f1fb25865d07ab056957343d9e856c81dffe43d74c0372
ifop-2026-06-24-10211,ifop,LCI / Le Figaro / Sud Radio,2026-06-22,2026-06-24,2026-06-25,1539,online,registered,1,S8,roussel,2.5,https://www.commission-des-sondages.fr/notices/files/notices/2026/juin/10211-pres-iv-ifop-le-figaro-25-juin.pdf,https://www.commission-des-sondages.fr/notices/files/notices/2026/juin/10211-pres-iv-ifop-le-figaro-25-juin.pdf,https://fr.wikipedia.org/wiki/Liste_de_sondages_sur_l%27%C3%A9lection_pr%C3%A9sidentielle_fran%C3%A7aise_de_2027,primary,2026-10-09T14:35Z,sha256:995f89405c3579c719f1fb25865d07ab056957343d9e856c81dffe43d74c0372
ifop-2026-06-24-10211,ifop,LCI / Le Figaro / Sud Radio,2026-06-22,2026-06-24,2026-06-25,1539,online,registered,1,S8,tondelier,3.5,https://www.commission-des-sondages.fr/notices/files/notices/2026/juin/10211-pres-iv-ifop-le-figaro-25-juin.pdf,https://www.commission-des-sondages.fr/notices/files/notices/2026/juin/10211-pres-iv-ifop-le-figaro-25-juin.pdf,https://fr.wikipedia.org/wiki/Liste_de_sondages_sur_l%27%C3%A9lection_pr%C3%A9sidentielle_fran%C3%A7aise_de_2027,primary,2026-10-09T14:35Z,sha256:995f89405c3579c719f1fb25865d07ab056957343d9e856c81dffe43d74c0372
ifop-2026-06-24-10211,ifop,LCI / Le Figaro / Sud Radio,2026-06-22,2026-06-24,2026-06-25,1539,online,registered,1,S8,zemmour,4.5,https://www.commission-des-sondages.fr/notices/files/notices/2026/juin/10211-pres-iv-ifop-le-figaro-25-juin.pdf,https://www.commission-des-sondages.fr/notices/files/notices/2026/juin/10211-pres-iv-ifop-le-figaro-25-juin.pdf,https://fr.wikipedia.org/wiki/Liste_de_sondages_sur_l%27%C3%A9lection_pr%C3%A9sidentielle_fran%C3%A7aise_de_2027,primary,2026-10-09T14:35Z,sha256:995f89405c3579c719f1fb25865d07ab056957343d9e856c81dffe43d74c0372
ifop-2026-07-08-10222,ifop,LCI / Le Figaro,2026-07-07,2026-07-08,2026-07-09,1075,online,registered,1,S1,arthaud,0.5,https://www.commission-des-sondages.fr/notices/files/notices/2026/juillet/10222-pres-ifop-le-figaro-8-juillet.pdf,https://www.commission-des-sondages.fr/notices/files/notices/2026/juillet/10222-pres-ifop-le-figaro-8-juillet.pdf,https://fr.wikipedia.org/wiki/Liste_de_sondages_sur_l%27%C3%A9lection_pr%C3%A9sidentielle_fran%C3%A7aise_de_2027,primary,2026-10-09T14:35Z,sha256:e130c20138fe8ade2b6d32d8ab372cd69ca3027fc74c7207ec97f3ea432490a4
ifop-2026-07-08-10222,ifop,LCI / Le Figaro,2026-07-07,2026-07-08,2026-07-09,1075,online,registered,1,S1,attal,15.0,https://www.commission-des-sondages.fr/notices/files/notices/2026/juillet/10222-pres-ifop-le-figaro-8-juillet.pdf,https://www.commission-des-sondages.fr/notices/files/notices/2026/juillet/10222-pres-ifop-le-figaro-8-juillet.pdf,https://fr.wikipedia.org/wiki/Liste_de_sondages_sur_l%27%C3%A9lection_pr%C3%A9sidentielle_fran%C3%A7aise_de_2027,primary,2026-10-09T14:35Z,sha256:e130c20138fe8ade2b6d32d8ab372cd69ca3027fc74c7207ec97f3ea432490a4
ifop-2026-07-08-10222,ifop,LCI / Le Figaro,2026-07-07,2026-07-08,2026-07-09,1075,online,registered,1,S1,dupont_aignan,2.0,https://www.commission-des-sondages.fr/notices/files/notices/2026/juillet/10222-pres-ifop-le-figaro-8-juillet.pdf,https://www.commission-des-sondages.fr/notices/files/notices/2026/juillet/10222-pres-ifop-le-figaro-8-juillet.pdf,https://fr.wikipedia.org/wiki/Liste_de_sondages_sur_l%27%C3%A9lection_pr%C3%A9sidentielle_fran%C3%A7aise_de_2027,primary,2026-10-09T14:35Z,sha256:e130c20138fe8ade2b6d32d8ab372cd69ca3027fc74c7207ec97f3ea432490a4
ifop-2026-07-08-10222,ifop,LCI / Le Figaro,2026-07-07,2026-07-08,2026-07-09,1075,online,registered,1,S1,glucksmann,12.0,https://www.commission-des-sondages.fr/notices/files/notices/2026/juillet/10222-pres-ifop-le-figaro-8-juillet.pdf,https://www.commission-des-sondages.fr/notices/files/notices/2026/juillet/10222-pres-ifop-le-figaro-8-juillet.pdf,https://fr.wikipedia.org/wiki/Liste_de_sondages_sur_l%27%C3%A9lection_pr%C3%A9sidentielle_fran%C3%A7aise_de_2027,primary,2026-10-09T14:35Z,sha256:e130c20138fe8ade2b6d32d8ab372cd69ca3027fc74c7207ec97f3ea432490a4
ifop-2026-07-08-10222,ifop,LCI / Le Figaro,2026-07-07,2026-07-08,2026-07-09,1075,online,registered,1,S1,le_pen,36.0,https://www.commission-des-sondages.fr/notices/files/notices/2026/juillet/10222-pres-ifop-le-figaro-8-juillet.pdf,https://www.commission-des-sondages.fr/notices/files/notices/2026/juillet/10222-pres-ifop-le-figaro-8-juillet.pdf,https://fr.wikipedia.org/wiki/Liste_de_sondages_sur_l%27%C3%A9lection_pr%C3%A9sidentielle_fran%C3%A7aise_de_2027,primary,2026-10-09T14:35Z,sha256:e130c20138fe8ade2b6d32d8ab372cd69ca3027fc74c7207ec97f3ea432490a4
ifop-2026-07-08-10222,ifop,LCI / Le Figaro,2026-07-07,2026-07-08,2026-07-09,1075,online,registered,1,S1,melenchon,15.0,https://www.commission-des-sondages.fr/notices/files/notices/2026/juillet/10222-pres-ifop-le-figaro-8-juillet.pdf,https://www.commission-des-sondages.fr/notices/files/notices/2026/juillet/10222-pres-ifop-le-figaro-8-juillet.pdf,https://fr.wikipedia.org/wiki/Liste_de_sondages_sur_l%27%C3%A9lection_pr%C3%A9sidentielle_fran%C3%A7aise_de_2027,primary,2026-10-09T14:35Z,sha256:e130c20138fe8ade2b6d32d8ab372cd69ca3027fc74c7207ec97f3ea432490a4
ifop-2026-07-08-10222,ifop,LCI / Le Figaro,2026-07-07,2026-07-08,2026-07-09,1075,online,registered,1,S1,retailleau,10.0,https://www.commission-des-sondages.fr/notices/files/notices/2026/juillet/10222-pres-ifop-le-figaro-8-juillet.pdf,https://www.commission-des-sondages.fr/notices/files/notices/2026/juillet/10222-pres-ifop-le-figaro-8-juillet.pdf,https://fr.wikipedia.org/wiki/Liste_de_sondages_sur_l%27%C3%A9lection_pr%C3%A9sidentielle_fran%C3%A7aise_de_2027,primary,2026-10-09T14:35Z,sha256:e130c20138fe8ade2b6d32d8ab372cd69ca3027fc74c7207ec97f3ea432490a4
ifop-2026-07-08-10222,ifop,LCI / Le Figaro,2026-07-07,2026-07-08,2026-07-09,1075,online,registered,1,S1,roussel,2.0,https://www.commission-des-sondages.fr/notices/files/notices/2026/juillet/10222-pres-ifop-le-figaro-8-juillet.pdf,https://www.commission-des-sondages.fr/notices/files/notices/2026/juillet/10222-pres-ifop-le-figaro-8-juillet.pdf,https://fr.wikipedia.org/wiki/Liste_de_sondages_sur_l%27%C3%A9lection_pr%C3%A9sidentielle_fran%C3%A7aise_de_2027,primary,2026-10-09T14:35Z,sha256:e130c20138fe8ade2b6d32d8ab372cd69ca3027fc74c7207ec97f3ea432490a4
ifop-2026-07-08-10222,ifop,LCI / Le Figaro,2026-07-07,2026-07-08,2026-07-09,1075,online,registered,1,S1,tondelier,4.0,https://www.commission-des-sondages.fr/notices/files/notices/2026/juillet/10222-pres-ifop-le-figaro-8-juillet.pdf,https://www.commission-des-sondages.fr/notices/files/notices/2026/juillet/10222-pres-ifop-le-figaro-8-juillet.pdf,https://fr.wikipedia.org/wiki/Liste_de_sondages_sur_l%27%C3%A9lection_pr%C3%A9sidentielle_fran%C3%A7aise_de_2027,primary,2026-10-09T14:35Z,sha256:e130c20138fe8ade2b6d32d8ab372cd69ca3027fc74c7207ec97f3ea432490a4
ifop-2026-07-08-10222,ifop,LCI / Le Figaro,2026-07-07,2026-07-08,2026-07-09,1075,online,registered,1,S1,zemmour,3.5,https://www.commission-des-sondages.fr/notices/files/notices/2026/juillet/10222-pres-ifop-le-figaro-8-juillet.pdf,https://www.commission-des-sondages.fr/notices/files/notices/2026/juillet/10222-pres-ifop-le-figaro-8-juillet.pdf,https://fr.wikipedia.org/wiki/Liste_de_sondages_sur_l%27%C3%A9lection_pr%C3%A9sidentielle_fran%C3%A7aise_de_2027,primary,2026-10-09T14:35Z,sha256:e130c20138fe8ade2b6d32d8ab372cd69ca3027fc74c7207ec97f3ea432490a4
ifop-2026-07-08-10222,ifop,LCI / Le Figaro,2026-07-07,2026-07-08,2026-07-09,1075,online,registered,1,S2,arthaud,0.5,https://www.commission-des-sondages.fr/notices/files/notices/2026/juillet/10222-pres-ifop-le-figaro-8-juillet.pdf,https://www.commission-des-sondages.fr/notices/files/notices/2026/juillet/10222-pres-ifop-le-figaro-8-juillet.pdf,https://fr.wikipedia.org/wiki/Liste_de_sondages_sur_l%27%C3%A9lection_pr%C3%A9sidentielle_fran%C3%A7aise_de_2027,primary,2026-10-09T14:35Z,sha256:e130c20138fe8ade2b6d32d8ab372cd69ca3027fc74c7207ec97f3ea432490a4
ifop-2026-07-08-10222,ifop,LCI / Le Figaro,2026-07-07,2026-07-08,2026-07-09,1075,online,registered,1,S2,dupont_aignan,2.0,https://www.commission-des-sondages.fr/notices/files/notices/2026/juillet/10222-pres-ifop-le-figaro-8-juillet.pdf,https://www.commission-des-sondages.fr/notices/files/notices/2026/juillet/10222-pres-ifop-le-figaro-8-juillet.pdf,https://fr.wikipedia.org/wiki/Liste_de_sondages_sur_l%27%C3%A9lection_pr%C3%A9sidentielle_fran%C3%A7aise_de_2027,primary,2026-10-09T14:35Z,sha256:e130c20138fe8ade2b6d32d8ab372cd69ca3027fc74c7207ec97f3ea432490a4
ifop-2026-07-08-10222,ifop,LCI / Le Figaro,2026-07-07,2026-07-08,2026-07-09,1075,online,registered,1,S2,glucksmann,9.0,https://www.commission-des-sondages.fr/notices/files/notices/2026/juillet/10222-pres-ifop-le-figaro-8-juillet.pdf,https://www.commission-des-sondages.fr/notices/files/notices/2026/juillet/10222-pres-ifop-le-figaro-8-juillet.pdf,https://fr.wikipedia.org/wiki/Liste_de_sondages_sur_l%27%C3%A9lection_pr%C3%A9sidentielle_fran%C3%A7aise_de_2027,primary,2026-10-09T14:35Z,sha256:e130c20138fe8ade2b6d32d8ab372cd69ca3027fc74c7207ec97f3ea432490a4
ifop-2026-07-08-10222,ifop,LCI / Le Figaro,2026-07-07,2026-07-08,2026-07-09,1075,online,registered,1,S2,le_pen,36.0,https://www.commission-des-sondages.fr/notices/files/notices/2026/juillet/10222-pres-ifop-le-figaro-8-juillet.pdf,https://www.commission-des-sondages.fr/notices/files/notices/2026/juillet/10222-pres-ifop-le-figaro-8-juillet.pdf,https://fr.wikipedia.org/wiki/Liste_de_sondages_sur_l%27%C3%A9lection_pr%C3%A9sidentielle_fran%C3%A7aise_de_2027,primary,2026-10-09T14:35Z,sha256:e130c20138fe8ade2b6d32d8ab372cd69ca3027fc74c7207ec97f3ea432490a4
ifop-2026-07-08-10222,ifop,LCI / Le Figaro,2026-07-07,2026-07-08,2026-07-09,1075,online,registered,1,S2,melenchon,15.0,https://www.commission-des-sondages.fr/notices/files/notices/2026/juillet/10222-pres-ifop-le-figaro-8-juillet.pdf,https://www.commission-des-sondages.fr/notices/files/notices/2026/juillet/10222-pres-ifop-le-figaro-8-juillet.pdf,https://fr.wikipedia.org/wiki/Liste_de_sondages_sur_l%27%C3%A9lection_pr%C3%A9sidentielle_fran%C3%A7aise_de_2027,primary,2026-10-09T14:35Z,sha256:e130c20138fe8ade2b6d32d8ab372cd69ca3027fc74c7207ec97f3ea432490a4
ifop-2026-07-08-10222,ifop,LCI / Le Figaro,2026-07-07,2026-07-08,2026-07-09,1075,online,registered,1,S2,philippe,19.0,https://www.commission-des-sondages.fr/notices/files/notices/2026/juillet/10222-pres-ifop-le-figaro-8-juillet.pdf,https://www.commission-des-sondages.fr/notices/files/notices/2026/juillet/10222-pres-ifop-le-figaro-8-juillet.pdf,https://fr.wikipedia.org/wiki/Liste_de_sondages_sur_l%27%C3%A9lection_pr%C3%A9sidentielle_fran%C3%A7aise_de_2027,primary,2026-10-09T14:35Z,sha256:e130c20138fe8ade2b6d32d8ab372cd69ca3027fc74c7207ec97f3ea432490a4
ifop-2026-07-08-10222,ifop,LCI / Le Figaro,2026-07-07,2026-07-08,2026-07-09,1075,online,registered,1,S2,retailleau,8.0,https://www.commission-des-sondages.fr/notices/files/notices/2026/juillet/10222-pres-ifop-le-figaro-8-juillet.pdf,https://www.commission-des-sondages.fr/notices/files/notices/2026/juillet/10222-pres-ifop-le-figaro-8-juillet.pdf,https://fr.wikipedia.org/wiki/Liste_de_sondages_sur_l%27%C3%A9lection_pr%C3%A9sidentielle_fran%C3%A7aise_de_2027,primary,2026-10-09T14:35Z,sha256:e130c20138fe8ade2b6d32d8ab372cd69ca3027fc74c7207ec97f3ea432490a4
ifop-2026-07-08-10222,ifop,LCI / Le Figaro,2026-07-07,2026-07-08,2026-07-09,1075,online,registered,1,S2,roussel,3.0,https://www.commission-des-sondages.fr/notices/files/notices/2026/juillet/10222-pres-ifop-le-figaro-8-juillet.pdf,https://www.commission-des-sondages.fr/notices/files/notices/2026/juillet/10222-pres-ifop-le-figaro-8-juillet.pdf,https://fr.wikipedia.org/wiki/Liste_de_sondages_sur_l%27%C3%A9lection_pr%C3%A9sidentielle_fran%C3%A7aise_de_2027,primary,2026-10-09T14:35Z,sha256:e130c20138fe8ade2b6d32d8ab372cd69ca3027fc74c7207ec97f3ea432490a4
ifop-2026-07-08-10222,ifop,LCI / Le Figaro,2026-07-07,2026-07-08,2026-07-09,1075,online,registered,1,S2,tondelier,3.5,https://www.commission-des-sondages.fr/notices/files/notices/2026/juillet/10222-pres-ifop-le-figaro-8-juillet.pdf,https://www.commission-des-sondages.fr/notices/files/notices/2026/juillet/10222-pres-ifop-le-figaro-8-juillet.pdf,https://fr.wikipedia.org/wiki/Liste_de_sondages_sur_l%27%C3%A9lection_pr%C3%A9sidentielle_fran%C3%A7aise_de_2027,primary,2026-10-09T14:35Z,sha256:e130c20138fe8ade2b6d32d8ab372cd69ca3027fc74c7207ec97f3ea432490a4
ifop-2026-07-08-10222,ifop,LCI / Le Figaro,2026-07-07,2026-07-08,2026-07-09,1075,online,registered,1,S2,zemmour,4.0,https://www.commission-des-sondages.fr/notices/files/notices/2026/juillet/10222-pres-ifop-le-figaro-8-juillet.pdf,https://www.commission-des-sondages.fr/notices/files/notices/2026/juillet/10222-pres-ifop-le-figaro-8-juillet.pdf,https://fr.wikipedia.org/wiki/Liste_de_sondages_sur_l%27%C3%A9lection_pr%C3%A9sidentielle_fran%C3%A7aise_de_2027,primary,2026-10-09T14:35Z,sha256:e130c20138fe8ade2b6d32d8ab372cd69ca3027fc74c7207ec97f3ea432490a4
ifop-2026-07-08-10222,ifop,LCI / Le Figaro,2026-07-07,2026-07-08,2026-07-09,1075,online,registered,2,H1,attal,45.0,https://www.commission-des-sondages.fr/notices/files/notices/2026/juillet/10222-pres-ifop-le-figaro-8-juillet.pdf,https://www.commission-des-sondages.fr/notices/files/notices/2026/juillet/10222-pres-ifop-le-figaro-8-juillet.pdf,https://fr.wikipedia.org/wiki/Liste_de_sondages_sur_l%27%C3%A9lection_pr%C3%A9sidentielle_fran%C3%A7aise_de_2027,primary,2026-10-09T14:35Z,sha256:e130c20138fe8ade2b6d32d8ab372cd69ca3027fc74c7207ec97f3ea432490a4
ifop-2026-07-08-10222,ifop,LCI / Le Figaro,2026-07-07,2026-07-08,2026-07-09,1075,online,registered,2,H1,le_pen,55.0,https://www.commission-des-sondages.fr/notices/files/notices/2026/juillet/10222-pres-ifop-le-figaro-8-juillet.pdf,https://www.commission-des-sondages.fr/notices/files/notices/2026/juillet/10222-pres-ifop-le-figaro-8-juillet.pdf,https://fr.wikipedia.org/wiki/Liste_de_sondages_sur_l%27%C3%A9lection_pr%C3%A9sidentielle_fran%C3%A7aise_de_2027,primary,2026-10-09T14:35Z,sha256:e130c20138fe8ade2b6d32d8ab372cd69ca3027fc74c7207ec97f3ea432490a4
ifop-2026-07-08-10222,ifop,LCI / Le Figaro,2026-07-07,2026-07-08,2026-07-09,1075,online,registered,2,H2,le_pen,70.0,https://www.commission-des-sondages.fr/notices/files/notices/2026/juillet/10222-pres-ifop-le-figaro-8-juillet.pdf,https://www.commission-des-sondages.fr/notices/files/notices/2026/juillet/10222-pres-ifop-le-figaro-8-juillet.pdf,https://fr.wikipedia.org/wiki/Liste_de_sondages_sur_l%27%C3%A9lection_pr%C3%A9sidentielle_fran%C3%A7aise_de_2027,primary,2026-10-09T14:35Z,sha256:e130c20138fe8ade2b6d32d8ab372cd69ca3027fc74c7207ec97f3ea432490a4
ifop-2026-07-08-10222,ifop,LCI / Le Figaro,2026-07-07,2026-07-08,2026-07-09,1075,online,registered,2,H2,melenchon,30.0,https://www.commission-des-sondages.fr/notices/files/notices/2026/juillet/10222-pres-ifop-le-figaro-8-juillet.pdf,https://www.commission-des-sondages.fr/notices/files/notices/2026/juillet/10222-pres-ifop-le-figaro-8-juillet.pdf,https://fr.wikipedia.org/wiki/Liste_de_sondages_sur_l%27%C3%A9lection_pr%C3%A9sidentielle_fran%C3%A7aise_de_2027,primary,2026-10-09T14:35Z,sha256:e130c20138fe8ade2b6d32d8ab372cd69ca3027fc74c7207ec97f3ea432490a4
ifop-2026-07-08-10222,ifop,LCI / Le Figaro,2026-07-07,2026-07-08,2026-07-09,1075,online,registered,2,H3,le_pen,54.0,https://www.commission-des-sondages.fr/notices/files/notices/2026/juillet/10222-pres-ifop-le-figaro-8-juillet.pdf,https://www.commission-des-sondages.fr/notices/files/notices/2026/juillet/10222-pres-ifop-le-figaro-8-juillet.pdf,https://fr.wikipedia.org/wiki/Liste_de_sondages_sur_l%27%C3%A9lection_pr%C3%A9sidentielle_fran%C3%A7aise_de_2027,primary,2026-10-09T14:35Z,sha256:e130c20138fe8ade2b6d32d8ab372cd69ca3027fc74c7207ec97f3ea432490a4
ifop-2026-07-08-10222,ifop,LCI / Le Figaro,2026-07-07,2026-07-08,2026-07-09,1075,online,registered,2,H3,philippe,46.0,https://www.commission-des-sondages.fr/notices/files/notices/2026/juillet/10222-pres-ifop-le-figaro-8-juillet.pdf,https://www.commission-des-sondages.fr/notices/files/notices/2026/juillet/10222-pres-ifop-le-figaro-8-juillet.pdf,https://fr.wikipedia.org/wiki/Liste_de_sondages_sur_l%27%C3%A9lection_pr%C3%A9sidentielle_fran%C3%A7aise_de_2027,primary,2026-10-09T14:35Z,sha256:e130c20138fe8ade2b6d32d8ab372cd69ca3027fc74c7207ec97f3ea432490a4
toluna-harris-2026-07-08-10223,toluna-harris,M6 / RTL,2026-07-07,2026-07-08,2026-07-09,1837,online,registered,1,S1,arthaud,1.0,https://www.commission-des-sondages.fr/notices/files/notices/2026/juillet/10223-pres-iv-toluna-harris-interactive-rtl-8-juillet.pdf,https://www.commission-des-sondages.fr/notices/files/notices/2026/juillet/10223-pres-iv-toluna-harris-interactive-rtl-8-juillet.pdf,https://fr.wikipedia.org/wiki/Liste_de_sondages_sur_l%27%C3%A9lection_pr%C3%A9sidentielle_fran%C3%A7aise_de_2027,primary,2026-10-09T14:35Z,sha256:4dae1276bef7d683e49582b516dac816cfcca0889671e177cd39c4e23b10cd6a
toluna-harris-2026-07-08-10223,toluna-harris,M6 / RTL,2026-07-07,2026-07-08,2026-07-09,1837,online,registered,1,S1,attal,16.0,https://www.commission-des-sondages.fr/notices/files/notices/2026/juillet/10223-pres-iv-toluna-harris-interactive-rtl-8-juillet.pdf,https://www.commission-des-sondages.fr/notices/files/notices/2026/juillet/10223-pres-iv-toluna-harris-interactive-rtl-8-juillet.pdf,https://fr.wikipedia.org/wiki/Liste_de_sondages_sur_l%27%C3%A9lection_pr%C3%A9sidentielle_fran%C3%A7aise_de_2027,primary,2026-10-09T14:35Z,sha256:4dae1276bef7d683e49582b516dac816cfcca0889671e177cd39c4e23b10cd6a
toluna-harris-2026-07-08-10223,toluna-harris,M6 / RTL,2026-07-07,2026-07-08,2026-07-09,1837,online,registered,1,S1,dupont_aignan,2.0,https://www.commission-des-sondages.fr/notices/files/notices/2026/juillet/10223-pres-iv-toluna-harris-interactive-rtl-8-juillet.pdf,https://www.commission-des-sondages.fr/notices/files/notices/2026/juillet/10223-pres-iv-toluna-harris-interactive-rtl-8-juillet.pdf,https://fr.wikipedia.org/wiki/Liste_de_sondages_sur_l%27%C3%A9lection_pr%C3%A9sidentielle_fran%C3%A7aise_de_2027,primary,2026-10-09T14:35Z,sha256:4dae1276bef7d683e49582b516dac816cfcca0889671e177cd39c4e23b10cd6a
toluna-harris-2026-07-08-10223,toluna-harris,M6 / RTL,2026-07-07,2026-07-08,2026-07-09,1837,online,registered,1,S1,hollande,8.0,https://www.commission-des-sondages.fr/notices/files/notices/2026/juillet/10223-pres-iv-toluna-harris-interactive-rtl-8-juillet.pdf,https://www.commission-des-sondages.fr/notices/files/notices/2026/juillet/10223-pres-iv-toluna-harris-interactive-rtl-8-juillet.pdf,https://fr.wikipedia.org/wiki/Liste_de_sondages_sur_l%27%C3%A9lection_pr%C3%A9sidentielle_fran%C3%A7aise_de_2027,primary,2026-10-09T14:35Z,sha256:4dae1276bef7d683e49582b516dac816cfcca0889671e177cd39c4e23b10cd6a
toluna-harris-2026-07-08-10223,toluna-harris,M6 / RTL,2026-07-07,2026-07-08,2026-07-09,1837,online,registered,1,S1,le_pen,36.0,https://www.commission-des-sondages.fr/notices/files/notices/2026/juillet/10223-pres-iv-toluna-harris-interactive-rtl-8-juillet.pdf,https://www.commission-des-sondages.fr/notices/files/notices/2026/juillet/10223-pres-iv-toluna-harris-interactive-rtl-8-juillet.pdf,https://fr.wikipedia.org/wiki/Liste_de_sondages_sur_l%27%C3%A9lection_pr%C3%A9sidentielle_fran%C3%A7aise_de_2027,primary,2026-10-09T14:35Z,sha256:4dae1276bef7d683e49582b516dac816cfcca0889671e177cd39c4e23b10cd6a
toluna-harris-2026-07-08-10223,toluna-harris,M6 / RTL,2026-07-07,2026-07-08,2026-07-09,1837,online,registered,1,S1,melenchon,16.0,https://www.commission-des-sondages.fr/notices/files/notices/2026/juillet/10223-pres-iv-toluna-harris-interactive-rtl-8-juillet.pdf,https://www.commission-des-sondages.fr/notices/files/notices/2026/juillet/10223-pres-iv-toluna-harris-interactive-rtl-8-juillet.pdf,https://fr.wikipedia.org/wiki/Liste_de_sondages_sur_l%27%C3%A9lection_pr%C3%A9sidentielle_fran%C3%A7aise_de_2027,primary,2026-10-09T14:35Z,sha256:4dae1276bef7d683e49582b516dac816cfcca0889671e177cd39c4e23b10cd6a
toluna-harris-2026-07-08-10223,toluna-harris,M6 / RTL,2026-07-07,2026-07-08,2026-07-09,1837,online,registered,1,S1,retailleau,8.0,https://www.commission-des-sondages.fr/notices/files/notices/2026/juillet/10223-pres-iv-toluna-harris-interactive-rtl-8-juillet.pdf,https://www.commission-des-sondages.fr/notices/files/notices/2026/juillet/10223-pres-iv-toluna-harris-interactive-rtl-8-juillet.pdf,https://fr.wikipedia.org/wiki/Liste_de_sondages_sur_l%27%C3%A9lection_pr%C3%A9sidentielle_fran%C3%A7aise_de_2027,primary,2026-10-09T14:35Z,sha256:4dae1276bef7d683e49582b516dac816cfcca0889671e177cd39c4e23b10cd6a
toluna-harris-2026-07-08-10223,toluna-harris,M6 / RTL,2026-07-07,2026-07-08,2026-07-09,1837,online,registered,1,S1,roussel,3.0,https://www.commission-des-sondages.fr/notices/files/notices/2026/juillet/10223-pres-iv-toluna-harris-interactive-rtl-8-juillet.pdf,https://www.commission-des-sondages.fr/notices/files/notices/2026/juillet/10223-pres-iv-toluna-harris-interactive-rtl-8-juillet.pdf,https://fr.wikipedia.org/wiki/Liste_de_sondages_sur_l%27%C3%A9lection_pr%C3%A9sidentielle_fran%C3%A7aise_de_2027,primary,2026-10-09T14:35Z,sha256:4dae1276bef7d683e49582b516dac816cfcca0889671e177cd39c4e23b10cd6a
toluna-harris-2026-07-08-10223,toluna-harris,M6 / RTL,2026-07-07,2026-07-08,2026-07-09,1837,online,registered,1,S1,tondelier,5.0,https://www.commission-des-sondages.fr/notices/files/notices/2026/juillet/10223-pres-iv-toluna-harris-interactive-rtl-8-juillet.pdf,https://www.commission-des-sondages.fr/notices/files/notices/2026/juillet/10223-pres-iv-toluna-harris-interactive-rtl-8-juillet.pdf,https://fr.wikipedia.org/wiki/Liste_de_sondages_sur_l%27%C3%A9lection_pr%C3%A9sidentielle_fran%C3%A7aise_de_2027,primary,2026-10-09T14:35Z,sha256:4dae1276bef7d683e49582b516dac816cfcca0889671e177cd39c4e23b10cd6a
toluna-harris-2026-07-08-10223,toluna-harris,M6 / RTL,2026-07-07,2026-07-08,2026-07-09,1837,online,registered,1,S1,zemmour,5.0,https://www.commission-des-sondages.fr/notices/files/notices/2026/juillet/10223-pres-iv-toluna-harris-interactive-rtl-8-juillet.pdf,https://www.commission-des-sondages.fr/notices/files/notices/2026/juillet/10223-pres-iv-toluna-harris-interactive-rtl-8-juillet.pdf,https://fr.wikipedia.org/wiki/Liste_de_sondages_sur_l%27%C3%A9lection_pr%C3%A9sidentielle_fran%C3%A7aise_de_2027,primary,2026-10-09T14:35Z,sha256:4dae1276bef7d683e49582b516dac816cfcca0889671e177cd39c4e23b10cd6a
toluna-harris-2026-07-08-10223,toluna-harris,M6 / RTL,2026-07-07,2026-07-08,2026-07-09,1837,online,registered,1,S2,arthaud,1.0,https://www.commission-des-sondages.fr/notices/files/notices/2026/juillet/10223-pres-iv-toluna-harris-interactive-rtl-8-juillet.pdf,https://www.commission-des-sondages.fr/notices/files/notices/2026/juillet/10223-pres-iv-toluna-harris-interactive-rtl-8-juillet.pdf,https://fr.wikipedia.org/wiki/Liste_de_sondages_sur_l%27%C3%A9lection_pr%C3%A9sidentielle_fran%C3%A7aise_de_2027,primary,2026-10-09T14:35Z,sha256:4dae1276bef7d683e49582b516dac816cfcca0889671e177cd39c4e23b10cd6a
toluna-harris-2026-07-08-10223,toluna-harris,M6 / RTL,2026-07-07,2026-07-08,2026-07-09,1837,online,registered,1,S2,dupont_aignan,1.0,https://www.commission-des-sondages.fr/notices/files/notices/2026/juillet/10223-pres-iv-toluna-harris-interactive-rtl-8-juillet.pdf,https://www.commission-des-sondages.fr/notices/files/notices/2026/juillet/10223-pres-iv-toluna-harris-interactive-rtl-8-juillet.pdf,https://fr.wikipedia.org/wiki/Liste_de_sondages_sur_l%27%C3%A9lection_pr%C3%A9sidentielle_fran%C3%A7aise_de_2027,primary,2026-10-09T14:35Z,sha256:4dae1276bef7d683e49582b516dac816cfcca0889671e177cd39c4e23b10cd6a
toluna-harris-2026-07-08-10223,toluna-harris,M6 / RTL,2026-07-07,2026-07-08,2026-07-09,1837,online,registered,1,S2,hollande,8.0,https://www.commission-des-sondages.fr/notices/files/notices/2026/juillet/10223-pres-iv-toluna-harris-interactive-rtl-8-juillet.pdf,https://www.commission-des-sondages.fr/notices/files/notices/2026/juillet/10223-pres-iv-toluna-harris-interactive-rtl-8-juillet.pdf,https://fr.wikipedia.org/wiki/Liste_de_sondages_sur_l%27%C3%A9lection_pr%C3%A9sidentielle_fran%C3%A7aise_de_2027,primary,2026-10-09T14:35Z,sha256:4dae1276bef7d683e49582b516dac816cfcca0889671e177cd39c4e23b10cd6a
toluna-harris-2026-07-08-10223,toluna-harris,M6 / RTL,2026-07-07,2026-07-08,2026-07-09,1837,online,registered,1,S2,le_pen,35.0,https://www.commission-des-sondages.fr/notices/files/notices/2026/juillet/10223-pres-iv-toluna-harris-interactive-rtl-8-juillet.pdf,https://www.commission-des-sondages.fr/notices/files/notices/2026/juillet/10223-pres-iv-toluna-harris-interactive-rtl-8-juillet.pdf,https://fr.wikipedia.org/wiki/Liste_de_sondages_sur_l%27%C3%A9lection_pr%C3%A9sidentielle_fran%C3%A7aise_de_2027,primary,2026-10-09T14:35Z,sha256:4dae1276bef7d683e49582b516dac816cfcca0889671e177cd39c4e23b10cd6a
toluna-harris-2026-07-08-10223,toluna-harris,M6 / RTL,2026-07-07,2026-07-08,2026-07-09,1837,online,registered,1,S2,melenchon,16.0,https://www.commission-des-sondages.fr/notices/files/notices/2026/juillet/10223-pres-iv-toluna-harris-interactive-rtl-8-juillet.pdf,https://www.commission-des-sondages.fr/notices/files/notices/2026/juillet/10223-pres-iv-toluna-harris-interactive-rtl-8-juillet.pdf,https://fr.wikipedia.org/wiki/Liste_de_sondages_sur_l%27%C3%A9lection_pr%C3%A9sidentielle_fran%C3%A7aise_de_2027,primary,2026-10-09T14:35Z,sha256:4dae1276bef7d683e49582b516dac816cfcca0889671e177cd39c4e23b10cd6a
toluna-harris-2026-07-08-10223,toluna-harris,M6 / RTL,2026-07-07,2026-07-08,2026-07-09,1837,online,registered,1,S2,philippe,20.0,https://www.commission-des-sondages.fr/notices/files/notices/2026/juillet/10223-pres-iv-toluna-harris-interactive-rtl-8-juillet.pdf,https://www.commission-des-sondages.fr/notices/files/notices/2026/juillet/10223-pres-iv-toluna-harris-interactive-rtl-8-juillet.pdf,https://fr.wikipedia.org/wiki/Liste_de_sondages_sur_l%27%C3%A9lection_pr%C3%A9sidentielle_fran%C3%A7aise_de_2027,primary,2026-10-09T14:35Z,sha256:4dae1276bef7d683e49582b516dac816cfcca0889671e177cd39c4e23b10cd6a
toluna-harris-2026-07-08-10223,toluna-harris,M6 / RTL,2026-07-07,2026-07-08,2026-07-09,1837,online,registered,1,S2,retailleau,8.0,https://www.commission-des-sondages.fr/notices/files/notices/2026/juillet/10223-pres-iv-toluna-harris-interactive-rtl-8-juillet.pdf,https://www.commission-des-sondages.fr/notices/files/notices/2026/juillet/10223-pres-iv-toluna-harris-interactive-rtl-8-juillet.pdf,https://fr.wikipedia.org/wiki/Liste_de_sondages_sur_l%27%C3%A9lection_pr%C3%A9sidentielle_fran%C3%A7aise_de_2027,primary,2026-10-09T14:35Z,sha256:4dae1276bef7d683e49582b516dac816cfcca0889671e177cd39c4e23b10cd6a
toluna-harris-2026-07-08-10223,toluna-harris,M6 / RTL,2026-07-07,2026-07-08,2026-07-09,1837,online,registered,1,S2,roussel,3.0,https://www.commission-des-sondages.fr/notices/files/notices/2026/juillet/10223-pres-iv-toluna-harris-interactive-rtl-8-juillet.pdf,https://www.commission-des-sondages.fr/notices/files/notices/2026/juillet/10223-pres-iv-toluna-harris-interactive-rtl-8-juillet.pdf,https://fr.wikipedia.org/wiki/Liste_de_sondages_sur_l%27%C3%A9lection_pr%C3%A9sidentielle_fran%C3%A7aise_de_2027,primary,2026-10-09T14:35Z,sha256:4dae1276bef7d683e49582b516dac816cfcca0889671e177cd39c4e23b10cd6a
toluna-harris-2026-07-08-10223,toluna-harris,M6 / RTL,2026-07-07,2026-07-08,2026-07-09,1837,online,registered,1,S2,tondelier,4.0,https://www.commission-des-sondages.fr/notices/files/notices/2026/juillet/10223-pres-iv-toluna-harris-interactive-rtl-8-juillet.pdf,https://www.commission-des-sondages.fr/notices/files/notices/2026/juillet/10223-pres-iv-toluna-harris-interactive-rtl-8-juillet.pdf,https://fr.wikipedia.org/wiki/Liste_de_sondages_sur_l%27%C3%A9lection_pr%C3%A9sidentielle_fran%C3%A7aise_de_2027,primary,2026-10-09T14:35Z,sha256:4dae1276bef7d683e49582b516dac816cfcca0889671e177cd39c4e23b10cd6a
toluna-harris-2026-07-08-10223,toluna-harris,M6 / RTL,2026-07-07,2026-07-08,2026-07-09,1837,online,registered,1,S2,zemmour,4.0,https://www.commission-des-sondages.fr/notices/files/notices/2026/juillet/10223-pres-iv-toluna-harris-interactive-rtl-8-juillet.pdf,https://www.commission-des-sondages.fr/notices/files/notices/2026/juillet/10223-pres-iv-toluna-harris-interactive-rtl-8-juillet.pdf,https://fr.wikipedia.org/wiki/Liste_de_sondages_sur_l%27%C3%A9lection_pr%C3%A9sidentielle_fran%C3%A7aise_de_2027,primary,2026-10-09T14:35Z,sha256:4dae1276bef7d683e49582b516dac816cfcca0889671e177cd39c4e23b10cd6a
toluna-harris-2026-07-08-10223,toluna-harris,M6 / RTL,2026-07-07,2026-07-08,2026-07-09,1837,online,registered,1,S3,arthaud,1.0,https://www.commission-des-sondages.fr/notices/files/notices/2026/juillet/10223-pres-iv-toluna-harris-interactive-rtl-8-juillet.pdf,https://www.commission-des-sondages.fr/notices/files/notices/2026/juillet/10223-pres-iv-toluna-harris-interactive-rtl-8-juillet.pdf,https://fr.wikipedia.org/wiki/Liste_de_sondages_sur_l%27%C3%A9lection_pr%C3%A9sidentielle_fran%C3%A7aise_de_2027,primary,2026-10-09T14:35Z,sha256:4dae1276bef7d683e49582b516dac816cfcca0889671e177cd39c4e23b10cd6a
toluna-harris-2026-07-08-10223,toluna-harris,M6 / RTL,2026-07-07,2026-07-08,2026-07-09,1837,online,registered,1,S3,attal,16.0,https://www.commission-des-sondages.fr/notices/files/notices/2026/juillet/10223-pres-iv-toluna-harris-interactive-rtl-8-juillet.pdf,https://www.commission-des-sondages.fr/notices/files/notices/2026/juillet/10223-pres-iv-toluna-harris-interactive-rtl-8-juillet.pdf,https://fr.wikipedia.org/wiki/Liste_de_sondages_sur_l%27%C3%A9lection_pr%C3%A9sidentielle_fran%C3%A7aise_de_2027,primary,2026-10-09T14:35Z,sha256:4dae1276bef7d683e49582b516dac816cfcca0889671e177cd39c4e23b10cd6a
toluna-harris-2026-07-08-10223,toluna-harris,M6 / RTL,2026-07-07,2026-07-08,2026-07-09,1837,online,registered,1,S3,dupont_aignan,1.0,https://www.commission-des-sondages.fr/notices/files/notices/2026/juillet/10223-pres-iv-toluna-harris-interactive-rtl-8-juillet.pdf,https://www.commission-des-sondages.fr/notices/files/notices/2026/juillet/10223-pres-iv-toluna-harris-interactive-rtl-8-juillet.pdf,https://fr.wikipedia.org/wiki/Liste_de_sondages_sur_l%27%C3%A9lection_pr%C3%A9sidentielle_fran%C3%A7aise_de_2027,primary,2026-10-09T14:35Z,sha256:4dae1276bef7d683e49582b516dac816cfcca0889671e177cd39c4e23b10cd6a
toluna-harris-2026-07-08-10223,toluna-harris,M6 / RTL,2026-07-07,2026-07-08,2026-07-09,1837,online,registered,1,S3,glucksmann,11.0,https://www.commission-des-sondages.fr/notices/files/notices/2026/juillet/10223-pres-iv-toluna-harris-interactive-rtl-8-juillet.pdf,https://www.commission-des-sondages.fr/notices/files/notices/2026/juillet/10223-pres-iv-toluna-harris-interactive-rtl-8-juillet.pdf,https://fr.wikipedia.org/wiki/Liste_de_sondages_sur_l%27%C3%A9lection_pr%C3%A9sidentielle_fran%C3%A7aise_de_2027,primary,2026-10-09T14:35Z,sha256:4dae1276bef7d683e49582b516dac816cfcca0889671e177cd39c4e23b10cd6a
toluna-harris-2026-07-08-10223,toluna-harris,M6 / RTL,2026-07-07,2026-07-08,2026-07-09,1837,online,registered,1,S3,le_pen,36.0,https://www.commission-des-sondages.fr/notices/files/notices/2026/juillet/10223-pres-iv-toluna-harris-interactive-rtl-8-juillet.pdf,https://www.commission-des-sondages.fr/notices/files/notices/2026/juillet/10223-pres-iv-toluna-harris-interactive-rtl-8-juillet.pdf,https://fr.wikipedia.org/wiki/Liste_de_sondages_sur_l%27%C3%A9lection_pr%C3%A9sidentielle_fran%C3%A7aise_de_2027,primary,2026-10-09T14:35Z,sha256:4dae1276bef7d683e49582b516dac816cfcca0889671e177cd39c4e23b10cd6a
toluna-harris-2026-07-08-10223,toluna-harris,M6 / RTL,2026-07-07,2026-07-08,2026-07-09,1837,online,registered,1,S3,melenchon,16.0,https://www.commission-des-sondages.fr/notices/files/notices/2026/juillet/10223-pres-iv-toluna-harris-interactive-rtl-8-juillet.pdf,https://www.commission-des-sondages.fr/notices/files/notices/2026/juillet/10223-pres-iv-toluna-harris-interactive-rtl-8-juillet.pdf,https://fr.wikipedia.org/wiki/Liste_de_sondages_sur_l%27%C3%A9lection_pr%C3%A9sidentielle_fran%C3%A7aise_de_2027,primary,2026-10-09T14:35Z,sha256:4dae1276bef7d683e49582b516dac816cfcca0889671e177cd39c4e23b10cd6a
toluna-harris-2026-07-08-10223,toluna-harris,M6 / RTL,2026-07-07,2026-07-08,2026-07-09,1837,online,registered,1,S3,retailleau,9.0,https://www.commission-des-sondages.fr/notices/files/notices/2026/juillet/10223-pres-iv-toluna-harris-interactive-rtl-8-juillet.pdf,https://www.commission-des-sondages.fr/notices/files/notices/2026/juillet/10223-pres-iv-toluna-harris-interactive-rtl-8-juillet.pdf,https://fr.wikipedia.org/wiki/Liste_de_sondages_sur_l%27%C3%A9lection_pr%C3%A9sidentielle_fran%C3%A7aise_de_2027,primary,2026-10-09T14:35Z,sha256:4dae1276bef7d683e49582b516dac816cfcca0889671e177cd39c4e23b10cd6a
toluna-harris-2026-07-08-10223,toluna-harris,M6 / RTL,2026-07-07,2026-07-08,2026-07-09,1837,online,registered,1,S3,roussel,3.0,https://www.commission-des-sondages.fr/notices/files/notices/2026/juillet/10223-pres-iv-toluna-harris-interactive-rtl-8-juillet.pdf,https://www.commission-des-sondages.fr/notices/files/notices/2026/juillet/10223-pres-iv-toluna-harris-interactive-rtl-8-juillet.pdf,https://fr.wikipedia.org/wiki/Liste_de_sondages_sur_l%27%C3%A9lection_pr%C3%A9sidentielle_fran%C3%A7aise_de_2027,primary,2026-10-09T14:35Z,sha256:4dae1276bef7d683e49582b516dac816cfcca0889671e177cd39c4e23b10cd6a
toluna-harris-2026-07-08-10223,toluna-harris,M6 / RTL,2026-07-07,2026-07-08,2026-07-09,1837,online,registered,1,S3,tondelier,3.0,https://www.commission-des-sondages.fr/notices/files/notices/2026/juillet/10223-pres-iv-toluna-harris-interactive-rtl-8-juillet.pdf,https://www.commission-des-sondages.fr/notices/files/notices/2026/juillet/10223-pres-iv-toluna-harris-interactive-rtl-8-juillet.pdf,https://fr.wikipedia.org/wiki/Liste_de_sondages_sur_l%27%C3%A9lection_pr%C3%A9sidentielle_fran%C3%A7aise_de_2027,primary,2026-10-09T14:35Z,sha256:4dae1276bef7d683e49582b516dac816cfcca0889671e177cd39c4e23b10cd6a
toluna-harris-2026-07-08-10223,toluna-harris,M6 / RTL,2026-07-07,2026-07-08,2026-07-09,1837,online,registered,1,S3,zemmour,4.0,https://www.commission-des-sondages.fr/notices/files/notices/2026/juillet/10223-pres-iv-toluna-harris-interactive-rtl-8-juillet.pdf,https://www.commission-des-sondages.fr/notices/files/notices/2026/juillet/10223-pres-iv-toluna-harris-interactive-rtl-8-juillet.pdf,https://fr.wikipedia.org/wiki/Liste_de_sondages_sur_l%27%C3%A9lection_pr%C3%A9sidentielle_fran%C3%A7aise_de_2027,primary,2026-10-09T14:35Z,sha256:4dae1276bef7d683e49582b516dac816cfcca0889671e177cd39c4e23b10cd6a
toluna-harris-2026-07-08-10223,toluna-harris,M6 / RTL,2026-07-07,2026-07-08,2026-07-09,1837,online,registered,1,S4,arthaud,1.0,https://www.commission-des-sondages.fr/notices/files/notices/2026/juillet/10223-pres-iv-toluna-harris-interactive-rtl-8-juillet.pdf,https://www.commission-des-sondages.fr/notices/files/notices/2026/juillet/10223-pres-iv-toluna-harris-interactive-rtl-8-juillet.pdf,https://fr.wikipedia.org/wiki/Liste_de_sondages_sur_l%27%C3%A9lection_pr%C3%A9sidentielle_fran%C3%A7aise_de_2027,primary,2026-10-09T14:35Z,sha256:4dae1276bef7d683e49582b516dac816cfcca0889671e177cd39c4e23b10cd6a
toluna-harris-2026-07-08-10223,toluna-harris,M6 / RTL,2026-07-07,2026-07-08,2026-07-09,1837,online,registered,1,S4,dupont_aignan,1.0,https://www.commission-des-sondages.fr/notices/files/notices/2026/juillet/10223-pres-iv-toluna-harris-interactive-rtl-8-juillet.pdf,https://www.commission-des-sondages.fr/notices/files/notices/2026/juillet/10223-pres-iv-toluna-harris-interactive-rtl-8-juillet.pdf,https://fr.wikipedia.org/wiki/Liste_de_sondages_sur_l%27%C3%A9lection_pr%C3%A9sidentielle_fran%C3%A7aise_de_2027,primary,2026-10-09T14:35Z,sha256:4dae1276bef7d683e49582b516dac816cfcca0889671e177cd39c4e23b10cd6a
toluna-harris-2026-07-08-10223,toluna-harris,M6 / RTL,2026-07-07,2026-07-08,2026-07-09,1837,online,registered,1,S4,glucksmann,11.0,https://www.commission-des-sondages.fr/notices/files/notices/2026/juillet/10223-pres-iv-toluna-harris-interactive-rtl-8-juillet.pdf,https://www.commission-des-sondages.fr/notices/files/notices/2026/juillet/10223-pres-iv-toluna-harris-interactive-rtl-8-juillet.pdf,https://fr.wikipedia.org/wiki/Liste_de_sondages_sur_l%27%C3%A9lection_pr%C3%A9sidentielle_fran%C3%A7aise_de_2027,primary,2026-10-09T14:35Z,sha256:4dae1276bef7d683e49582b516dac816cfcca0889671e177cd39c4e23b10cd6a
toluna-harris-2026-07-08-10223,toluna-harris,M6 / RTL,2026-07-07,2026-07-08,2026-07-09,1837,online,registered,1,S4,le_pen,34.0,https://www.commission-des-sondages.fr/notices/files/notices/2026/juillet/10223-pres-iv-toluna-harris-interactive-rtl-8-juillet.pdf,https://www.commission-des-sondages.fr/notices/files/notices/2026/juillet/10223-pres-iv-toluna-harris-interactive-rtl-8-juillet.pdf,https://fr.wikipedia.org/wiki/Liste_de_sondages_sur_l%27%C3%A9lection_pr%C3%A9sidentielle_fran%C3%A7aise_de_2027,primary,2026-10-09T14:35Z,sha256:4dae1276bef7d683e49582b516dac816cfcca0889671e177cd39c4e23b10cd6a
toluna-harris-2026-07-08-10223,toluna-harris,M6 / RTL,2026-07-07,2026-07-08,2026-07-09,1837,online,registered,1,S4,melenchon,16.0,https://www.commission-des-sondages.fr/notices/files/notices/2026/juillet/10223-pres-iv-toluna-harris-interactive-rtl-8-juillet.pdf,https://www.commission-des-sondages.fr/notices/files/notices/2026/juillet/10223-pres-iv-toluna-harris-interactive-rtl-8-juillet.pdf,https://fr.wikipedia.org/wiki/Liste_de_sondages_sur_l%27%C3%A9lection_pr%C3%A9sidentielle_fran%C3%A7aise_de_2027,primary,2026-10-09T14:35Z,sha256:4dae1276bef7d683e49582b516dac816cfcca0889671e177cd39c4e23b10cd6a
toluna-harris-2026-07-08-10223,toluna-harris,M6 / RTL,2026-07-07,2026-07-08,2026-07-09,1837,online,registered,1,S4,philippe,20.0,https://www.commission-des-sondages.fr/notices/files/notices/2026/juillet/10223-pres-iv-toluna-harris-interactive-rtl-8-juillet.pdf,https://www.commission-des-sondages.fr/notices/files/notices/2026/juillet/10223-pres-iv-toluna-harris-interactive-rtl-8-juillet.pdf,https://fr.wikipedia.org/wiki/Liste_de_sondages_sur_l%27%C3%A9lection_pr%C3%A9sidentielle_fran%C3%A7aise_de_2027,primary,2026-10-09T14:35Z,sha256:4dae1276bef7d683e49582b516dac816cfcca0889671e177cd39c4e23b10cd6a
toluna-harris-2026-07-08-10223,toluna-harris,M6 / RTL,2026-07-07,2026-07-08,2026-07-09,1837,online,registered,1,S4,retailleau,8.0,https://www.commission-des-sondages.fr/notices/files/notices/2026/juillet/10223-pres-iv-toluna-harris-interactive-rtl-8-juillet.pdf,https://www.commission-des-sondages.fr/notices/files/notices/2026/juillet/10223-pres-iv-toluna-harris-interactive-rtl-8-juillet.pdf,https://fr.wikipedia.org/wiki/Liste_de_sondages_sur_l%27%C3%A9lection_pr%C3%A9sidentielle_fran%C3%A7aise_de_2027,primary,2026-10-09T14:35Z,sha256:4dae1276bef7d683e49582b516dac816cfcca0889671e177cd39c4e23b10cd6a
toluna-harris-2026-07-08-10223,toluna-harris,M6 / RTL,2026-07-07,2026-07-08,2026-07-09,1837,online,registered,1,S4,roussel,2.0,https://www.commission-des-sondages.fr/notices/files/notices/2026/juillet/10223-pres-iv-toluna-harris-interactive-rtl-8-juillet.pdf,https://www.commission-des-sondages.fr/notices/files/notices/2026/juillet/10223-pres-iv-toluna-harris-interactive-rtl-8-juillet.pdf,https://fr.wikipedia.org/wiki/Liste_de_sondages_sur_l%27%C3%A9lection_pr%C3%A9sidentielle_fran%C3%A7aise_de_2027,primary,2026-10-09T14:35Z,sha256:4dae1276bef7d683e49582b516dac816cfcca0889671e177cd39c4e23b10cd6a
toluna-harris-2026-07-08-10223,toluna-harris,M6 / RTL,2026-07-07,2026-07-08,2026-07-09,1837,online,registered,1,S4,tondelier,3.0,https://www.commission-des-sondages.fr/notices/files/notices/2026/juillet/10223-pres-iv-toluna-harris-interactive-rtl-8-juillet.pdf,https://www.commission-des-sondages.fr/notices/files/notices/2026/juillet/10223-pres-iv-toluna-harris-interactive-rtl-8-juillet.pdf,https://fr.wikipedia.org/wiki/Liste_de_sondages_sur_l%27%C3%A9lection_pr%C3%A9sidentielle_fran%C3%A7aise_de_2027,primary,2026-10-09T14:35Z,sha256:4dae1276bef7d683e49582b516dac816cfcca0889671e177cd39c4e23b10cd6a
toluna-harris-2026-07-08-10223,toluna-harris,M6 / RTL,2026-07-07,2026-07-08,2026-07-09,1837,online,registered,1,S4,zemmour,4.0,https://www.commission-des-sondages.fr/notices/files/notices/2026/juillet/10223-pres-iv-toluna-harris-interactive-rtl-8-juillet.pdf,https://www.commission-des-sondages.fr/notices/files/notices/2026/juillet/10223-pres-iv-toluna-harris-interactive-rtl-8-juillet.pdf,https://fr.wikipedia.org/wiki/Liste_de_sondages_sur_l%27%C3%A9lection_pr%C3%A9sidentielle_fran%C3%A7aise_de_2027,primary,2026-10-09T14:35Z,sha256:4dae1276bef7d683e49582b516dac816cfcca0889671e177cd39c4e23b10cd6a
toluna-harris-2026-07-08-10223,toluna-harris,M6 / RTL,2026-07-07,2026-07-08,2026-07-09,1837,online,registered,1,S5,arthaud,1.0,https://www.commission-des-sondages.fr/notices/files/notices/2026/juillet/10223-pres-iv-toluna-harris-interactive-rtl-8-juillet.pdf,https://www.commission-des-sondages.fr/notices/files/notices/2026/juillet/10223-pres-iv-toluna-harris-interactive-rtl-8-juillet.pdf,https://fr.wikipedia.org/wiki/Liste_de_sondages_sur_l%27%C3%A9lection_pr%C3%A9sidentielle_fran%C3%A7aise_de_2027,primary,2026-10-09T14:35Z,sha256:4dae1276bef7d683e49582b516dac816cfcca0889671e177cd39c4e23b10cd6a
toluna-harris-2026-07-08-10223,toluna-harris,M6 / RTL,2026-07-07,2026-07-08,2026-07-09,1837,online,registered,1,S5,attal,8.0,https://www.commission-des-sondages.fr/notices/files/notices/2026/juillet/10223-pres-iv-toluna-harris-interactive-rtl-8-juillet.pdf,https://www.commission-des-sondages.fr/notices/files/notices/2026/juillet/10223-pres-iv-toluna-harris-interactive-rtl-8-juillet.pdf,https://fr.wikipedia.org/wiki/Liste_de_sondages_sur_l%27%C3%A9lection_pr%C3%A9sidentielle_fran%C3%A7aise_de_2027,primary,2026-10-09T14:35Z,sha256:4dae1276bef7d683e49582b516dac816cfcca0889671e177cd39c4e23b10cd6a
toluna-harris-2026-07-08-10223,toluna-harris,M6 / RTL,2026-07-07,2026-07-08,2026-07-09,1837,online,registered,1,S5,dupont_aignan,1.0,https://www.commission-des-sondages.fr/notices/files/notices/2026/juillet/10223-pres-iv-toluna-harris-interactive-rtl-8-juillet.pdf,https://www.commission-des-sondages.fr/notices/files/notices/2026/juillet/10223-pres-iv-toluna-harris-interactive-rtl-8-juillet.pdf,https://fr.wikipedia.org/wiki/Liste_de_sondages_sur_l%27%C3%A9lection_pr%C3%A9sidentielle_fran%C3%A7aise_de_2027,primary,2026-10-09T14:35Z,sha256:4dae1276bef7d683e49582b516dac816cfcca0889671e177cd39c4e23b10cd6a
toluna-harris-2026-07-08-10223,toluna-harris,M6 / RTL,2026-07-07,2026-07-08,2026-07-09,1837,online,registered,1,S5,glucksmann,10.0,https://www.commission-des-sondages.fr/notices/files/notices/2026/juillet/10223-pres-iv-toluna-harris-interactive-rtl-8-juillet.pdf,https://www.commission-des-sondages.fr/notices/files/notices/2026/juillet/10223-pres-iv-toluna-harris-interactive-rtl-8-juillet.pdf,https://fr.wikipedia.org/wiki/Liste_de_sondages_sur_l%27%C3%A9lection_pr%C3%A9sidentielle_fran%C3%A7aise_de_2027,primary,2026-10-09T14:35Z,sha256:4dae1276bef7d683e49582b516dac816cfcca0889671e177cd39c4e23b10cd6a
toluna-harris-2026-07-08-10223,toluna-harris,M6 / RTL,2026-07-07,2026-07-08,2026-07-09,1837,online,registered,1,S5,le_pen,35.0,https://www.commission-des-sondages.fr/notices/files/notices/2026/juillet/10223-pres-iv-toluna-harris-interactive-rtl-8-juillet.pdf,https://www.commission-des-sondages.fr/notices/files/notices/2026/juillet/10223-pres-iv-toluna-harris-interactive-rtl-8-juillet.pdf,https://fr.wikipedia.org/wiki/Liste_de_sondages_sur_l%27%C3%A9lection_pr%C3%A9sidentielle_fran%C3%A7aise_de_2027,primary,2026-10-09T14:35Z,sha256:4dae1276bef7d683e49582b516dac816cfcca0889671e177cd39c4e23b10cd6a
toluna-harris-2026-07-08-10223,toluna-harris,M6 / RTL,2026-07-07,2026-07-08,2026-07-09,1837,online,registered,1,S5,melenchon,16.0,https://www.commission-des-sondages.fr/notices/files/notices/2026/juillet/10223-pres-iv-toluna-harris-interactive-rtl-8-juillet.pdf,https://www.commission-des-sondages.fr/notices/files/notices/2026/juillet/10223-pres-iv-toluna-harris-interactive-rtl-8-juillet.pdf,https://fr.wikipedia.org/wiki/Liste_de_sondages_sur_l%27%C3%A9lection_pr%C3%A9sidentielle_fran%C3%A7aise_de_2027,primary,2026-10-09T14:35Z,sha256:4dae1276bef7d683e49582b516dac816cfcca0889671e177cd39c4e23b10cd6a
toluna-harris-2026-07-08-10223,toluna-harris,M6 / RTL,2026-07-07,2026-07-08,2026-07-09,1837,online,registered,1,S5,philippe,14.0,https://www.commission-des-sondages.fr/notices/files/notices/2026/juillet/10223-pres-iv-toluna-harris-interactive-rtl-8-juillet.pdf,https://www.commission-des-sondages.fr/notices/files/notices/2026/juillet/10223-pres-iv-toluna-harris-interactive-rtl-8-juillet.pdf,https://fr.wikipedia.org/wiki/Liste_de_sondages_sur_l%27%C3%A9lection_pr%C3%A9sidentielle_fran%C3%A7aise_de_2027,primary,2026-10-09T14:35Z,sha256:4dae1276bef7d683e49582b516dac816cfcca0889671e177cd39c4e23b10cd6a
toluna-harris-2026-07-08-10223,toluna-harris,M6 / RTL,2026-07-07,2026-07-08,2026-07-09,1837,online,registered,1,S5,retailleau,7.0,https://www.commission-des-sondages.fr/notices/files/notices/2026/juillet/10223-pres-iv-toluna-harris-interactive-rtl-8-juillet.pdf,https://www.commission-des-sondages.fr/notices/files/notices/2026/juillet/10223-pres-iv-toluna-harris-interactive-rtl-8-juillet.pdf,https://fr.wikipedia.org/wiki/Liste_de_sondages_sur_l%27%C3%A9lection_pr%C3%A9sidentielle_fran%C3%A7aise_de_2027,primary,2026-10-09T14:35Z,sha256:4dae1276bef7d683e49582b516dac816cfcca0889671e177cd39c4e23b10cd6a
toluna-harris-2026-07-08-10223,toluna-harris,M6 / RTL,2026-07-07,2026-07-08,2026-07-09,1837,online,registered,1,S5,roussel,2.0,https://www.commission-des-sondages.fr/notices/files/notices/2026/juillet/10223-pres-iv-toluna-harris-interactive-rtl-8-juillet.pdf,https://www.commission-des-sondages.fr/notices/files/notices/2026/juillet/10223-pres-iv-toluna-harris-interactive-rtl-8-juillet.pdf,https://fr.wikipedia.org/wiki/Liste_de_sondages_sur_l%27%C3%A9lection_pr%C3%A9sidentielle_fran%C3%A7aise_de_2027,primary,2026-10-09T14:35Z,sha256:4dae1276bef7d683e49582b516dac816cfcca0889671e177cd39c4e23b10cd6a
toluna-harris-2026-07-08-10223,toluna-harris,M6 / RTL,2026-07-07,2026-07-08,2026-07-09,1837,online,registered,1,S5,tondelier,2.0,https://www.commission-des-sondages.fr/notices/files/notices/2026/juillet/10223-pres-iv-toluna-harris-interactive-rtl-8-juillet.pdf,https://www.commission-des-sondages.fr/notices/files/notices/2026/juillet/10223-pres-iv-toluna-harris-interactive-rtl-8-juillet.pdf,https://fr.wikipedia.org/wiki/Liste_de_sondages_sur_l%27%C3%A9lection_pr%C3%A9sidentielle_fran%C3%A7aise_de_2027,primary,2026-10-09T14:35Z,sha256:4dae1276bef7d683e49582b516dac816cfcca0889671e177cd39c4e23b10cd6a
toluna-harris-2026-07-08-10223,toluna-harris,M6 / RTL,2026-07-07,2026-07-08,2026-07-09,1837,online,registered,1,S5,zemmour,4.0,https://www.commission-des-sondages.fr/notices/files/notices/2026/juillet/10223-pres-iv-toluna-harris-interactive-rtl-8-juillet.pdf,https://www.commission-des-sondages.fr/notices/files/notices/2026/juillet/10223-pres-iv-toluna-harris-interactive-rtl-8-juillet.pdf,https://fr.wikipedia.org/wiki/Liste_de_sondages_sur_l%27%C3%A9lection_pr%C3%A9sidentielle_fran%C3%A7aise_de_2027,primary,2026-10-09T14:35Z,sha256:4dae1276bef7d683e49582b516dac816cfcca0889671e177cd39c4e23b10cd6a
toluna-harris-2026-07-08-10223,toluna-harris,M6 / RTL,2026-07-07,2026-07-08,2026-07-09,1837,online,registered,2,H1,attal,45.0,https://www.commission-des-sondages.fr/notices/files/notices/2026/juillet/10223-pres-iv-toluna-harris-interactive-rtl-8-juillet.pdf,https://www.commission-des-sondages.fr/notices/files/notices/2026/juillet/10223-pres-iv-toluna-harris-interactive-rtl-8-juillet.pdf,https://fr.wikipedia.org/wiki/Liste_de_sondages_sur_l%27%C3%A9lection_pr%C3%A9sidentielle_fran%C3%A7aise_de_2027,primary,2026-10-09T14:35Z,sha256:4dae1276bef7d683e49582b516dac816cfcca0889671e177cd39c4e23b10cd6a
toluna-harris-2026-07-08-10223,toluna-harris,M6 / RTL,2026-07-07,2026-07-08,2026-07-09,1837,online,registered,2,H1,le_pen,55.0,https://www.commission-des-sondages.fr/notices/files/notices/2026/juillet/10223-pres-iv-toluna-harris-interactive-rtl-8-juillet.pdf,https://www.commission-des-sondages.fr/notices/files/notices/2026/juillet/10223-pres-iv-toluna-harris-interactive-rtl-8-juillet.pdf,https://fr.wikipedia.org/wiki/Liste_de_sondages_sur_l%27%C3%A9lection_pr%C3%A9sidentielle_fran%C3%A7aise_de_2027,primary,2026-10-09T14:35Z,sha256:4dae1276bef7d683e49582b516dac816cfcca0889671e177cd39c4e23b10cd6a
toluna-harris-2026-07-08-10223,toluna-harris,M6 / RTL,2026-07-07,2026-07-08,2026-07-09,1837,online,registered,2,H2,le_pen,67.0,https://www.commission-des-sondages.fr/notices/files/notices/2026/juillet/10223-pres-iv-toluna-harris-interactive-rtl-8-juillet.pdf,https://www.commission-des-sondages.fr/notices/files/notices/2026/juillet/10223-pres-iv-toluna-harris-interactive-rtl-8-juillet.pdf,https://fr.wikipedia.org/wiki/Liste_de_sondages_sur_l%27%C3%A9lection_pr%C3%A9sidentielle_fran%C3%A7aise_de_2027,primary,2026-10-09T14:35Z,sha256:4dae1276bef7d683e49582b516dac816cfcca0889671e177cd39c4e23b10cd6a
toluna-harris-2026-07-08-10223,toluna-harris,M6 / RTL,2026-07-07,2026-07-08,2026-07-09,1837,online,registered,2,H2,melenchon,33.0,https://www.commission-des-sondages.fr/notices/files/notices/2026/juillet/10223-pres-iv-toluna-harris-interactive-rtl-8-juillet.pdf,https://www.commission-des-sondages.fr/notices/files/notices/2026/juillet/10223-pres-iv-toluna-harris-interactive-rtl-8-juillet.pdf,https://fr.wikipedia.org/wiki/Liste_de_sondages_sur_l%27%C3%A9lection_pr%C3%A9sidentielle_fran%C3%A7aise_de_2027,primary,2026-10-09T14:35Z,sha256:4dae1276bef7d683e49582b516dac816cfcca0889671e177cd39c4e23b10cd6a
toluna-harris-2026-07-08-10223,toluna-harris,M6 / RTL,2026-07-07,2026-07-08,2026-07-09,1837,online,registered,2,H3,le_pen,51.0,https://www.commission-des-sondages.fr/notices/files/notices/2026/juillet/10223-pres-iv-toluna-harris-interactive-rtl-8-juillet.pdf,https://www.commission-des-sondages.fr/notices/files/notices/2026/juillet/10223-pres-iv-toluna-harris-interactive-rtl-8-juillet.pdf,https://fr.wikipedia.org/wiki/Liste_de_sondages_sur_l%27%C3%A9lection_pr%C3%A9sidentielle_fran%C3%A7aise_de_2027,primary,2026-10-09T14:35Z,sha256:4dae1276bef7d683e49582b516dac816cfcca0889671e177cd39c4e23b10cd6a
toluna-harris-2026-07-08-10223,toluna-harris,M6 / RTL,2026-07-07,2026-07-08,2026-07-09,1837,online,registered,2,H3,philippe,49.0,https://www.commission-des-sondages.fr/notices/files/notices/2026/juillet/10223-pres-iv-toluna-harris-interactive-rtl-8-juillet.pdf,https://www.commission-des-sondages.fr/notices/files/notices/2026/juillet/10223-pres-iv-toluna-harris-interactive-rtl-8-juillet.pdf,https://fr.wikipedia.org/wiki/Liste_de_sondages_sur_l%27%C3%A9lection_pr%C3%A9sidentielle_fran%C3%A7aise_de_2027,primary,2026-10-09T14:35Z,sha256:4dae1276bef7d683e49582b516dac816cfcca0889671e177cd39c4e23b10cd6a
opinionway-2026-07-09-10224,opinionway,Les Echos / Radio Classique,2026-07-08,2026-07-09,2026-07-10,1042,online,registered,1,S1,arthaud,0.5,https://www.commission-des-sondages.fr/notices/files/notices/2026/juillet/10224-pres-presitrack-opinionway-les-echos-9-juillet.pdf,https://www.commission-des-sondages.fr/notices/files/notices/2026/juillet/10224-pres-presitrack-opinionway-les-echos-9-juillet.pdf,https://fr.wikipedia.org/wiki/Liste_de_sondages_sur_l%27%C3%A9lection_pr%C3%A9sidentielle_fran%C3%A7aise_de_2027,primary,2026-10-09T14:35Z,sha256:1d71c0c2a65931f780e48ebb9a69e62dc009d06e0a6bcfe6fb81aaf3ec2510e5
opinionway-2026-07-09-10224,opinionway,Les Echos / Radio Classique,2026-07-08,2026-07-09,2026-07-10,1042,online,registered,1,S1,attal,7.0,https://www.commission-des-sondages.fr/notices/files/notices/2026/juillet/10224-pres-presitrack-opinionway-les-echos-9-juillet.pdf,https://www.commission-des-sondages.fr/notices/files/notices/2026/juillet/10224-pres-presitrack-opinionway-les-echos-9-juillet.pdf,https://fr.wikipedia.org/wiki/Liste_de_sondages_sur_l%27%C3%A9lection_pr%C3%A9sidentielle_fran%C3%A7aise_de_2027,primary,2026-10-09T14:35Z,sha256:1d71c0c2a65931f780e48ebb9a69e62dc009d06e0a6bcfe6fb81aaf3ec2510e5
opinionway-2026-07-09-10224,opinionway,Les Echos / Radio Classique,2026-07-08,2026-07-09,2026-07-10,1042,online,registered,1,S1,glucksmann,9.0,https://www.commission-des-sondages.fr/notices/files/notices/2026/juillet/10224-pres-presitrack-opinionway-les-echos-9-juillet.pdf,https://www.commission-des-sondages.fr/notices/files/notices/2026/juillet/10224-pres-presitrack-opinionway-les-echos-9-juillet.pdf,https://fr.wikipedia.org/wiki/Liste_de_sondages_sur_l%27%C3%A9lection_pr%C3%A9sidentielle_fran%C3%A7aise_de_2027,primary,2026-10-09T14:35Z,sha256:1d71c0c2a65931f780e48ebb9a69e62dc009d06e0a6bcfe6fb81aaf3ec2510e5
opinionway-2026-07-09-10224,opinionway,Les Echos / Radio Classique,2026-07-08,2026-07-09,2026-07-10,1042,online,registered,1,S1,le_pen,35.0,https://www.commission-des-sondages.fr/notices/files/notices/2026/juillet/10224-pres-presitrack-opinionway-les-echos-9-juillet.pdf,https://www.commission-des-sondages.fr/notices/files/notices/2026/juillet/10224-pres-presitrack-opinionway-les-echos-9-juillet.pdf,https://fr.wikipedia.org/wiki/Liste_de_sondages_sur_l%27%C3%A9lection_pr%C3%A9sidentielle_fran%C3%A7aise_de_2027,primary,2026-10-09T14:35Z,sha256:1d71c0c2a65931f780e48ebb9a69e62dc009d06e0a6bcfe6fb81aaf3ec2510e5
opinionway-2026-07-09-10224,opinionway,Les Echos / Radio Classique,2026-07-08,2026-07-09,2026-07-10,1042,online,registered,1,S1,melenchon,13.0,https://www.commission-des-sondages.fr/notices/files/notices/2026/juillet/10224-pres-presitrack-opinionway-les-echos-9-juillet.pdf,https://www.commission-des-sondages.fr/notices/files/notices/2026/juillet/10224-pres-presitrack-opinionway-les-echos-9-juillet.pdf,https://fr.wikipedia.org/wiki/Liste_de_sondages_sur_l%27%C3%A9lection_pr%C3%A9sidentielle_fran%C3%A7aise_de_2027,primary,2026-10-09T14:35Z,sha256:1d71c0c2a65931f780e48ebb9a69e62dc009d06e0a6bcfe6fb81aaf3ec2510e5
opinionway-2026-07-09-10224,opinionway,Les Echos / Radio Classique,2026-07-08,2026-07-09,2026-07-10,1042,online,registered,1,S1,philippe,18.0,https://www.commission-des-sondages.fr/notices/files/notices/2026/juillet/10224-pres-presitrack-opinionway-les-echos-9-juillet.pdf,https://www.commission-des-sondages.fr/notices/files/notices/2026/juillet/10224-pres-presitrack-opinionway-les-echos-9-juillet.pdf,https://fr.wikipedia.org/wiki/Liste_de_sondages_sur_l%27%C3%A9lection_pr%C3%A9sidentielle_fran%C3%A7aise_de_2027,primary,2026-10-09T14:35Z,sha256:1d71c0c2a65931f780e48ebb9a69e62dc009d06e0a6bcfe6fb81aaf3ec2510e5
opinionway-2026-07-09-10224,opinionway,Les Echos / Radio Classique,2026-07-08,2026-07-09,2026-07-10,1042,online,registered,1,S1,retailleau,8.0,https://www.commission-des-sondages.fr/notices/files/notices/2026/juillet/10224-pres-presitrack-opinionway-les-echos-9-juillet.pdf,https://www.commission-des-sondages.fr/notices/files/notices/2026/juillet/10224-pres-presitrack-opinionway-les-echos-9-juillet.pdf,https://fr.wikipedia.org/wiki/Liste_de_sondages_sur_l%27%C3%A9lection_pr%C3%A9sidentielle_fran%C3%A7aise_de_2027,primary,2026-10-09T14:35Z,sha256:1d71c0c2a65931f780e48ebb9a69e62dc009d06e0a6bcfe6fb81aaf3ec2510e5
opinionway-2026-07-09-10224,opinionway,Les Echos / Radio Classique,2026-07-08,2026-07-09,2026-07-10,1042,online,registered,1,S1,roussel,2.0,https://www.commission-des-sondages.fr/notices/files/notices/2026/juillet/10224-pres-presitrack-opinionway-les-echos-9-juillet.pdf,https://www.commission-des-sondages.fr/notices/files/notices/2026/juillet/10224-pres-presitrack-opinionway-les-echos-9-juillet.pdf,https://fr.wikipedia.org/wiki/Liste_de_sondages_sur_l%27%C3%A9lection_pr%C3%A9sidentielle_fran%C3%A7aise_de_2027,primary,2026-10-09T14:35Z,sha256:1d71c0c2a65931f780e48ebb9a69e62dc009d06e0a6bcfe6fb81aaf3ec2510e5
opinionway-2026-07-09-10224,opinionway,Les Echos / Radio Classique,2026-07-08,2026-07-09,2026-07-10,1042,online,registered,1,S1,tondelier,5.0,https://www.commission-des-sondages.fr/notices/files/notices/2026/juillet/10224-pres-presitrack-opinionway-les-echos-9-juillet.pdf,https://www.commission-des-sondages.fr/notices/files/notices/2026/juillet/10224-pres-presitrack-opinionway-les-echos-9-juillet.pdf,https://fr.wikipedia.org/wiki/Liste_de_sondages_sur_l%27%C3%A9lection_pr%C3%A9sidentielle_fran%C3%A7aise_de_2027,primary,2026-10-09T14:35Z,sha256:1d71c0c2a65931f780e48ebb9a69e62dc009d06e0a6bcfe6fb81aaf3ec2510e5
opinionway-2026-07-09-10224,opinionway,Les Echos / Radio Classique,2026-07-08,2026-07-09,2026-07-10,1042,online,registered,1,S1,zemmour,3.0,https://www.commission-des-sondages.fr/notices/files/notices/2026/juillet/10224-pres-presitrack-opinionway-les-echos-9-juillet.pdf,https://www.commission-des-sondages.fr/notices/files/notices/2026/juillet/10224-pres-presitrack-opinionway-les-echos-9-juillet.pdf,https://fr.wikipedia.org/wiki/Liste_de_sondages_sur_l%27%C3%A9lection_pr%C3%A9sidentielle_fran%C3%A7aise_de_2027,primary,2026-10-09T14:35Z,sha256:1d71c0c2a65931f780e48ebb9a69e62dc009d06e0a6bcfe6fb81aaf3ec2510e5
opinionway-2026-07-09-10224,opinionway,Les Echos / Radio Classique,2026-07-08,2026-07-09,2026-07-10,1042,online,registered,1,S2,arthaud,1.0,https://www.commission-des-sondages.fr/notices/files/notices/2026/juillet/10224-pres-presitrack-opinionway-les-echos-9-juillet.pdf,https://www.commission-des-sondages.fr/notices/files/notices/2026/juillet/10224-pres-presitrack-opinionway-les-echos-9-juillet.pdf,https://fr.wikipedia.org/wiki/Liste_de_sondages_sur_l%27%C3%A9lection_pr%C3%A9sidentielle_fran%C3%A7aise_de_2027,primary,2026-10-09T14:35Z,sha256:1d71c0c2a65931f780e48ebb9a69e62dc009d06e0a6bcfe6fb81aaf3ec2510e5
opinionway-2026-07-09-10224,opinionway,Les Echos / Radio Classique,2026-07-08,2026-07-09,2026-07-10,1042,online,registered,1,S2,attal,16.0,https://www.commission-des-sondages.fr/notices/files/notices/2026/juillet/10224-pres-presitrack-opinionway-les-echos-9-juillet.pdf,https://www.commission-des-sondages.fr/notices/files/notices/2026/juillet/10224-pres-presitrack-opinionway-les-echos-9-juillet.pdf,https://fr.wikipedia.org/wiki/Liste_de_sondages_sur_l%27%C3%A9lection_pr%C3%A9sidentielle_fran%C3%A7aise_de_2027,primary,2026-10-09T14:35Z,sha256:1d71c0c2a65931f780e48ebb9a69e62dc009d06e0a6bcfe6fb81aaf3ec2510e5
opinionway-2026-07-09-10224,opinionway,Les Echos / Radio Classique,2026-07-08,2026-07-09,2026-07-10,1042,online,registered,1,S2,glucksmann,10.0,https://www.commission-des-sondages.fr/notices/files/notices/2026/juillet/10224-pres-presitrack-opinionway-les-echos-9-juillet.pdf,https://www.commission-des-sondages.fr/notices/files/notices/2026/juillet/10224-pres-presitrack-opinionway-les-echos-9-juillet.pdf,https://fr.wikipedia.org/wiki/Liste_de_sondages_sur_l%27%C3%A9lection_pr%C3%A9sidentielle_fran%C3%A7aise_de_2027,primary,2026-10-09T14:35Z,sha256:1d71c0c2a65931f780e48ebb9a69e62dc009d06e0a6bcfe6fb81aaf3ec2510e5
opinionway-2026-07-09-10224,opinionway,Les Echos / Radio Classique,2026-07-08,2026-07-09,2026-07-10,1042,online,registered,1,S2,le_pen,36.0,https://www.commission-des-sondages.fr/notices/files/notices/2026/juillet/10224-pres-presitrack-opinionway-les-echos-9-juillet.pdf,https://www.commission-des-sondages.fr/notices/files/notices/2026/juillet/10224-pres-presitrack-opinionway-les-echos-9-juillet.pdf,https://fr.wikipedia.org/wiki/Liste_de_sondages_sur_l%27%C3%A9lection_pr%C3%A9sidentielle_fran%C3%A7aise_de_2027,primary,2026-10-09T14:35Z,sha256:1d71c0c2a65931f780e48ebb9a69e62dc009d06e0a6bcfe6fb81aaf3ec2510e5
opinionway-2026-07-09-10224,opinionway,Les Echos / Radio Classique,2026-07-08,2026-07-09,2026-07-10,1042,online,registered,1,S2,melenchon,15.0,https://www.commission-des-sondages.fr/notices/files/notices/2026/juillet/10224-pres-presitrack-opinionway-les-echos-9-juillet.pdf,https://www.commission-des-sondages.fr/notices/files/notices/2026/juillet/10224-pres-presitrack-opinionway-les-echos-9-juillet.pdf,https://fr.wikipedia.org/wiki/Liste_de_sondages_sur_l%27%C3%A9lection_pr%C3%A9sidentielle_fran%C3%A7aise_de_2027,primary,2026-10-09T14:35Z,sha256:1d71c0c2a65931f780e48ebb9a69e62dc009d06e0a6bcfe6fb81aaf3ec2510e5
opinionway-2026-07-09-10224,opinionway,Les Echos / Radio Classique,2026-07-08,2026-07-09,2026-07-10,1042,online,registered,1,S2,retailleau,12.0,https://www.commission-des-sondages.fr/notices/files/notices/2026/juillet/10224-pres-presitrack-opinionway-les-echos-9-juillet.pdf,https://www.commission-des-sondages.fr/notices/files/notices/2026/juillet/10224-pres-presitrack-opinionway-les-echos-9-juillet.pdf,https://fr.wikipedia.org/wiki/Liste_de_sondages_sur_l%27%C3%A9lection_pr%C3%A9sidentielle_fran%C3%A7aise_de_2027,primary,2026-10-09T14:35Z,sha256:1d71c0c2a65931f780e48ebb9a69e62dc009d06e0a6bcfe6fb81aaf3ec2510e5
opinionway-2026-07-09-10224,opinionway,Les Echos / Radio Classique,2026-07-08,2026-07-09,2026-07-10,1042,online,registered,1,S2,roussel,2.0,https://www.commission-des-sondages.fr/notices/files/notices/2026/juillet/10224-pres-presitrack-opinionway-les-echos-9-juillet.pdf,https://www.commission-des-sondages.fr/notices/files/notices/2026/juillet/10224-pres-presitrack-opinionway-les-echos-9-juillet.pdf,https://fr.wikipedia.org/wiki/Liste_de_sondages_sur_l%27%C3%A9lection_pr%C3%A9sidentielle_fran%C3%A7aise_de_2027,primary,2026-10-09T14:35Z,sha256:1d71c0c2a65931f780e48ebb9a69e62dc009d06e0a6bcfe6fb81aaf3ec2510e5
opinionway-2026-07-09-10224,opinionway,Les Echos / Radio Classique,2026-07-08,2026-07-09,2026-07-10,1042,online,registered,1,S2,tondelier,5.0,https://www.commission-des-sondages.fr/notices/files/notices/2026/juillet/10224-pres-presitrack-opinionway-les-echos-9-juillet.pdf,https://www.commission-des-sondages.fr/notices/files/notices/2026/juillet/10224-pres-presitrack-opinionway-les-echos-9-juillet.pdf,https://fr.wikipedia.org/wiki/Liste_de_sondages_sur_l%27%C3%A9lection_pr%C3%A9sidentielle_fran%C3%A7aise_de_2027,primary,2026-10-09T14:35Z,sha256:1d71c0c2a65931f780e48ebb9a69e62dc009d06e0a6bcfe6fb81aaf3ec2510e5
opinionway-2026-07-09-10224,opinionway,Les Echos / Radio Classique,2026-07-08,2026-07-09,2026-07-10,1042,online,registered,1,S2,zemmour,3.0,https://www.commission-des-sondages.fr/notices/files/notices/2026/juillet/10224-pres-presitrack-opinionway-les-echos-9-juillet.pdf,https://www.commission-des-sondages.fr/notices/files/notices/2026/juillet/10224-pres-presitrack-opinionway-les-echos-9-juillet.pdf,https://fr.wikipedia.org/wiki/Liste_de_sondages_sur_l%27%C3%A9lection_pr%C3%A9sidentielle_fran%C3%A7aise_de_2027,primary,2026-10-09T14:35Z,sha256:1d71c0c2a65931f780e48ebb9a69e62dc009d06e0a6bcfe6fb81aaf3ec2510e5
opinionway-2026-07-09-10224,opinionway,Les Echos / Radio Classique,2026-07-08,2026-07-09,2026-07-10,1042,online,registered,1,S3,arthaud,1.0,https://www.commission-des-sondages.fr/notices/files/notices/2026/juillet/10224-pres-presitrack-opinionway-les-echos-9-juillet.pdf,https://www.commission-des-sondages.fr/notices/files/notices/2026/juillet/10224-pres-presitrack-opinionway-les-echos-9-juillet.pdf,https://fr.wikipedia.org/wiki/Liste_de_sondages_sur_l%27%C3%A9lection_pr%C3%A9sidentielle_fran%C3%A7aise_de_2027,primary,2026-10-09T14:35Z,sha256:1d71c0c2a65931f780e48ebb9a69e62dc009d06e0a6bcfe6fb81aaf3ec2510e5
opinionway-2026-07-09-10224,opinionway,Les Echos / Radio Classique,2026-07-08,2026-07-09,2026-07-10,1042,online,registered,1,S3,glucksmann,9.0,https://www.commission-des-sondages.fr/notices/files/notices/2026/juillet/10224-pres-presitrack-opinionway-les-echos-9-juillet.pdf,https://www.commission-des-sondages.fr/notices/files/notices/2026/juillet/10224-pres-presitrack-opinionway-les-echos-9-juillet.pdf,https://fr.wikipedia.org/wiki/Liste_de_sondages_sur_l%27%C3%A9lection_pr%C3%A9sidentielle_fran%C3%A7aise_de_2027,primary,2026-10-09T14:35Z,sha256:1d71c0c2a65931f780e48ebb9a69e62dc009d06e0a6bcfe6fb81aaf3ec2510e5
opinionway-2026-07-09-10224,opinionway,Les Echos / Radio Classique,2026-07-08,2026-07-09,2026-07-10,1042,online,registered,1,S3,le_pen,34.0,https://www.commission-des-sondages.fr/notices/files/notices/2026/juillet/10224-pres-presitrack-opinionway-les-echos-9-juillet.pdf,https://www.commission-des-sondages.fr/notices/files/notices/2026/juillet/10224-pres-presitrack-opinionway-les-echos-9-juillet.pdf,https://fr.wikipedia.org/wiki/Liste_de_sondages_sur_l%27%C3%A9lection_pr%C3%A9sidentielle_fran%C3%A7aise_de_2027,primary,2026-10-09T14:35Z,sha256:1d71c0c2a65931f780e48ebb9a69e62dc009d06e0a6bcfe6fb81aaf3ec2510e5
opinionway-2026-07-09-10224,opinionway,Les Echos / Radio Classique,2026-07-08,2026-07-09,2026-07-10,1042,online,registered,1,S3,melenchon,15.0,https://www.commission-des-sondages.fr/notices/files/notices/2026/juillet/10224-pres-presitrack-opinionway-les-echos-9-juillet.pdf,https://www.commission-des-sondages.fr/notices/files/notices/2026/juillet/10224-pres-presitrack-opinionway-les-echos-9-juillet.pdf,https://fr.wikipedia.org/wiki/Liste_de_sondages_sur_l%27%C3%A9lection_pr%C3%A9sidentielle_fran%C3%A7aise_de_2027,primary,2026-10-09T14:35Z,sha256:1d71c0c2a65931f780e48ebb9a69e62dc009d06e0a6bcfe6fb81aaf3ec2510e5
opinionway-2026-07-09-10224,opinionway,Les Echos / Radio Classique,2026-07-08,2026-07-09,2026-07-10,1042,online,registered,1,S3,philippe,22.0,https://www.commission-des-sondages.fr/notices/files/notices/2026/juillet/10224-pres-presitrack-opinionway-les-echos-9-juillet.pdf,https://www.commission-des-sondages.fr/notices/files/notices/2026/juillet/10224-pres-presitrack-opinionway-les-echos-9-juillet.pdf,https://fr.wikipedia.org/wiki/Liste_de_sondages_sur_l%27%C3%A9lection_pr%C3%A9sidentielle_fran%C3%A7aise_de_2027,primary,2026-10-09T14:35Z,sha256:1d71c0c2a65931f780e48ebb9a69e62dc009d06e0a6bcfe6fb81aaf3ec2510e5
opinionway-2026-07-09-10224,opinionway,Les Echos / Radio Classique,2026-07-08,2026-07-09,2026-07-10,1042,online,registered,1,S3,retailleau,9.0,https://www.commission-des-sondages.fr/notices/files/notices/2026/juillet/10224-pres-presitrack-opinionway-les-echos-9-juillet.pdf,https://www.commission-des-sondages.fr/notices/files/notices/2026/juillet/10224-pres-presitrack-opinionway-les-echos-9-juillet.pdf,https://fr.wikipedia.org/wiki/Liste_de_sondages_sur_l%27%C3%A9lection_pr%C3%A9sidentielle_fran%C3%A7aise_de_2027,primary,2026-10-09T14:35Z,sha256:1d71c0c2a65931f780e48ebb9a69e62dc009d06e0a6bcfe6fb81aaf3ec2510e5
opinionway-2026-07-09-10224,opinionway,Les Echos / Radio Classique,2026-07-08,2026-07-09,2026-07-10,1042,online,registered,1,S3,roussel,2.0,https://www.commission-des-sondages.fr/notices/files/notices/2026/juillet/10224-pres-presitrack-opinionway-les-echos-9-juillet.pdf,https://www.commission-des-sondages.fr/notices/files/notices/2026/juillet/10224-pres-presitrack-opinionway-les-echos-9-juillet.pdf,https://fr.wikipedia.org/wiki/Liste_de_sondages_sur_l%27%C3%A9lection_pr%C3%A9sidentielle_fran%C3%A7aise_de_2027,primary,2026-10-09T14:35Z,sha256:1d71c0c2a65931f780e48ebb9a69e62dc009d06e0a6bcfe6fb81aaf3ec2510e5
opinionway-2026-07-09-10224,opinionway,Les Echos / Radio Classique,2026-07-08,2026-07-09,2026-07-10,1042,online,registered,1,S3,tondelier,4.0,https://www.commission-des-sondages.fr/notices/files/notices/2026/juillet/10224-pres-presitrack-opinionway-les-echos-9-juillet.pdf,https://www.commission-des-sondages.fr/notices/files/notices/2026/juillet/10224-pres-presitrack-opinionway-les-echos-9-juillet.pdf,https://fr.wikipedia.org/wiki/Liste_de_sondages_sur_l%27%C3%A9lection_pr%C3%A9sidentielle_fran%C3%A7aise_de_2027,primary,2026-10-09T14:35Z,sha256:1d71c0c2a65931f780e48ebb9a69e62dc009d06e0a6bcfe6fb81aaf3ec2510e5
opinionway-2026-07-09-10224,opinionway,Les Echos / Radio Classique,2026-07-08,2026-07-09,2026-07-10,1042,online,registered,1,S3,zemmour,4.0,https://www.commission-des-sondages.fr/notices/files/notices/2026/juillet/10224-pres-presitrack-opinionway-les-echos-9-juillet.pdf,https://www.commission-des-sondages.fr/notices/files/notices/2026/juillet/10224-pres-presitrack-opinionway-les-echos-9-juillet.pdf,https://fr.wikipedia.org/wiki/Liste_de_sondages_sur_l%27%C3%A9lection_pr%C3%A9sidentielle_fran%C3%A7aise_de_2027,primary,2026-10-09T14:35Z,sha256:1d71c0c2a65931f780e48ebb9a69e62dc009d06e0a6bcfe6fb81aaf3ec2510e5
verian-2026-07-10-10225,verian,L'Hemicycle,2026-07-08,2026-07-10,2026-07-10,1047,online,registered,1,S1,attal,8.0,https://www.commission-des-sondages.fr/notices/files/notices/2026/juillet/10225-pres-iv-1er-tour-verian-lhemicycle-10-juillet.pdf,https://www.commission-des-sondages.fr/notices/files/notices/2026/juillet/10225-pres-iv-1er-tour-verian-lhemicycle-10-juillet.pdf,https://fr.wikipedia.org/wiki/Liste_de_sondages_sur_l%27%C3%A9lection_pr%C3%A9sidentielle_fran%C3%A7aise_de_2027,primary,2026-10-09T14:35Z,sha256:97e6fd54d6ac824732ff8195c747a482867b5eb696f18870dbea6cf6adc7f383
verian-2026-07-10-10225,verian,L'Hemicycle,2026-07-08,2026-07-10,2026-07-10,1047,online,registered,1,S1,glucksmann,11.0,https://www.commission-des-sondages.fr/notices/files/notices/2026/juillet/10225-pres-iv-1er-tour-verian-lhemicycle-10-juillet.pdf,https://www.commission-des-sondages.fr/notices/files/notices/2026/juillet/10225-pres-iv-1er-tour-verian-lhemicycle-10-juillet.pdf,https://fr.wikipedia.org/wiki/Liste_de_sondages_sur_l%27%C3%A9lection_pr%C3%A9sidentielle_fran%C3%A7aise_de_2027,primary,2026-10-09T14:35Z,sha256:97e6fd54d6ac824732ff8195c747a482867b5eb696f18870dbea6cf6adc7f383
verian-2026-07-10-10225,verian,L'Hemicycle,2026-07-08,2026-07-10,2026-07-10,1047,online,registered,1,S1,le_pen,37.0,https://www.commission-des-sondages.fr/notices/files/notices/2026/juillet/10225-pres-iv-1er-tour-verian-lhemicycle-10-juillet.pdf,https://www.commission-des-sondages.fr/notices/files/notices/2026/juillet/10225-pres-iv-1er-tour-verian-lhemicycle-10-juillet.pdf,https://fr.wikipedia.org/wiki/Liste_de_sondages_sur_l%27%C3%A9lection_pr%C3%A9sidentielle_fran%C3%A7aise_de_2027,primary,2026-10-09T14:35Z,sha256:97e6fd54d6ac824732ff8195c747a482867b5eb696f18870dbea6cf6adc7f383
verian-2026-07-10-10225,verian,L'Hemicycle,2026-07-08,2026-07-10,2026-07-10,1047,online,registered,1,S1,melenchon,15.0,https://www.commission-des-sondages.fr/notices/files/notices/2026/juillet/10225-pres-iv-1er-tour-verian-lhemicycle-10-juillet.pdf,https://www.commission-des-sondages.fr/notices/files/notices/2026/juillet/10225-pres-iv-1er-tour-verian-lhemicycle-10-juillet.pdf,https://fr.wikipedia.org/wiki/Liste_de_sondages_sur_l%27%C3%A9lection_pr%C3%A9sidentielle_fran%C3%A7aise_de_2027,primary,2026-10-09T14:35Z,sha256:97e6fd54d6ac824732ff8195c747a482867b5eb696f18870dbea6cf6adc7f383
verian-2026-07-10-10225,verian,L'Hemicycle,2026-07-08,2026-07-10,2026-07-10,1047,online,registered,1,S1,philippe,17.0,https://www.commission-des-sondages.fr/notices/files/notices/2026/juillet/10225-pres-iv-1er-tour-verian-lhemicycle-10-juillet.pdf,https://www.commission-des-sondages.fr/notices/files/notices/2026/juillet/10225-pres-iv-1er-tour-verian-lhemicycle-10-juillet.pdf,https://fr.wikipedia.org/wiki/Liste_de_sondages_sur_l%27%C3%A9lection_pr%C3%A9sidentielle_fran%C3%A7aise_de_2027,primary,2026-10-09T14:35Z,sha256:97e6fd54d6ac824732ff8195c747a482867b5eb696f18870dbea6cf6adc7f383
verian-2026-07-10-10225,verian,L'Hemicycle,2026-07-08,2026-07-10,2026-07-10,1047,online,registered,1,S1,retailleau,7.0,https://www.commission-des-sondages.fr/notices/files/notices/2026/juillet/10225-pres-iv-1er-tour-verian-lhemicycle-10-juillet.pdf,https://www.commission-des-sondages.fr/notices/files/notices/2026/juillet/10225-pres-iv-1er-tour-verian-lhemicycle-10-juillet.pdf,https://fr.wikipedia.org/wiki/Liste_de_sondages_sur_l%27%C3%A9lection_pr%C3%A9sidentielle_fran%C3%A7aise_de_2027,primary,2026-10-09T14:35Z,sha256:97e6fd54d6ac824732ff8195c747a482867b5eb696f18870dbea6cf6adc7f383
verian-2026-07-10-10225,verian,L'Hemicycle,2026-07-08,2026-07-10,2026-07-10,1047,online,registered,1,S1,roussel,2.0,https://www.commission-des-sondages.fr/notices/files/notices/2026/juillet/10225-pres-iv-1er-tour-verian-lhemicycle-10-juillet.pdf,https://www.commission-des-sondages.fr/notices/files/notices/2026/juillet/10225-pres-iv-1er-tour-verian-lhemicycle-10-juillet.pdf,https://fr.wikipedia.org/wiki/Liste_de_sondages_sur_l%27%C3%A9lection_pr%C3%A9sidentielle_fran%C3%A7aise_de_2027,primary,2026-10-09T14:35Z,sha256:97e6fd54d6ac824732ff8195c747a482867b5eb696f18870dbea6cf6adc7f383
verian-2026-07-10-10225,verian,L'Hemicycle,2026-07-08,2026-07-10,2026-07-10,1047,online,registered,1,S1,zemmour,3.0,https://www.commission-des-sondages.fr/notices/files/notices/2026/juillet/10225-pres-iv-1er-tour-verian-lhemicycle-10-juillet.pdf,https://www.commission-des-sondages.fr/notices/files/notices/2026/juillet/10225-pres-iv-1er-tour-verian-lhemicycle-10-juillet.pdf,https://fr.wikipedia.org/wiki/Liste_de_sondages_sur_l%27%C3%A9lection_pr%C3%A9sidentielle_fran%C3%A7aise_de_2027,primary,2026-10-09T14:35Z,sha256:97e6fd54d6ac824732ff8195c747a482867b5eb696f18870dbea6cf6adc7f383
elabe-2026-07-10-10226,elabe,BFMTV / La Tribune Dimanche,2026-07-09,2026-07-10,2026-07-11,1503,online,likely,1,S1,arthaud,1.0,https://www.commission-des-sondages.fr/notices/files/notices/2026/juillet/10226-pres-elabe-11-juillet.pdf,https://www.commission-des-sondages.fr/notices/files/notices/2026/juillet/10226-pres-elabe-11-juillet.pdf,https://fr.wikipedia.org/wiki/Liste_de_sondages_sur_l%27%C3%A9lection_pr%C3%A9sidentielle_fran%C3%A7aise_de_2027,primary,2026-10-09T14:35Z,sha256:40f92da22c39576679d3434b5a01233f2fd4b4ab6f5321a097b7fca974a0571a
elabe-2026-07-10-10226,elabe,BFMTV / La Tribune Dimanche,2026-07-09,2026-07-10,2026-07-11,1503,online,likely,1,S1,dupont_aignan,1.5,https://www.commission-des-sondages.fr/notices/files/notices/2026/juillet/10226-pres-elabe-11-juillet.pdf,https://www.commission-des-sondages.fr/notices/files/notices/2026/juillet/10226-pres-elabe-11-juillet.pdf,https://fr.wikipedia.org/wiki/Liste_de_sondages_sur_l%27%C3%A9lection_pr%C3%A9sidentielle_fran%C3%A7aise_de_2027,primary,2026-10-09T14:35Z,sha256:40f92da22c39576679d3434b5a01233f2fd4b4ab6f5321a097b7fca974a0571a
elabe-2026-07-10-10226,elabe,BFMTV / La Tribune Dimanche,2026-07-09,2026-07-10,2026-07-11,1503,online,likely,1,S1,glucksmann,10.5,https://www.commission-des-sondages.fr/notices/files/notices/2026/juillet/10226-pres-elabe-11-juillet.pdf,https://www.commission-des-sondages.fr/notices/files/notices/2026/juillet/10226-pres-elabe-11-juillet.pdf,https://fr.wikipedia.org/wiki/Liste_de_sondages_sur_l%27%C3%A9lection_pr%C3%A9sidentielle_fran%C3%A7aise_de_2027,primary,2026-10-09T14:35Z,sha256:40f92da22c39576679d3434b5a01233f2fd4b4ab6f5321a097b7fca974a0571a
elabe-2026-07-10-10226,elabe,BFMTV / La Tribune Dimanche,2026-07-09,2026-07-10,2026-07-11,1503,online,likely,1,S1,le_pen,35.0,https://www.commission-des-sondages.fr/notices/files/notices/2026/juillet/10226-pres-elabe-11-juillet.pdf,https://www.commission-des-sondages.fr/notices/files/notices/2026/juillet/10226-pres-elabe-11-juillet.pdf,https://fr.wikipedia.org/wiki/Liste_de_sondages_sur_l%27%C3%A9lection_pr%C3%A9sidentielle_fran%C3%A7aise_de_2027,primary,2026-10-09T14:35Z,sha256:40f92da22c39576679d3434b5a01233f2fd4b4ab6f5321a097b7fca974a0571a
elabe-2026-07-10-10226,elabe,BFMTV / La Tribune Dimanche,2026-07-09,2026-07-10,2026-07-11,1503,online,likely,1,S1,melenchon,16.0,https://www.commission-des-sondages.fr/notices/files/notices/2026/juillet/10226-pres-elabe-11-juillet.pdf,https://www.commission-des-sondages.fr/notices/files/notices/2026/juillet/10226-pres-elabe-11-juillet.pdf,https://fr.wikipedia.org/wiki/Liste_de_sondages_sur_l%27%C3%A9lection_pr%C3%A9sidentielle_fran%C3%A7aise_de_2027,primary,2026-10-09T14:35Z,sha256:40f92da22c39576679d3434b5a01233f2fd4b4ab6f5321a097b7fca974a0571a
elabe-2026-07-10-10226,elabe,BFMTV / La Tribune Dimanche,2026-07-09,2026-07-10,2026-07-11,1503,online,likely,1,S1,philippe,16.5,https://www.commission-des-sondages.fr/notices/files/notices/2026/juillet/10226-pres-elabe-11-juillet.pdf,https://www.commission-des-sondages.fr/notices/files/notices/2026/juillet/10226-pres-elabe-11-juillet.pdf,https://fr.wikipedia.org/wiki/Liste_de_sondages_sur_l%27%C3%A9lection_pr%C3%A9sidentielle_fran%C3%A7aise_de_2027,primary,2026-10-09T14:35Z,sha256:40f92da22c39576679d3434b5a01233f2fd4b4ab6f5321a097b7fca974a0571a
elabe-2026-07-10-10226,elabe,BFMTV / La Tribune Dimanche,2026-07-09,2026-07-10,2026-07-11,1503,online,likely,1,S1,retailleau,8.0,https://www.commission-des-sondages.fr/notices/files/notices/2026/juillet/10226-pres-elabe-11-juillet.pdf,https://www.commission-des-sondages.fr/notices/files/notices/2026/juillet/10226-pres-elabe-11-juillet.pdf,https://fr.wikipedia.org/wiki/Liste_de_sondages_sur_l%27%C3%A9lection_pr%C3%A9sidentielle_fran%C3%A7aise_de_2027,primary,2026-10-09T14:35Z,sha256:40f92da22c39576679d3434b5a01233f2fd4b4ab6f5321a097b7fca974a0571a
elabe-2026-07-10-10226,elabe,BFMTV / La Tribune Dimanche,2026-07-09,2026-07-10,2026-07-11,1503,online,likely,1,S1,roussel,2.5,https://www.commission-des-sondages.fr/notices/files/notices/2026/juillet/10226-pres-elabe-11-juillet.pdf,https://www.commission-des-sondages.fr/notices/files/notices/2026/juillet/10226-pres-elabe-11-juillet.pdf,https://fr.wikipedia.org/wiki/Liste_de_sondages_sur_l%27%C3%A9lection_pr%C3%A9sidentielle_fran%C3%A7aise_de_2027,primary,2026-10-09T14:35Z,sha256:40f92da22c39576679d3434b5a01233f2fd4b4ab6f5321a097b7fca974a0571a
elabe-2026-07-10-10226,elabe,BFMTV / La Tribune Dimanche,2026-07-09,2026-07-10,2026-07-11,1503,online,likely,1,S1,tondelier,3.5,https://www.commission-des-sondages.fr/notices/files/notices/2026/juillet/10226-pres-elabe-11-juillet.pdf,https://www.commission-des-sondages.fr/notices/files/notices/2026/juillet/10226-pres-elabe-11-juillet.pdf,https://fr.wikipedia.org/wiki/Liste_de_sondages_sur_l%27%C3%A9lection_pr%C3%A9sidentielle_fran%C3%A7aise_de_2027,primary,2026-10-09T14:35Z,sha256:40f92da22c39576679d3434b5a01233f2fd4b4ab6f5321a097b7fca974a0571a
elabe-2026-07-10-10226,elabe,BFMTV / La Tribune Dimanche,2026-07-09,2026-07-10,2026-07-11,1503,online,likely,1,S1,villepin,2.5,https://www.commission-des-sondages.fr/notices/files/notices/2026/juillet/10226-pres-elabe-11-juillet.pdf,https://www.commission-des-sondages.fr/notices/files/notices/2026/juillet/10226-pres-elabe-11-juillet.pdf,https://fr.wikipedia.org/wiki/Liste_de_sondages_sur_l%27%C3%A9lection_pr%C3%A9sidentielle_fran%C3%A7aise_de_2027,primary,2026-10-09T14:35Z,sha256:40f92da22c39576679d3434b5a01233f2fd4b4ab6f5321a097b7fca974a0571a
elabe-2026-07-10-10226,elabe,BFMTV / La Tribune Dimanche,2026-07-09,2026-07-10,2026-07-11,1503,online,likely,1,S1,zemmour,3.0,https://www.commission-des-sondages.fr/notices/files/notices/2026/juillet/10226-pres-elabe-11-juillet.pdf,https://www.commission-des-sondages.fr/notices/files/notices/2026/juillet/10226-pres-elabe-11-juillet.pdf,https://fr.wikipedia.org/wiki/Liste_de_sondages_sur_l%27%C3%A9lection_pr%C3%A9sidentielle_fran%C3%A7aise_de_2027,primary,2026-10-09T14:35Z,sha256:40f92da22c39576679d3434b5a01233f2fd4b4ab6f5321a097b7fca974a0571a
elabe-2026-07-10-10226,elabe,BFMTV / La Tribune Dimanche,2026-07-09,2026-07-10,2026-07-11,1503,online,likely,1,S2,arthaud,1.5,https://www.commission-des-sondages.fr/notices/files/notices/2026/juillet/10226-pres-elabe-11-juillet.pdf,https://www.commission-des-sondages.fr/notices/files/notices/2026/juillet/10226-pres-elabe-11-juillet.pdf,https://fr.wikipedia.org/wiki/Liste_de_sondages_sur_l%27%C3%A9lection_pr%C3%A9sidentielle_fran%C3%A7aise_de_2027,primary,2026-10-09T14:35Z,sha256:40f92da22c39576679d3434b5a01233f2fd4b4ab6f5321a097b7fca974a0571a
elabe-2026-07-10-10226,elabe,BFMTV / La Tribune Dimanche,2026-07-09,2026-07-10,2026-07-11,1503,online,likely,1,S2,attal,13.5,https://www.commission-des-sondages.fr/notices/files/notices/2026/juillet/10226-pres-elabe-11-juillet.pdf,https://www.commission-des-sondages.fr/notices/files/notices/2026/juillet/10226-pres-elabe-11-juillet.pdf,https://fr.wikipedia.org/wiki/Liste_de_sondages_sur_l%27%C3%A9lection_pr%C3%A9sidentielle_fran%C3%A7aise_de_2027,primary,2026-10-09T14:35Z,sha256:40f92da22c39576679d3434b5a01233f2fd4b4ab6f5321a097b7fca974a0571a
elabe-2026-07-10-10226,elabe,BFMTV / La Tribune Dimanche,2026-07-09,2026-07-10,2026-07-11,1503,online,likely,1,S2,dupont_aignan,1.5,https://www.commission-des-sondages.fr/notices/files/notices/2026/juillet/10226-pres-elabe-11-juillet.pdf,https://www.commission-des-sondages.fr/notices/files/notices/2026/juillet/10226-pres-elabe-11-juillet.pdf,https://fr.wikipedia.org/wiki/Liste_de_sondages_sur_l%27%C3%A9lection_pr%C3%A9sidentielle_fran%C3%A7aise_de_2027,primary,2026-10-09T14:35Z,sha256:40f92da22c39576679d3434b5a01233f2fd4b4ab6f5321a097b7fca974a0571a
elabe-2026-07-10-10226,elabe,BFMTV / La Tribune Dimanche,2026-07-09,2026-07-10,2026-07-11,1503,online,likely,1,S2,glucksmann,11.0,https://www.commission-des-sondages.fr/notices/files/notices/2026/juillet/10226-pres-elabe-11-juillet.pdf,https://www.commission-des-sondages.fr/notices/files/notices/2026/juillet/10226-pres-elabe-11-juillet.pdf,https://fr.wikipedia.org/wiki/Liste_de_sondages_sur_l%27%C3%A9lection_pr%C3%A9sidentielle_fran%C3%A7aise_de_2027,primary,2026-10-09T14:35Z,sha256:40f92da22c39576679d3434b5a01233f2fd4b4ab6f5321a097b7fca974a0571a
elabe-2026-07-10-10226,elabe,BFMTV / La Tribune Dimanche,2026-07-09,2026-07-10,2026-07-11,1503,online,likely,1,S2,le_pen,34.0,https://www.commission-des-sondages.fr/notices/files/notices/2026/juillet/10226-pres-elabe-11-juillet.pdf,https://www.commission-des-sondages.fr/notices/files/notices/2026/juillet/10226-pres-elabe-11-juillet.pdf,https://fr.wikipedia.org/wiki/Liste_de_sondages_sur_l%27%C3%A9lection_pr%C3%A9sidentielle_fran%C3%A7aise_de_2027,primary,2026-10-09T14:35Z,sha256:40f92da22c39576679d3434b5a01233f2fd4b4ab6f5321a097b7fca974a0571a
elabe-2026-07-10-10226,elabe,BFMTV / La Tribune Dimanche,2026-07-09,2026-07-10,2026-07-11,1503,online,likely,1,S2,melenchon,14.5,https://www.commission-des-sondages.fr/notices/files/notices/2026/juillet/10226-pres-elabe-11-juillet.pdf,https://www.commission-des-sondages.fr/notices/files/notices/2026/juillet/10226-pres-elabe-11-juillet.pdf,https://fr.wikipedia.org/wiki/Liste_de_sondages_sur_l%27%C3%A9lection_pr%C3%A9sidentielle_fran%C3%A7aise_de_2027,primary,2026-10-09T14:35Z,sha256:40f92da22c39576679d3434b5a01233f2fd4b4ab6f5321a097b7fca974a0571a
elabe-2026-07-10-10226,elabe,BFMTV / La Tribune Dimanche,2026-07-09,2026-07-10,2026-07-11,1503,online,likely,1,S2,retailleau,11.0,https://www.commission-des-sondages.fr/notices/files/notices/2026/juillet/10226-pres-elabe-11-juillet.pdf,https://www.commission-des-sondages.fr/notices/files/notices/2026/juillet/10226-pres-elabe-11-juillet.pdf,https://fr.wikipedia.org/wiki/Liste_de_sondages_sur_l%27%C3%A9lection_pr%C3%A9sidentielle_fran%C3%A7aise_de_2027,primary,2026-10-09T14:35Z,sha256:40f92da22c39576679d3434b5a01233f2fd4b4ab6f5321a097b7fca974a0571a
elabe-2026-07-10-10226,elabe,BFMTV / La Tribune Dimanche,2026-07-09,2026-07-10,2026-07-11,1503,online,likely,1,S2,roussel,2.5,https://www.commission-des-sondages.fr/notices/files/notices/2026/juillet/10226-pres-elabe-11-juillet.pdf,https://www.commission-des-sondages.fr/notices/files/notices/2026/juillet/10226-pres-elabe-11-juillet.pdf,https://fr.wikipedia.org/wiki/Liste_de_sondages_sur_l%27%C3%A9lection_pr%C3%A9sidentielle_fran%C3%A7aise_de_2027,primary,2026-10-09T14:35Z,sha256:40f92da22c39576679d3434b5a01233f2fd4b4ab6f5321a097b7fca974a0571a
elabe-2026-07-10-10226,elabe,BFMTV / La Tribune Dimanche,2026-07-09,2026-07-10,2026-07-11,1503,online,likely,1,S2,tondelier,3.5,https://www.commission-des-sondages.fr/notices/files/notices/2026/juillet/10226-pres-elabe-11-juillet.pdf,https://www.commission-des-sondages.fr/notices/files/notices/2026/juillet/10226-pres-elabe-11-juillet.pdf,https://fr.wikipedia.org/wiki/Liste_de_sondages_sur_l%27%C3%A9lection_pr%C3%A9sidentielle_fran%C3%A7aise_de_2027,primary,2026-10-09T14:35Z,sha256:40f92da22c39576679d3434b5a01233f2fd4b4ab6f5321a097b7fca974a0571a
elabe-2026-07-10-10226,elabe,BFMTV / La Tribune Dimanche,2026-07-09,2026-07-10,2026-07-11,1503,online,likely,1,S2,villepin,3.5,https://www.commission-des-sondages.fr/notices/files/notices/2026/juillet/10226-pres-elabe-11-juillet.pdf,https://www.commission-des-sondages.fr/notices/files/notices/2026/juillet/10226-pres-elabe-11-juillet.pdf,https://fr.wikipedia.org/wiki/Liste_de_sondages_sur_l%27%C3%A9lection_pr%C3%A9sidentielle_fran%C3%A7aise_de_2027,primary,2026-10-09T14:35Z,sha256:40f92da22c39576679d3434b5a01233f2fd4b4ab6f5321a097b7fca974a0571a
elabe-2026-07-10-10226,elabe,BFMTV / La Tribune Dimanche,2026-07-09,2026-07-10,2026-07-11,1503,online,likely,1,S2,zemmour,3.5,https://www.commission-des-sondages.fr/notices/files/notices/2026/juillet/10226-pres-elabe-11-juillet.pdf,https://www.commission-des-sondages.fr/notices/files/notices/2026/juillet/10226-pres-elabe-11-juillet.pdf,https://fr.wikipedia.org/wiki/Liste_de_sondages_sur_l%27%C3%A9lection_pr%C3%A9sidentielle_fran%C3%A7aise_de_2027,primary,2026-10-09T14:35Z,sha256:40f92da22c39576679d3434b5a01233f2fd4b4ab6f5321a097b7fca974a0571a
elabe-2026-07-10-10226,elabe,BFMTV / La Tribune Dimanche,2026-07-09,2026-07-10,2026-07-11,1503,online,likely,1,S3,arthaud,1.5,https://www.commission-des-sondages.fr/notices/files/notices/2026/juillet/10226-pres-elabe-11-juillet.pdf,https://www.commission-des-sondages.fr/notices/files/notices/2026/juillet/10226-pres-elabe-11-juillet.pdf,https://fr.wikipedia.org/wiki/Liste_de_sondages_sur_l%27%C3%A9lection_pr%C3%A9sidentielle_fran%C3%A7aise_de_2027,primary,2026-10-09T14:35Z,sha256:40f92da22c39576679d3434b5a01233f2fd4b4ab6f5321a097b7fca974a0571a
elabe-2026-07-10-10226,elabe,BFMTV / La Tribune Dimanche,2026-07-09,2026-07-10,2026-07-11,1503,online,likely,1,S3,dupont_aignan,1.5,https://www.commission-des-sondages.fr/notices/files/notices/2026/juillet/10226-pres-elabe-11-juillet.pdf,https://www.commission-des-sondages.fr/notices/files/notices/2026/juillet/10226-pres-elabe-11-juillet.pdf,https://fr.wikipedia.org/wiki/Liste_de_sondages_sur_l%27%C3%A9lection_pr%C3%A9sidentielle_fran%C3%A7aise_de_2027,primary,2026-10-09T14:35Z,sha256:40f92da22c39576679d3434b5a01233f2fd4b4ab6f5321a097b7fca974a0571a
elabe-2026-07-10-10226,elabe,BFMTV / La Tribune Dimanche,2026-07-09,2026-07-10,2026-07-11,1503,online,likely,1,S3,hollande,9.0,https://www.commission-des-sondages.fr/notices/files/notices/2026/juillet/10226-pres-elabe-11-juillet.pdf,https://www.commission-des-sondages.fr/notices/files/notices/2026/juillet/10226-pres-elabe-11-juillet.pdf,https://fr.wikipedia.org/wiki/Liste_de_sondages_sur_l%27%C3%A9lection_pr%C3%A9sidentielle_fran%C3%A7aise_de_2027,primary,2026-10-09T14:35Z,sha256:40f92da22c39576679d3434b5a01233f2fd4b4ab6f5321a097b7fca974a0571a
elabe-2026-07-10-10226,elabe,BFMTV / La Tribune Dimanche,2026-07-09,2026-07-10,2026-07-11,1503,online,likely,1,S3,le_pen,35.0,https://www.commission-des-sondages.fr/notices/files/notices/2026/juillet/10226-pres-elabe-11-juillet.pdf,https://www.commission-des-sondages.fr/notices/files/notices/2026/juillet/10226-pres-elabe-11-juillet.pdf,https://fr.wikipedia.org/wiki/Liste_de_sondages_sur_l%27%C3%A9lection_pr%C3%A9sidentielle_fran%C3%A7aise_de_2027,primary,2026-10-09T14:35Z,sha256:40f92da22c39576679d3434b5a01233f2fd4b4ab6f5321a097b7fca974a0571a
elabe-2026-07-10-10226,elabe,BFMTV / La Tribune Dimanche,2026-07-09,2026-07-10,2026-07-11,1503,online,likely,1,S3,melenchon,14.5,https://www.commission-des-sondages.fr/notices/files/notices/2026/juillet/10226-pres-elabe-11-juillet.pdf,https://www.commission-des-sondages.fr/notices/files/notices/2026/juillet/10226-pres-elabe-11-juillet.pdf,https://fr.wikipedia.org/wiki/Liste_de_sondages_sur_l%27%C3%A9lection_pr%C3%A9sidentielle_fran%C3%A7aise_de_2027,primary,2026-10-09T14:35Z,sha256:40f92da22c39576679d3434b5a01233f2fd4b4ab6f5321a097b7fca974a0571a
elabe-2026-07-10-10226,elabe,BFMTV / La Tribune Dimanche,2026-07-09,2026-07-10,2026-07-11,1503,online,likely,1,S3,philippe,19.0,https://www.commission-des-sondages.fr/notices/files/notices/2026/juillet/10226-pres-elabe-11-juillet.pdf,https://www.commission-des-sondages.fr/notices/files/notices/2026/juillet/10226-pres-elabe-11-juillet.pdf,https://fr.wikipedia.org/wiki/Liste_de_sondages_sur_l%27%C3%A9lection_pr%C3%A9sidentielle_fran%C3%A7aise_de_2027,primary,2026-10-09T14:35Z,sha256:40f92da22c39576679d3434b5a01233f2fd4b4ab6f5321a097b7fca974a0571a
elabe-2026-07-10-10226,elabe,BFMTV / La Tribune Dimanche,2026-07-09,2026-07-10,2026-07-11,1503,online,likely,1,S3,retailleau,9.0,https://www.commission-des-sondages.fr/notices/files/notices/2026/juillet/10226-pres-elabe-11-juillet.pdf,https://www.commission-des-sondages.fr/notices/files/notices/2026/juillet/10226-pres-elabe-11-juillet.pdf,https://fr.wikipedia.org/wiki/Liste_de_sondages_sur_l%27%C3%A9lection_pr%C3%A9sidentielle_fran%C3%A7aise_de_2027,primary,2026-10-09T14:35Z,sha256:40f92da22c39576679d3434b5a01233f2fd4b4ab6f5321a097b7fca974a0571a
elabe-2026-07-10-10226,elabe,BFMTV / La Tribune Dimanche,2026-07-09,2026-07-10,2026-07-11,1503,online,likely,1,S3,roussel,2.0,https://www.commission-des-sondages.fr/notices/files/notices/2026/juillet/10226-pres-elabe-11-juillet.pdf,https://www.commission-des-sondages.fr/notices/files/notices/2026/juillet/10226-pres-elabe-11-juillet.pdf,https://fr.wikipedia.org/wiki/Liste_de_sondages_sur_l%27%C3%A9lection_pr%C3%A9sidentielle_fran%C3%A7aise_de_2027,primary,2026-10-09T14:35Z,sha256:40f92da22c39576679d3434b5a01233f2fd4b4ab6f5321a097b7fca974a0571a
elabe-2026-07-10-10226,elabe,BFMTV / La Tribune Dimanche,2026-07-09,2026-07-10,2026-07-11,1503,online,likely,1,S3,ruffin,6.0,https://www.commission-des-sondages.fr/notices/files/notices/2026/juillet/10226-pres-elabe-11-juillet.pdf,https://www.commission-des-sondages.fr/notices/files/notices/2026/juillet/10226-pres-elabe-11-juillet.pdf,https://fr.wikipedia.org/wiki/Liste_de_sondages_sur_l%27%C3%A9lection_pr%C3%A9sidentielle_fran%C3%A7aise_de_2027,primary,2026-10-09T14:35Z,sha256:40f92da22c39576679d3434b5a01233f2fd4b4ab6f5321a097b7fca974a0571a
elabe-2026-07-10-10226,elabe,BFMTV / La Tribune Dimanche,2026-07-09,2026-07-10,2026-07-11,1503,online,likely,1,S3,zemmour,2.5,https://www.commission-des-sondages.fr/notices/files/notices/2026/juillet/10226-pres-elabe-11-juillet.pdf,https://www.commission-des-sondages.fr/notices/files/notices/2026/juillet/10226-pres-elabe-11-juillet.pdf,https://fr.wikipedia.org/wiki/Liste_de_sondages_sur_l%27%C3%A9lection_pr%C3%A9sidentielle_fran%C3%A7aise_de_2027,primary,2026-10-09T14:35Z,sha256:40f92da22c39576679d3434b5a01233f2fd4b4ab6f5321a097b7fca974a0571a
elabe-2026-07-10-10226,elabe,BFMTV / La Tribune Dimanche,2026-07-09,2026-07-10,2026-07-11,1503,online,likely,1,S4,arthaud,1.5,https://www.commission-des-sondages.fr/notices/files/notices/2026/juillet/10226-pres-elabe-11-juillet.pdf,https://www.commission-des-sondages.fr/notices/files/notices/2026/juillet/10226-pres-elabe-11-juillet.pdf,https://fr.wikipedia.org/wiki/Liste_de_sondages_sur_l%27%C3%A9lection_pr%C3%A9sidentielle_fran%C3%A7aise_de_2027,primary,2026-10-09T14:35Z,sha256:40f92da22c39576679d3434b5a01233f2fd4b4ab6f5321a097b7fca974a0571a
elabe-2026-07-10-10226,elabe,BFMTV / La Tribune Dimanche,2026-07-09,2026-07-10,2026-07-11,1503,online,likely,1,S4,attal,15.5,https://www.commission-des-sondages.fr/notices/files/notices/2026/juillet/10226-pres-elabe-11-juillet.pdf,https://www.commission-des-sondages.fr/notices/files/notices/2026/juillet/10226-pres-elabe-11-juillet.pdf,https://fr.wikipedia.org/wiki/Liste_de_sondages_sur_l%27%C3%A9lection_pr%C3%A9sidentielle_fran%C3%A7aise_de_2027,primary,2026-10-09T14:35Z,sha256:40f92da22c39576679d3434b5a01233f2fd4b4ab6f5321a097b7fca974a0571a
elabe-2026-07-10-10226,elabe,BFMTV / La Tribune Dimanche,2026-07-09,2026-07-10,2026-07-11,1503,online,likely,1,S4,dupont_aignan,1.5,https://www.commission-des-sondages.fr/notices/files/notices/2026/juillet/10226-pres-elabe-11-juillet.pdf,https://www.commission-des-sondages.fr/notices/files/notices/2026/juillet/10226-pres-elabe-11-juillet.pdf,https://fr.wikipedia.org/wiki/Liste_de_sondages_sur_l%27%C3%A9lection_pr%C3%A9sidentielle_fran%C3%A7aise_de_2027,primary,2026-10-09T14:35Z,sha256:40f92da22c39576679d3434b5a01233f2fd4b4ab6f5321a097b7fca974a0571a
elabe-2026-07-10-10226,elabe,BFMTV / La Tribune Dimanche,2026-07-09,2026-07-10,2026-07-11,1503,online,likely,1,S4,hollande,8.0,https://www.commission-des-sondages.fr/notices/files/notices/2026/juillet/10226-pres-elabe-11-juillet.pdf,https://www.commission-des-sondages.fr/notices/files/notices/2026/juillet/10226-pres-elabe-11-juillet.pdf,https://fr.wikipedia.org/wiki/Liste_de_sondages_sur_l%27%C3%A9lection_pr%C3%A9sidentielle_fran%C3%A7aise_de_2027,primary,2026-10-09T14:35Z,sha256:40f92da22c39576679d3434b5a01233f2fd4b4ab6f5321a097b7fca974a0571a
elabe-2026-07-10-10226,elabe,BFMTV / La Tribune Dimanche,2026-07-09,2026-07-10,2026-07-11,1503,online,likely,1,S4,le_pen,35.5,https://www.commission-des-sondages.fr/notices/files/notices/2026/juillet/10226-pres-elabe-11-juillet.pdf,https://www.commission-des-sondages.fr/notices/files/notices/2026/juillet/10226-pres-elabe-11-juillet.pdf,https://fr.wikipedia.org/wiki/Liste_de_sondages_sur_l%27%C3%A9lection_pr%C3%A9sidentielle_fran%C3%A7aise_de_2027,primary,2026-10-09T14:35Z,sha256:40f92da22c39576679d3434b5a01233f2fd4b4ab6f5321a097b7fca974a0571a
elabe-2026-07-10-10226,elabe,BFMTV / La Tribune Dimanche,2026-07-09,2026-07-10,2026-07-11,1503,online,likely,1,S4,melenchon,15.0,https://www.commission-des-sondages.fr/notices/files/notices/2026/juillet/10226-pres-elabe-11-juillet.pdf,https://www.commission-des-sondages.fr/notices/files/notices/2026/juillet/10226-pres-elabe-11-juillet.pdf,https://fr.wikipedia.org/wiki/Liste_de_sondages_sur_l%27%C3%A9lection_pr%C3%A9sidentielle_fran%C3%A7aise_de_2027,primary,2026-10-09T14:35Z,sha256:40f92da22c39576679d3434b5a01233f2fd4b4ab6f5321a097b7fca974a0571a
elabe-2026-07-10-10226,elabe,BFMTV / La Tribune Dimanche,2026-07-09,2026-07-10,2026-07-11,1503,online,likely,1,S4,retailleau,11.0,https://www.commission-des-sondages.fr/notices/files/notices/2026/juillet/10226-pres-elabe-11-juillet.pdf,https://www.commission-des-sondages.fr/notices/files/notices/2026/juillet/10226-pres-elabe-11-juillet.pdf,https://fr.wikipedia.org/wiki/Liste_de_sondages_sur_l%27%C3%A9lection_pr%C3%A9sidentielle_fran%C3%A7aise_de_2027,primary,2026-10-09T14:35Z,sha256:40f92da22c39576679d3434b5a01233f2fd4b4ab6f5321a097b7fca974a0571a
elabe-2026-07-10-10226,elabe,BFMTV / La Tribune Dimanche,2026-07-09,2026-07-10,2026-07-11,1503,online,likely,1,S4,roussel,2.5,https://www.commission-des-sondages.fr/notices/files/notices/2026/juillet/10226-pres-elabe-11-juillet.pdf,https://www.commission-des-sondages.fr/notices/files/notices/2026/juillet/10226-pres-elabe-11-juillet.pdf,https://fr.wikipedia.org/wiki/Liste_de_sondages_sur_l%27%C3%A9lection_pr%C3%A9sidentielle_fran%C3%A7aise_de_2027,primary,2026-10-09T14:35Z,sha256:40f92da22c39576679d3434b5a01233f2fd4b4ab6f5321a097b7fca974a0571a
elabe-2026-07-10-10226,elabe,BFMTV / La Tribune Dimanche,2026-07-09,2026-07-10,2026-07-11,1503,online,likely,1,S4,ruffin,6.0,https://www.commission-des-sondages.fr/notices/files/notices/2026/juillet/10226-pres-elabe-11-juillet.pdf,https://www.commission-des-sondages.fr/notices/files/notices/2026/juillet/10226-pres-elabe-11-juillet.pdf,https://fr.wikipedia.org/wiki/Liste_de_sondages_sur_l%27%C3%A9lection_pr%C3%A9sidentielle_fran%C3%A7aise_de_2027,primary,2026-10-09T14:35Z,sha256:40f92da22c39576679d3434b5a01233f2fd4b4ab6f5321a097b7fca974a0571a
elabe-2026-07-10-10226,elabe,BFMTV / La Tribune Dimanche,2026-07-09,2026-07-10,2026-07-11,1503,online,likely,1,S4,zemmour,3.5,https://www.commission-des-sondages.fr/notices/files/notices/2026/juillet/10226-pres-elabe-11-juillet.pdf,https://www.commission-des-sondages.fr/notices/files/notices/2026/juillet/10226-pres-elabe-11-juillet.pdf,https://fr.wikipedia.org/wiki/Liste_de_sondages_sur_l%27%C3%A9lection_pr%C3%A9sidentielle_fran%C3%A7aise_de_2027,primary,2026-10-09T14:35Z,sha256:40f92da22c39576679d3434b5a01233f2fd4b4ab6f5321a097b7fca974a0571a
elabe-2026-07-10-10226,elabe,BFMTV / La Tribune Dimanche,2026-07-09,2026-07-10,2026-07-11,1503,online,likely,1,S5,arthaud,1.0,https://www.commission-des-sondages.fr/notices/files/notices/2026/juillet/10226-pres-elabe-11-juillet.pdf,https://www.commission-des-sondages.fr/notices/files/notices/2026/juillet/10226-pres-elabe-11-juillet.pdf,https://fr.wikipedia.org/wiki/Liste_de_sondages_sur_l%27%C3%A9lection_pr%C3%A9sidentielle_fran%C3%A7aise_de_2027,primary,2026-10-09T14:35Z,sha256:40f92da22c39576679d3434b5a01233f2fd4b4ab6f5321a097b7fca974a0571a
elabe-2026-07-10-10226,elabe,BFMTV / La Tribune Dimanche,2026-07-09,2026-07-10,2026-07-11,1503,online,likely,1,S5,attal,7.5,https://www.commission-des-sondages.fr/notices/files/notices/2026/juillet/10226-pres-elabe-11-juillet.pdf,https://www.commission-des-sondages.fr/notices/files/notices/2026/juillet/10226-pres-elabe-11-juillet.pdf,https://fr.wikipedia.org/wiki/Liste_de_sondages_sur_l%27%C3%A9lection_pr%C3%A9sidentielle_fran%C3%A7aise_de_2027,primary,2026-10-09T14:35Z,sha256:40f92da22c39576679d3434b5a01233f2fd4b4ab6f5321a097b7fca974a0571a
elabe-2026-07-10-10226,elabe,BFMTV / La Tribune Dimanche,2026-07-09,2026-07-10,2026-07-11,1503,online,likely,1,S5,dupont_aignan,1.5,https://www.commission-des-sondages.fr/notices/files/notices/2026/juillet/10226-pres-elabe-11-juillet.pdf,https://www.commission-des-sondages.fr/notices/files/notices/2026/juillet/10226-pres-elabe-11-juillet.pdf,https://fr.wikipedia.org/wiki/Liste_de_sondages_sur_l%27%C3%A9lection_pr%C3%A9sidentielle_fran%C3%A7aise_de_2027,primary,2026-10-09T14:35Z,sha256:40f92da22c39576679d3434b5a01233f2fd4b4ab6f5321a097b7fca974a0571a
elabe-2026-07-10-10226,elabe,BFMTV / La Tribune Dimanche,2026-07-09,2026-07-10,2026-07-11,1503,online,likely,1,S5,glucksmann,8.5,https://www.commission-des-sondages.fr/notices/files/notices/2026/juillet/10226-pres-elabe-11-juillet.pdf,https://www.commission-des-sondages.fr/notices/files/notices/2026/juillet/10226-pres-elabe-11-juillet.pdf,https://fr.wikipedia.org/wiki/Liste_de_sondages_sur_l%27%C3%A9lection_pr%C3%A9sidentielle_fran%C3%A7aise_de_2027,primary,2026-10-09T14:35Z,sha256:40f92da22c39576679d3434b5a01233f2fd4b4ab6f5321a097b7fca974a0571a
elabe-2026-07-10-10226,elabe,BFMTV / La Tribune Dimanche,2026-07-09,2026-07-10,2026-07-11,1503,online,likely,1,S5,le_pen,35.0,https://www.commission-des-sondages.fr/notices/files/notices/2026/juillet/10226-pres-elabe-11-juillet.pdf,https://www.commission-des-sondages.fr/notices/files/notices/2026/juillet/10226-pres-elabe-11-juillet.pdf,https://fr.wikipedia.org/wiki/Liste_de_sondages_sur_l%27%C3%A9lection_pr%C3%A9sidentielle_fran%C3%A7aise_de_2027,primary,2026-10-09T14:35Z,sha256:40f92da22c39576679d3434b5a01233f2fd4b4ab6f5321a097b7fca974a0571a
elabe-2026-07-10-10226,elabe,BFMTV / La Tribune Dimanche,2026-07-09,2026-07-10,2026-07-11,1503,online,likely,1,S5,melenchon,14.5,https://www.commission-des-sondages.fr/notices/files/notices/2026/juillet/10226-pres-elabe-11-juillet.pdf,https://www.commission-des-sondages.fr/notices/files/notices/2026/juillet/10226-pres-elabe-11-juillet.pdf,https://fr.wikipedia.org/wiki/Liste_de_sondages_sur_l%27%C3%A9lection_pr%C3%A9sidentielle_fran%C3%A7aise_de_2027,primary,2026-10-09T14:35Z,sha256:40f92da22c39576679d3434b5a01233f2fd4b4ab6f5321a097b7fca974a0571a
elabe-2026-07-10-10226,elabe,BFMTV / La Tribune Dimanche,2026-07-09,2026-07-10,2026-07-11,1503,online,likely,1,S5,philippe,14.0,https://www.commission-des-sondages.fr/notices/files/notices/2026/juillet/10226-pres-elabe-11-juillet.pdf,https://www.commission-des-sondages.fr/notices/files/notices/2026/juillet/10226-pres-elabe-11-juillet.pdf,https://fr.wikipedia.org/wiki/Liste_de_sondages_sur_l%27%C3%A9lection_pr%C3%A9sidentielle_fran%C3%A7aise_de_2027,primary,2026-10-09T14:35Z,sha256:40f92da22c39576679d3434b5a01233f2fd4b4ab6f5321a097b7fca974a0571a
elabe-2026-07-10-10226,elabe,BFMTV / La Tribune Dimanche,2026-07-09,2026-07-10,2026-07-11,1503,online,likely,1,S5,retailleau,8.5,https://www.commission-des-sondages.fr/notices/files/notices/2026/juillet/10226-pres-elabe-11-juillet.pdf,https://www.commission-des-sondages.fr/notices/files/notices/2026/juillet/10226-pres-elabe-11-juillet.pdf,https://fr.wikipedia.org/wiki/Liste_de_sondages_sur_l%27%C3%A9lection_pr%C3%A9sidentielle_fran%C3%A7aise_de_2027,primary,2026-10-09T14:35Z,sha256:40f92da22c39576679d3434b5a01233f2fd4b4ab6f5321a097b7fca974a0571a
elabe-2026-07-10-10226,elabe,BFMTV / La Tribune Dimanche,2026-07-09,2026-07-10,2026-07-11,1503,online,likely,1,S5,roussel,2.5,https://www.commission-des-sondages.fr/notices/files/notices/2026/juillet/10226-pres-elabe-11-juillet.pdf,https://www.commission-des-sondages.fr/notices/files/notices/2026/juillet/10226-pres-elabe-11-juillet.pdf,https://fr.wikipedia.org/wiki/Liste_de_sondages_sur_l%27%C3%A9lection_pr%C3%A9sidentielle_fran%C3%A7aise_de_2027,primary,2026-10-09T14:35Z,sha256:40f92da22c39576679d3434b5a01233f2fd4b4ab6f5321a097b7fca974a0571a
elabe-2026-07-10-10226,elabe,BFMTV / La Tribune Dimanche,2026-07-09,2026-07-10,2026-07-11,1503,online,likely,1,S5,tondelier,4.0,https://www.commission-des-sondages.fr/notices/files/notices/2026/juillet/10226-pres-elabe-11-juillet.pdf,https://www.commission-des-sondages.fr/notices/files/notices/2026/juillet/10226-pres-elabe-11-juillet.pdf,https://fr.wikipedia.org/wiki/Liste_de_sondages_sur_l%27%C3%A9lection_pr%C3%A9sidentielle_fran%C3%A7aise_de_2027,primary,2026-10-09T14:35Z,sha256:40f92da22c39576679d3434b5a01233f2fd4b4ab6f5321a097b7fca974a0571a
elabe-2026-07-10-10226,elabe,BFMTV / La Tribune Dimanche,2026-07-09,2026-07-10,2026-07-11,1503,online,likely,1,S5,zemmour,3.0,https://www.commission-des-sondages.fr/notices/files/notices/2026/juillet/10226-pres-elabe-11-juillet.pdf,https://www.commission-des-sondages.fr/notices/files/notices/2026/juillet/10226-pres-elabe-11-juillet.pdf,https://fr.wikipedia.org/wiki/Liste_de_sondages_sur_l%27%C3%A9lection_pr%C3%A9sidentielle_fran%C3%A7aise_de_2027,primary,2026-10-09T14:35Z,sha256:40f92da22c39576679d3434b5a01233f2fd4b4ab6f5321a097b7fca974a0571a
elabe-2026-07-10-10226,elabe,BFMTV / La Tribune Dimanche,2026-07-09,2026-07-10,2026-07-11,1503,online,likely,1,S6,arthaud,2.0,https://www.commission-des-sondages.fr/notices/files/notices/2026/juillet/10226-pres-elabe-11-juillet.pdf,https://www.commission-des-sondages.fr/notices/files/notices/2026/juillet/10226-pres-elabe-11-juillet.pdf,https://fr.wikipedia.org/wiki/Liste_de_sondages_sur_l%27%C3%A9lection_pr%C3%A9sidentielle_fran%C3%A7aise_de_2027,primary,2026-10-09T14:35Z,sha256:40f92da22c39576679d3434b5a01233f2fd4b4ab6f5321a097b7fca974a0571a
elabe-2026-07-10-10226,elabe,BFMTV / La Tribune Dimanche,2026-07-09,2026-07-10,2026-07-11,1503,online,likely,1,S6,dupont_aignan,1.5,https://www.commission-des-sondages.fr/notices/files/notices/2026/juillet/10226-pres-elabe-11-juillet.pdf,https://www.commission-des-sondages.fr/notices/files/notices/2026/juillet/10226-pres-elabe-11-juillet.pdf,https://fr.wikipedia.org/wiki/Liste_de_sondages_sur_l%27%C3%A9lection_pr%C3%A9sidentielle_fran%C3%A7aise_de_2027,primary,2026-10-09T14:35Z,sha256:40f92da22c39576679d3434b5a01233f2fd4b4ab6f5321a097b7fca974a0571a
elabe-2026-07-10-10226,elabe,BFMTV / La Tribune Dimanche,2026-07-09,2026-07-10,2026-07-11,1503,online,likely,1,S6,hollande,8.0,https://www.commission-des-sondages.fr/notices/files/notices/2026/juillet/10226-pres-elabe-11-juillet.pdf,https://www.commission-des-sondages.fr/notices/files/notices/2026/juillet/10226-pres-elabe-11-juillet.pdf,https://fr.wikipedia.org/wiki/Liste_de_sondages_sur_l%27%C3%A9lection_pr%C3%A9sidentielle_fran%C3%A7aise_de_2027,primary,2026-10-09T14:35Z,sha256:40f92da22c39576679d3434b5a01233f2fd4b4ab6f5321a097b7fca974a0571a
elabe-2026-07-10-10226,elabe,BFMTV / La Tribune Dimanche,2026-07-09,2026-07-10,2026-07-11,1503,online,likely,1,S6,le_pen,34.5,https://www.commission-des-sondages.fr/notices/files/notices/2026/juillet/10226-pres-elabe-11-juillet.pdf,https://www.commission-des-sondages.fr/notices/files/notices/2026/juillet/10226-pres-elabe-11-juillet.pdf,https://fr.wikipedia.org/wiki/Liste_de_sondages_sur_l%27%C3%A9lection_pr%C3%A9sidentielle_fran%C3%A7aise_de_2027,primary,2026-10-09T14:35Z,sha256:40f92da22c39576679d3434b5a01233f2fd4b4ab6f5321a097b7fca974a0571a
elabe-2026-07-10-10226,elabe,BFMTV / La Tribune Dimanche,2026-07-09,2026-07-10,2026-07-11,1503,online,likely,1,S6,melenchon,15.0,https://www.commission-des-sondages.fr/notices/files/notices/2026/juillet/10226-pres-elabe-11-juillet.pdf,https://www.commission-des-sondages.fr/notices/files/notices/2026/juillet/10226-pres-elabe-11-juillet.pdf,https://fr.wikipedia.org/wiki/Liste_de_sondages_sur_l%27%C3%A9lection_pr%C3%A9sidentielle_fran%C3%A7aise_de_2027,primary,2026-10-09T14:35Z,sha256:40f92da22c39576679d3434b5a01233f2fd4b4ab6f5321a097b7fca974a0571a
elabe-2026-07-10-10226,elabe,BFMTV / La Tribune Dimanche,2026-07-09,2026-07-10,2026-07-11,1503,online,likely,1,S6,philippe,18.0,https://www.commission-des-sondages.fr/notices/files/notices/2026/juillet/10226-pres-elabe-11-juillet.pdf,https://www.commission-des-sondages.fr/notices/files/notices/2026/juillet/10226-pres-elabe-11-juillet.pdf,https://fr.wikipedia.org/wiki/Liste_de_sondages_sur_l%27%C3%A9lection_pr%C3%A9sidentielle_fran%C3%A7aise_de_2027,primary,2026-10-09T14:35Z,sha256:40f92da22c39576679d3434b5a01233f2fd4b4ab6f5321a097b7fca974a0571a
elabe-2026-07-10-10226,elabe,BFMTV / La Tribune Dimanche,2026-07-09,2026-07-10,2026-07-11,1503,online,likely,1,S6,retailleau,8.0,https://www.commission-des-sondages.fr/notices/files/notices/2026/juillet/10226-pres-elabe-11-juillet.pdf,https://www.commission-des-sondages.fr/notices/files/notices/2026/juillet/10226-pres-elabe-11-juillet.pdf,https://fr.wikipedia.org/wiki/Liste_de_sondages_sur_l%27%C3%A9lection_pr%C3%A9sidentielle_fran%C3%A7aise_de_2027,primary,2026-10-09T14:35Z,sha256:40f92da22c39576679d3434b5a01233f2fd4b4ab6f5321a097b7fca974a0571a
elabe-2026-07-10-10226,elabe,BFMTV / La Tribune Dimanche,2026-07-09,2026-07-10,2026-07-11,1503,online,likely,1,S6,roussel,3.0,https://www.commission-des-sondages.fr/notices/files/notices/2026/juillet/10226-pres-elabe-11-juillet.pdf,https://www.commission-des-sondages.fr/notices/files/notices/2026/juillet/10226-pres-elabe-11-juillet.pdf,https://fr.wikipedia.org/wiki/Liste_de_sondages_sur_l%27%C3%A9lection_pr%C3%A9sidentielle_fran%C3%A7aise_de_2027,primary,2026-10-09T14:35Z,sha256:40f92da22c39576679d3434b5a01233f2fd4b4ab6f5321a097b7fca974a0571a
elabe-2026-07-10-10226,elabe,BFMTV / La Tribune Dimanche,2026-07-09,2026-07-10,2026-07-11,1503,online,likely,1,S6,tondelier,4.0,https://www.commission-des-sondages.fr/notices/files/notices/2026/juillet/10226-pres-elabe-11-juillet.pdf,https://www.commission-des-sondages.fr/notices/files/notices/2026/juillet/10226-pres-elabe-11-juillet.pdf,https://fr.wikipedia.org/wiki/Liste_de_sondages_sur_l%27%C3%A9lection_pr%C3%A9sidentielle_fran%C3%A7aise_de_2027,primary,2026-10-09T14:35Z,sha256:40f92da22c39576679d3434b5a01233f2fd4b4ab6f5321a097b7fca974a0571a
elabe-2026-07-10-10226,elabe,BFMTV / La Tribune Dimanche,2026-07-09,2026-07-10,2026-07-11,1503,online,likely,1,S6,villepin,3.0,https://www.commission-des-sondages.fr/notices/files/notices/2026/juillet/10226-pres-elabe-11-juillet.pdf,https://www.commission-des-sondages.fr/notices/files/notices/2026/juillet/10226-pres-elabe-11-juillet.pdf,https://fr.wikipedia.org/wiki/Liste_de_sondages_sur_l%27%C3%A9lection_pr%C3%A9sidentielle_fran%C3%A7aise_de_2027,primary,2026-10-09T14:35Z,sha256:40f92da22c39576679d3434b5a01233f2fd4b4ab6f5321a097b7fca974a0571a
elabe-2026-07-10-10226,elabe,BFMTV / La Tribune Dimanche,2026-07-09,2026-07-10,2026-07-11,1503,online,likely,1,S6,zemmour,3.0,https://www.commission-des-sondages.fr/notices/files/notices/2026/juillet/10226-pres-elabe-11-juillet.pdf,https://www.commission-des-sondages.fr/notices/files/notices/2026/juillet/10226-pres-elabe-11-juillet.pdf,https://fr.wikipedia.org/wiki/Liste_de_sondages_sur_l%27%C3%A9lection_pr%C3%A9sidentielle_fran%C3%A7aise_de_2027,primary,2026-10-09T14:35Z,sha256:40f92da22c39576679d3434b5a01233f2fd4b4ab6f5321a097b7fca974a0571a
elabe-2026-07-10-10226,elabe,BFMTV / La Tribune Dimanche,2026-07-09,2026-07-10,2026-07-11,1503,online,likely,2,H1,attal,46.0,https://www.commission-des-sondages.fr/notices/files/notices/2026/juillet/10226-pres-elabe-11-juillet.pdf,https://www.commission-des-sondages.fr/notices/files/notices/2026/juillet/10226-pres-elabe-11-juillet.pdf,https://fr.wikipedia.org/wiki/Liste_de_sondages_sur_l%27%C3%A9lection_pr%C3%A9sidentielle_fran%C3%A7aise_de_2027,primary,2026-10-09T14:35Z,sha256:40f92da22c39576679d3434b5a01233f2fd4b4ab6f5321a097b7fca974a0571a
elabe-2026-07-10-10226,elabe,BFMTV / La Tribune Dimanche,2026-07-09,2026-07-10,2026-07-11,1503,online,likely,2,H1,le_pen,54.0,https://www.commission-des-sondages.fr/notices/files/notices/2026/juillet/10226-pres-elabe-11-juillet.pdf,https://www.commission-des-sondages.fr/notices/files/notices/2026/juillet/10226-pres-elabe-11-juillet.pdf,https://fr.wikipedia.org/wiki/Liste_de_sondages_sur_l%27%C3%A9lection_pr%C3%A9sidentielle_fran%C3%A7aise_de_2027,primary,2026-10-09T14:35Z,sha256:40f92da22c39576679d3434b5a01233f2fd4b4ab6f5321a097b7fca974a0571a
elabe-2026-07-10-10226,elabe,BFMTV / La Tribune Dimanche,2026-07-09,2026-07-10,2026-07-11,1503,online,likely,2,H2,glucksmann,41.5,https://www.commission-des-sondages.fr/notices/files/notices/2026/juillet/10226-pres-elabe-11-juillet.pdf,https://www.commission-des-sondages.fr/notices/files/notices/2026/juillet/10226-pres-elabe-11-juillet.pdf,https://fr.wikipedia.org/wiki/Liste_de_sondages_sur_l%27%C3%A9lection_pr%C3%A9sidentielle_fran%C3%A7aise_de_2027,primary,2026-10-09T14:35Z,sha256:40f92da22c39576679d3434b5a01233f2fd4b4ab6f5321a097b7fca974a0571a
elabe-2026-07-10-10226,elabe,BFMTV / La Tribune Dimanche,2026-07-09,2026-07-10,2026-07-11,1503,online,likely,2,H2,le_pen,58.5,https://www.commission-des-sondages.fr/notices/files/notices/2026/juillet/10226-pres-elabe-11-juillet.pdf,https://www.commission-des-sondages.fr/notices/files/notices/2026/juillet/10226-pres-elabe-11-juillet.pdf,https://fr.wikipedia.org/wiki/Liste_de_sondages_sur_l%27%C3%A9lection_pr%C3%A9sidentielle_fran%C3%A7aise_de_2027,primary,2026-10-09T14:35Z,sha256:40f92da22c39576679d3434b5a01233f2fd4b4ab6f5321a097b7fca974a0571a
elabe-2026-07-10-10226,elabe,BFMTV / La Tribune Dimanche,2026-07-09,2026-07-10,2026-07-11,1503,online,likely,2,H3,le_pen,67.5,https://www.commission-des-sondages.fr/notices/files/notices/2026/juillet/10226-pres-elabe-11-juillet.pdf,https://www.commission-des-sondages.fr/notices/files/notices/2026/juillet/10226-pres-elabe-11-juillet.pdf,https://fr.wikipedia.org/wiki/Liste_de_sondages_sur_l%27%C3%A9lection_pr%C3%A9sidentielle_fran%C3%A7aise_de_2027,primary,2026-10-09T14:35Z,sha256:40f92da22c39576679d3434b5a01233f2fd4b4ab6f5321a097b7fca974a0571a
elabe-2026-07-10-10226,elabe,BFMTV / La Tribune Dimanche,2026-07-09,2026-07-10,2026-07-11,1503,online,likely,2,H3,melenchon,32.5,https://www.commission-des-sondages.fr/notices/files/notices/2026/juillet/10226-pres-elabe-11-juillet.pdf,https://www.commission-des-sondages.fr/notices/files/notices/2026/juillet/10226-pres-elabe-11-juillet.pdf,https://fr.wikipedia.org/wiki/Liste_de_sondages_sur_l%27%C3%A9lection_pr%C3%A9sidentielle_fran%C3%A7aise_de_2027,primary,2026-10-09T14:35Z,sha256:40f92da22c39576679d3434b5a01233f2fd4b4ab6f5321a097b7fca974a0571a
elabe-2026-07-10-10226,elabe,BFMTV / La Tribune Dimanche,2026-07-09,2026-07-10,2026-07-11,1503,online,likely,2,H4,le_pen,52.0,https://www.commission-des-sondages.fr/notices/files/notices/2026/juillet/10226-pres-elabe-11-juillet.pdf,https://www.commission-des-sondages.fr/notices/files/notices/2026/juillet/10226-pres-elabe-11-juillet.pdf,https://fr.wikipedia.org/wiki/Liste_de_sondages_sur_l%27%C3%A9lection_pr%C3%A9sidentielle_fran%C3%A7aise_de_2027,primary,2026-10-09T14:35Z,sha256:40f92da22c39576679d3434b5a01233f2fd4b4ab6f5321a097b7fca974a0571a
elabe-2026-07-10-10226,elabe,BFMTV / La Tribune Dimanche,2026-07-09,2026-07-10,2026-07-11,1503,online,likely,2,H4,philippe,48.0,https://www.commission-des-sondages.fr/notices/files/notices/2026/juillet/10226-pres-elabe-11-juillet.pdf,https://www.commission-des-sondages.fr/notices/files/notices/2026/juillet/10226-pres-elabe-11-juillet.pdf,https://fr.wikipedia.org/wiki/Liste_de_sondages_sur_l%27%C3%A9lection_pr%C3%A9sidentielle_fran%C3%A7aise_de_2027,primary,2026-10-09T14:35Z,sha256:40f92da22c39576679d3434b5a01233f2fd4b4ab6f5321a097b7fca974a0571a
elabe-2026-07-10-10226,elabe,BFMTV / La Tribune Dimanche,2026-07-09,2026-07-10,2026-07-11,1503,online,likely,2,H5,le_pen,56.0,https://www.commission-des-sondages.fr/notices/files/notices/2026/juillet/10226-pres-elabe-11-juillet.pdf,https://www.commission-des-sondages.fr/notices/files/notices/2026/juillet/10226-pres-elabe-11-juillet.pdf,https://fr.wikipedia.org/wiki/Liste_de_sondages_sur_l%27%C3%A9lection_pr%C3%A9sidentielle_fran%C3%A7aise_de_2027,primary,2026-10-09T14:35Z,sha256:40f92da22c39576679d3434b5a01233f2fd4b4ab6f5321a097b7fca974a0571a
elabe-2026-07-10-10226,elabe,BFMTV / La Tribune Dimanche,2026-07-09,2026-07-10,2026-07-11,1503,online,likely,2,H5,retailleau,44.0,https://www.commission-des-sondages.fr/notices/files/notices/2026/juillet/10226-pres-elabe-11-juillet.pdf,https://www.commission-des-sondages.fr/notices/files/notices/2026/juillet/10226-pres-elabe-11-juillet.pdf,https://fr.wikipedia.org/wiki/Liste_de_sondages_sur_l%27%C3%A9lection_pr%C3%A9sidentielle_fran%C3%A7aise_de_2027,primary,2026-10-09T14:35Z,sha256:40f92da22c39576679d3434b5a01233f2fd4b4ab6f5321a097b7fca974a0571a
toluna-harris-2026-08-19-10239,toluna-harris,M6 / RTL,2026-08-18,2026-08-19,2026-08-24,2114,online,registered,1,S1,arthaud,1.0,https://www.commission-des-sondages.fr/notices/files/notices/2026/aout/10239-pres-toluna-harris-interactive-rtl-24-aout.pdf,https://www.commission-des-sondages.fr/notices/files/notices/2026/aout/10239-pres-toluna-harris-interactive-rtl-24-aout.pdf,https://fr.wikipedia.org/wiki/Liste_de_sondages_sur_l%27%C3%A9lection_pr%C3%A9sidentielle_fran%C3%A7aise_de_2027,primary,2026-10-09T14:35Z,sha256:4b2be57758c445a95973c5cba2e8d1eb6c51145df8bc02f65f51624efe805d8c
toluna-harris-2026-08-19-10239,toluna-harris,M6 / RTL,2026-08-18,2026-08-19,2026-08-24,2114,online,registered,1,S1,attal,14.0,https://www.commission-des-sondages.fr/notices/files/notices/2026/aout/10239-pres-toluna-harris-interactive-rtl-24-aout.pdf,https://www.commission-des-sondages.fr/notices/files/notices/2026/aout/10239-pres-toluna-harris-interactive-rtl-24-aout.pdf,https://fr.wikipedia.org/wiki/Liste_de_sondages_sur_l%27%C3%A9lection_pr%C3%A9sidentielle_fran%C3%A7aise_de_2027,primary,2026-10-09T14:35Z,sha256:4b2be57758c445a95973c5cba2e8d1eb6c51145df8bc02f65f51624efe805d8c
toluna-harris-2026-08-19-10239,toluna-harris,M6 / RTL,2026-08-18,2026-08-19,2026-08-24,2114,online,registered,1,S1,dupont_aignan,2.0,https://www.commission-des-sondages.fr/notices/files/notices/2026/aout/10239-pres-toluna-harris-interactive-rtl-24-aout.pdf,https://www.commission-des-sondages.fr/notices/files/notices/2026/aout/10239-pres-toluna-harris-interactive-rtl-24-aout.pdf,https://fr.wikipedia.org/wiki/Liste_de_sondages_sur_l%27%C3%A9lection_pr%C3%A9sidentielle_fran%C3%A7aise_de_2027,primary,2026-10-09T14:35Z,sha256:4b2be57758c445a95973c5cba2e8d1eb6c51145df8bc02f65f51624efe805d8c
toluna-harris-2026-08-19-10239,toluna-harris,M6 / RTL,2026-08-18,2026-08-19,2026-08-24,2114,online,registered,1,S1,hollande,8.0,https://www.commission-des-sondages.fr/notices/files/notices/2026/aout/10239-pres-toluna-harris-interactive-rtl-24-aout.pdf,https://www.commission-des-sondages.fr/notices/files/notices/2026/aout/10239-pres-toluna-harris-interactive-rtl-24-aout.pdf,https://fr.wikipedia.org/wiki/Liste_de_sondages_sur_l%27%C3%A9lection_pr%C3%A9sidentielle_fran%C3%A7aise_de_2027,primary,2026-10-09T14:35Z,sha256:4b2be57758c445a95973c5cba2e8d1eb6c51145df8bc02f65f51624efe805d8c
toluna-harris-2026-08-19-10239,toluna-harris,M6 / RTL,2026-08-18,2026-08-19,2026-08-24,2114,online,registered,1,S1,le_pen,38.0,https://www.commission-des-sondages.fr/notices/files/notices/2026/aout/10239-pres-toluna-harris-interactive-rtl-24-aout.pdf,https://www.commission-des-sondages.fr/notices/files/notices/2026/aout/10239-pres-toluna-harris-interactive-rtl-24-aout.pdf,https://fr.wikipedia.org/wiki/Liste_de_sondages_sur_l%27%C3%A9lection_pr%C3%A9sidentielle_fran%C3%A7aise_de_2027,primary,2026-10-09T14:35Z,sha256:4b2be57758c445a95973c5cba2e8d1eb6c51145df8bc02f65f51624efe805d8c
toluna-harris-2026-08-19-10239,toluna-harris,M6 / RTL,2026-08-18,2026-08-19,2026-08-24,2114,online,registered,1,S1,melenchon,17.0,https://www.commission-des-sondages.fr/notices/files/notices/2026/aout/10239-pres-toluna-harris-interactive-rtl-24-aout.pdf,https://www.commission-des-sondages.fr/notices/files/notices/2026/aout/10239-pres-toluna-harris-interactive-rtl-24-aout.pdf,https://fr.wikipedia.org/wiki/Liste_de_sondages_sur_l%27%C3%A9lection_pr%C3%A9sidentielle_fran%C3%A7aise_de_2027,primary,2026-10-09T14:35Z,sha256:4b2be57758c445a95973c5cba2e8d1eb6c51145df8bc02f65f51624efe805d8c
toluna-harris-2026-08-19-10239,toluna-harris,M6 / RTL,2026-08-18,2026-08-19,2026-08-24,2114,online,registered,1,S1,retailleau,9.0,https://www.commission-des-sondages.fr/notices/files/notices/2026/aout/10239-pres-toluna-harris-interactive-rtl-24-aout.pdf,https://www.commission-des-sondages.fr/notices/files/notices/2026/aout/10239-pres-toluna-harris-interactive-rtl-24-aout.pdf,https://fr.wikipedia.org/wiki/Liste_de_sondages_sur_l%27%C3%A9lection_pr%C3%A9sidentielle_fran%C3%A7aise_de_2027,primary,2026-10-09T14:35Z,sha256:4b2be57758c445a95973c5cba2e8d1eb6c51145df8bc02f65f51624efe805d8c
toluna-harris-2026-08-19-10239,toluna-harris,M6 / RTL,2026-08-18,2026-08-19,2026-08-24,2114,online,registered,1,S1,roussel,3.0,https://www.commission-des-sondages.fr/notices/files/notices/2026/aout/10239-pres-toluna-harris-interactive-rtl-24-aout.pdf,https://www.commission-des-sondages.fr/notices/files/notices/2026/aout/10239-pres-toluna-harris-interactive-rtl-24-aout.pdf,https://fr.wikipedia.org/wiki/Liste_de_sondages_sur_l%27%C3%A9lection_pr%C3%A9sidentielle_fran%C3%A7aise_de_2027,primary,2026-10-09T14:35Z,sha256:4b2be57758c445a95973c5cba2e8d1eb6c51145df8bc02f65f51624efe805d8c
toluna-harris-2026-08-19-10239,toluna-harris,M6 / RTL,2026-08-18,2026-08-19,2026-08-24,2114,online,registered,1,S1,tondelier,4.0,https://www.commission-des-sondages.fr/notices/files/notices/2026/aout/10239-pres-toluna-harris-interactive-rtl-24-aout.pdf,https://www.commission-des-sondages.fr/notices/files/notices/2026/aout/10239-pres-toluna-harris-interactive-rtl-24-aout.pdf,https://fr.wikipedia.org/wiki/Liste_de_sondages_sur_l%27%C3%A9lection_pr%C3%A9sidentielle_fran%C3%A7aise_de_2027,primary,2026-10-09T14:35Z,sha256:4b2be57758c445a95973c5cba2e8d1eb6c51145df8bc02f65f51624efe805d8c
toluna-harris-2026-08-19-10239,toluna-harris,M6 / RTL,2026-08-18,2026-08-19,2026-08-24,2114,online,registered,1,S1,zemmour,4.0,https://www.commission-des-sondages.fr/notices/files/notices/2026/aout/10239-pres-toluna-harris-interactive-rtl-24-aout.pdf,https://www.commission-des-sondages.fr/notices/files/notices/2026/aout/10239-pres-toluna-harris-interactive-rtl-24-aout.pdf,https://fr.wikipedia.org/wiki/Liste_de_sondages_sur_l%27%C3%A9lection_pr%C3%A9sidentielle_fran%C3%A7aise_de_2027,primary,2026-10-09T14:35Z,sha256:4b2be57758c445a95973c5cba2e8d1eb6c51145df8bc02f65f51624efe805d8c
toluna-harris-2026-08-19-10239,toluna-harris,M6 / RTL,2026-08-18,2026-08-19,2026-08-24,2114,online,registered,1,S2,arthaud,1.0,https://www.commission-des-sondages.fr/notices/files/notices/2026/aout/10239-pres-toluna-harris-interactive-rtl-24-aout.pdf,https://www.commission-des-sondages.fr/notices/files/notices/2026/aout/10239-pres-toluna-harris-interactive-rtl-24-aout.pdf,https://fr.wikipedia.org/wiki/Liste_de_sondages_sur_l%27%C3%A9lection_pr%C3%A9sidentielle_fran%C3%A7aise_de_2027,primary,2026-10-09T14:35Z,sha256:4b2be57758c445a95973c5cba2e8d1eb6c51145df8bc02f65f51624efe805d8c
toluna-harris-2026-08-19-10239,toluna-harris,M6 / RTL,2026-08-18,2026-08-19,2026-08-24,2114,online,registered,1,S2,dupont_aignan,2.0,https://www.commission-des-sondages.fr/notices/files/notices/2026/aout/10239-pres-toluna-harris-interactive-rtl-24-aout.pdf,https://www.commission-des-sondages.fr/notices/files/notices/2026/aout/10239-pres-toluna-harris-interactive-rtl-24-aout.pdf,https://fr.wikipedia.org/wiki/Liste_de_sondages_sur_l%27%C3%A9lection_pr%C3%A9sidentielle_fran%C3%A7aise_de_2027,primary,2026-10-09T14:35Z,sha256:4b2be57758c445a95973c5cba2e8d1eb6c51145df8bc02f65f51624efe805d8c
toluna-harris-2026-08-19-10239,toluna-harris,M6 / RTL,2026-08-18,2026-08-19,2026-08-24,2114,online,registered,1,S2,hollande,8.0,https://www.commission-des-sondages.fr/notices/files/notices/2026/aout/10239-pres-toluna-harris-interactive-rtl-24-aout.pdf,https://www.commission-des-sondages.fr/notices/files/notices/2026/aout/10239-pres-toluna-harris-interactive-rtl-24-aout.pdf,https://fr.wikipedia.org/wiki/Liste_de_sondages_sur_l%27%C3%A9lection_pr%C3%A9sidentielle_fran%C3%A7aise_de_2027,primary,2026-10-09T14:35Z,sha256:4b2be57758c445a95973c5cba2e8d1eb6c51145df8bc02f65f51624efe805d8c
toluna-harris-2026-08-19-10239,toluna-harris,M6 / RTL,2026-08-18,2026-08-19,2026-08-24,2114,online,registered,1,S2,le_pen,35.0,https://www.commission-des-sondages.fr/notices/files/notices/2026/aout/10239-pres-toluna-harris-interactive-rtl-24-aout.pdf,https://www.commission-des-sondages.fr/notices/files/notices/2026/aout/10239-pres-toluna-harris-interactive-rtl-24-aout.pdf,https://fr.wikipedia.org/wiki/Liste_de_sondages_sur_l%27%C3%A9lection_pr%C3%A9sidentielle_fran%C3%A7aise_de_2027,primary,2026-10-09T14:35Z,sha256:4b2be57758c445a95973c5cba2e8d1eb6c51145df8bc02f65f51624efe805d8c
toluna-harris-2026-08-19-10239,toluna-harris,M6 / RTL,2026-08-18,2026-08-19,2026-08-24,2114,online,registered,1,S2,melenchon,17.0,https://www.commission-des-sondages.fr/notices/files/notices/2026/aout/10239-pres-toluna-harris-interactive-rtl-24-aout.pdf,https://www.commission-des-sondages.fr/notices/files/notices/2026/aout/10239-pres-toluna-harris-interactive-rtl-24-aout.pdf,https://fr.wikipedia.org/wiki/Liste_de_sondages_sur_l%27%C3%A9lection_pr%C3%A9sidentielle_fran%C3%A7aise_de_2027,primary,2026-10-09T14:35Z,sha256:4b2be57758c445a95973c5cba2e8d1eb6c51145df8bc02f65f51624efe805d8c
toluna-harris-2026-08-19-10239,toluna-harris,M6 / RTL,2026-08-18,2026-08-19,2026-08-24,2114,online,registered,1,S2,philippe,19.0,https://www.commission-des-sondages.fr/notices/files/notices/2026/aout/10239-pres-toluna-harris-interactive-rtl-24-aout.pdf,https://www.commission-des-sondages.fr/notices/files/notices/2026/aout/10239-pres-toluna-harris-interactive-rtl-24-aout.pdf,https://fr.wikipedia.org/wiki/Liste_de_sondages_sur_l%27%C3%A9lection_pr%C3%A9sidentielle_fran%C3%A7aise_de_2027,primary,2026-10-09T14:35Z,sha256:4b2be57758c445a95973c5cba2e8d1eb6c51145df8bc02f65f51624efe805d8c
toluna-harris-2026-08-19-10239,toluna-harris,M6 / RTL,2026-08-18,2026-08-19,2026-08-24,2114,online,registered,1,S2,retailleau,7.0,https://www.commission-des-sondages.fr/notices/files/notices/2026/aout/10239-pres-toluna-harris-interactive-rtl-24-aout.pdf,https://www.commission-des-sondages.fr/notices/files/notices/2026/aout/10239-pres-toluna-harris-interactive-rtl-24-aout.pdf,https://fr.wikipedia.org/wiki/Liste_de_sondages_sur_l%27%C3%A9lection_pr%C3%A9sidentielle_fran%C3%A7aise_de_2027,primary,2026-10-09T14:35Z,sha256:4b2be57758c445a95973c5cba2e8d1eb6c51145df8bc02f65f51624efe805d8c
toluna-harris-2026-08-19-10239,toluna-harris,M6 / RTL,2026-08-18,2026-08-19,2026-08-24,2114,online,registered,1,S2,roussel,3.0,https://www.commission-des-sondages.fr/notices/files/notices/2026/aout/10239-pres-toluna-harris-interactive-rtl-24-aout.pdf,https://www.commission-des-sondages.fr/notices/files/notices/2026/aout/10239-pres-toluna-harris-interactive-rtl-24-aout.pdf,https://fr.wikipedia.org/wiki/Liste_de_sondages_sur_l%27%C3%A9lection_pr%C3%A9sidentielle_fran%C3%A7aise_de_2027,primary,2026-10-09T14:35Z,sha256:4b2be57758c445a95973c5cba2e8d1eb6c51145df8bc02f65f51624efe805d8c
toluna-harris-2026-08-19-10239,toluna-harris,M6 / RTL,2026-08-18,2026-08-19,2026-08-24,2114,online,registered,1,S2,tondelier,4.0,https://www.commission-des-sondages.fr/notices/files/notices/2026/aout/10239-pres-toluna-harris-interactive-rtl-24-aout.pdf,https://www.commission-des-sondages.fr/notices/files/notices/2026/aout/10239-pres-toluna-harris-interactive-rtl-24-aout.pdf,https://fr.wikipedia.org/wiki/Liste_de_sondages_sur_l%27%C3%A9lection_pr%C3%A9sidentielle_fran%C3%A7aise_de_2027,primary,2026-10-09T14:35Z,sha256:4b2be57758c445a95973c5cba2e8d1eb6c51145df8bc02f65f51624efe805d8c
toluna-harris-2026-08-19-10239,toluna-harris,M6 / RTL,2026-08-18,2026-08-19,2026-08-24,2114,online,registered,1,S2,zemmour,4.0,https://www.commission-des-sondages.fr/notices/files/notices/2026/aout/10239-pres-toluna-harris-interactive-rtl-24-aout.pdf,https://www.commission-des-sondages.fr/notices/files/notices/2026/aout/10239-pres-toluna-harris-interactive-rtl-24-aout.pdf,https://fr.wikipedia.org/wiki/Liste_de_sondages_sur_l%27%C3%A9lection_pr%C3%A9sidentielle_fran%C3%A7aise_de_2027,primary,2026-10-09T14:35Z,sha256:4b2be57758c445a95973c5cba2e8d1eb6c51145df8bc02f65f51624efe805d8c
toluna-harris-2026-08-19-10239,toluna-harris,M6 / RTL,2026-08-18,2026-08-19,2026-08-24,2114,online,registered,1,S3,arthaud,1.0,https://www.commission-des-sondages.fr/notices/files/notices/2026/aout/10239-pres-toluna-harris-interactive-rtl-24-aout.pdf,https://www.commission-des-sondages.fr/notices/files/notices/2026/aout/10239-pres-toluna-harris-interactive-rtl-24-aout.pdf,https://fr.wikipedia.org/wiki/Liste_de_sondages_sur_l%27%C3%A9lection_pr%C3%A9sidentielle_fran%C3%A7aise_de_2027,primary,2026-10-09T14:35Z,sha256:4b2be57758c445a95973c5cba2e8d1eb6c51145df8bc02f65f51624efe805d8c
toluna-harris-2026-08-19-10239,toluna-harris,M6 / RTL,2026-08-18,2026-08-19,2026-08-24,2114,online,registered,1,S3,attal,15.0,https://www.commission-des-sondages.fr/notices/files/notices/2026/aout/10239-pres-toluna-harris-interactive-rtl-24-aout.pdf,https://www.commission-des-sondages.fr/notices/files/notices/2026/aout/10239-pres-toluna-harris-interactive-rtl-24-aout.pdf,https://fr.wikipedia.org/wiki/Liste_de_sondages_sur_l%27%C3%A9lection_pr%C3%A9sidentielle_fran%C3%A7aise_de_2027,primary,2026-10-09T14:35Z,sha256:4b2be57758c445a95973c5cba2e8d1eb6c51145df8bc02f65f51624efe805d8c
toluna-harris-2026-08-19-10239,toluna-harris,M6 / RTL,2026-08-18,2026-08-19,2026-08-24,2114,online,registered,1,S3,dupont_aignan,2.0,https://www.commission-des-sondages.fr/notices/files/notices/2026/aout/10239-pres-toluna-harris-interactive-rtl-24-aout.pdf,https://www.commission-des-sondages.fr/notices/files/notices/2026/aout/10239-pres-toluna-harris-interactive-rtl-24-aout.pdf,https://fr.wikipedia.org/wiki/Liste_de_sondages_sur_l%27%C3%A9lection_pr%C3%A9sidentielle_fran%C3%A7aise_de_2027,primary,2026-10-09T14:35Z,sha256:4b2be57758c445a95973c5cba2e8d1eb6c51145df8bc02f65f51624efe805d8c
toluna-harris-2026-08-19-10239,toluna-harris,M6 / RTL,2026-08-18,2026-08-19,2026-08-24,2114,online,registered,1,S3,glucksmann,11.0,https://www.commission-des-sondages.fr/notices/files/notices/2026/aout/10239-pres-toluna-harris-interactive-rtl-24-aout.pdf,https://www.commission-des-sondages.fr/notices/files/notices/2026/aout/10239-pres-toluna-harris-interactive-rtl-24-aout.pdf,https://fr.wikipedia.org/wiki/Liste_de_sondages_sur_l%27%C3%A9lection_pr%C3%A9sidentielle_fran%C3%A7aise_de_2027,primary,2026-10-09T14:35Z,sha256:4b2be57758c445a95973c5cba2e8d1eb6c51145df8bc02f65f51624efe805d8c
toluna-harris-2026-08-19-10239,toluna-harris,M6 / RTL,2026-08-18,2026-08-19,2026-08-24,2114,online,registered,1,S3,le_pen,37.0,https://www.commission-des-sondages.fr/notices/files/notices/2026/aout/10239-pres-toluna-harris-interactive-rtl-24-aout.pdf,https://www.commission-des-sondages.fr/notices/files/notices/2026/aout/10239-pres-toluna-harris-interactive-rtl-24-aout.pdf,https://fr.wikipedia.org/wiki/Liste_de_sondages_sur_l%27%C3%A9lection_pr%C3%A9sidentielle_fran%C3%A7aise_de_2027,primary,2026-10-09T14:35Z,sha256:4b2be57758c445a95973c5cba2e8d1eb6c51145df8bc02f65f51624efe805d8c
toluna-harris-2026-08-19-10239,toluna-harris,M6 / RTL,2026-08-18,2026-08-19,2026-08-24,2114,online,registered,1,S3,melenchon,17.0,https://www.commission-des-sondages.fr/notices/files/notices/2026/aout/10239-pres-toluna-harris-interactive-rtl-24-aout.pdf,https://www.commission-des-sondages.fr/notices/files/notices/2026/aout/10239-pres-toluna-harris-interactive-rtl-24-aout.pdf,https://fr.wikipedia.org/wiki/Liste_de_sondages_sur_l%27%C3%A9lection_pr%C3%A9sidentielle_fran%C3%A7aise_de_2027,primary,2026-10-09T14:35Z,sha256:4b2be57758c445a95973c5cba2e8d1eb6c51145df8bc02f65f51624efe805d8c
toluna-harris-2026-08-19-10239,toluna-harris,M6 / RTL,2026-08-18,2026-08-19,2026-08-24,2114,online,registered,1,S3,retailleau,9.0,https://www.commission-des-sondages.fr/notices/files/notices/2026/aout/10239-pres-toluna-harris-interactive-rtl-24-aout.pdf,https://www.commission-des-sondages.fr/notices/files/notices/2026/aout/10239-pres-toluna-harris-interactive-rtl-24-aout.pdf,https://fr.wikipedia.org/wiki/Liste_de_sondages_sur_l%27%C3%A9lection_pr%C3%A9sidentielle_fran%C3%A7aise_de_2027,primary,2026-10-09T14:35Z,sha256:4b2be57758c445a95973c5cba2e8d1eb6c51145df8bc02f65f51624efe805d8c
toluna-harris-2026-08-19-10239,toluna-harris,M6 / RTL,2026-08-18,2026-08-19,2026-08-24,2114,online,registered,1,S3,roussel,2.0,https://www.commission-des-sondages.fr/notices/files/notices/2026/aout/10239-pres-toluna-harris-interactive-rtl-24-aout.pdf,https://www.commission-des-sondages.fr/notices/files/notices/2026/aout/10239-pres-toluna-harris-interactive-rtl-24-aout.pdf,https://fr.wikipedia.org/wiki/Liste_de_sondages_sur_l%27%C3%A9lection_pr%C3%A9sidentielle_fran%C3%A7aise_de_2027,primary,2026-10-09T14:35Z,sha256:4b2be57758c445a95973c5cba2e8d1eb6c51145df8bc02f65f51624efe805d8c
toluna-harris-2026-08-19-10239,toluna-harris,M6 / RTL,2026-08-18,2026-08-19,2026-08-24,2114,online,registered,1,S3,tondelier,3.0,https://www.commission-des-sondages.fr/notices/files/notices/2026/aout/10239-pres-toluna-harris-interactive-rtl-24-aout.pdf,https://www.commission-des-sondages.fr/notices/files/notices/2026/aout/10239-pres-toluna-harris-interactive-rtl-24-aout.pdf,https://fr.wikipedia.org/wiki/Liste_de_sondages_sur_l%27%C3%A9lection_pr%C3%A9sidentielle_fran%C3%A7aise_de_2027,primary,2026-10-09T14:35Z,sha256:4b2be57758c445a95973c5cba2e8d1eb6c51145df8bc02f65f51624efe805d8c
toluna-harris-2026-08-19-10239,toluna-harris,M6 / RTL,2026-08-18,2026-08-19,2026-08-24,2114,online,registered,1,S3,zemmour,3.0,https://www.commission-des-sondages.fr/notices/files/notices/2026/aout/10239-pres-toluna-harris-interactive-rtl-24-aout.pdf,https://www.commission-des-sondages.fr/notices/files/notices/2026/aout/10239-pres-toluna-harris-interactive-rtl-24-aout.pdf,https://fr.wikipedia.org/wiki/Liste_de_sondages_sur_l%27%C3%A9lection_pr%C3%A9sidentielle_fran%C3%A7aise_de_2027,primary,2026-10-09T14:35Z,sha256:4b2be57758c445a95973c5cba2e8d1eb6c51145df8bc02f65f51624efe805d8c
toluna-harris-2026-08-19-10239,toluna-harris,M6 / RTL,2026-08-18,2026-08-19,2026-08-24,2114,online,registered,1,S4,arthaud,1.0,https://www.commission-des-sondages.fr/notices/files/notices/2026/aout/10239-pres-toluna-harris-interactive-rtl-24-aout.pdf,https://www.commission-des-sondages.fr/notices/files/notices/2026/aout/10239-pres-toluna-harris-interactive-rtl-24-aout.pdf,https://fr.wikipedia.org/wiki/Liste_de_sondages_sur_l%27%C3%A9lection_pr%C3%A9sidentielle_fran%C3%A7aise_de_2027,primary,2026-10-09T14:35Z,sha256:4b2be57758c445a95973c5cba2e8d1eb6c51145df8bc02f65f51624efe805d8c
toluna-harris-2026-08-19-10239,toluna-harris,M6 / RTL,2026-08-18,2026-08-19,2026-08-24,2114,online,registered,1,S4,dupont_aignan,3.0,https://www.commission-des-sondages.fr/notices/files/notices/2026/aout/10239-pres-toluna-harris-interactive-rtl-24-aout.pdf,https://www.commission-des-sondages.fr/notices/files/notices/2026/aout/10239-pres-toluna-harris-interactive-rtl-24-aout.pdf,https://fr.wikipedia.org/wiki/Liste_de_sondages_sur_l%27%C3%A9lection_pr%C3%A9sidentielle_fran%C3%A7aise_de_2027,primary,2026-10-09T14:35Z,sha256:4b2be57758c445a95973c5cba2e8d1eb6c51145df8bc02f65f51624efe805d8c
toluna-harris-2026-08-19-10239,toluna-harris,M6 / RTL,2026-08-18,2026-08-19,2026-08-24,2114,online,registered,1,S4,glucksmann,10.0,https://www.commission-des-sondages.fr/notices/files/notices/2026/aout/10239-pres-toluna-harris-interactive-rtl-24-aout.pdf,https://www.commission-des-sondages.fr/notices/files/notices/2026/aout/10239-pres-toluna-harris-interactive-rtl-24-aout.pdf,https://fr.wikipedia.org/wiki/Liste_de_sondages_sur_l%27%C3%A9lection_pr%C3%A9sidentielle_fran%C3%A7aise_de_2027,primary,2026-10-09T14:35Z,sha256:4b2be57758c445a95973c5cba2e8d1eb6c51145df8bc02f65f51624efe805d8c
toluna-harris-2026-08-19-10239,toluna-harris,M6 / RTL,2026-08-18,2026-08-19,2026-08-24,2114,online,registered,1,S4,le_pen,35.0,https://www.commission-des-sondages.fr/notices/files/notices/2026/aout/10239-pres-toluna-harris-interactive-rtl-24-aout.pdf,https://www.commission-des-sondages.fr/notices/files/notices/2026/aout/10239-pres-toluna-harris-interactive-rtl-24-aout.pdf,https://fr.wikipedia.org/wiki/Liste_de_sondages_sur_l%27%C3%A9lection_pr%C3%A9sidentielle_fran%C3%A7aise_de_2027,primary,2026-10-09T14:35Z,sha256:4b2be57758c445a95973c5cba2e8d1eb6c51145df8bc02f65f51624efe805d8c
toluna-harris-2026-08-19-10239,toluna-harris,M6 / RTL,2026-08-18,2026-08-19,2026-08-24,2114,online,registered,1,S4,melenchon,17.0,https://www.commission-des-sondages.fr/notices/files/notices/2026/aout/10239-pres-toluna-harris-interactive-rtl-24-aout.pdf,https://www.commission-des-sondages.fr/notices/files/notices/2026/aout/10239-pres-toluna-harris-interactive-rtl-24-aout.pdf,https://fr.wikipedia.org/wiki/Liste_de_sondages_sur_l%27%C3%A9lection_pr%C3%A9sidentielle_fran%C3%A7aise_de_2027,primary,2026-10-09T14:35Z,sha256:4b2be57758c445a95973c5cba2e8d1eb6c51145df8bc02f65f51624efe805d8c
toluna-harris-2026-08-19-10239,toluna-harris,M6 / RTL,2026-08-18,2026-08-19,2026-08-24,2114,online,registered,1,S4,philippe,17.0,https://www.commission-des-sondages.fr/notices/files/notices/2026/aout/10239-pres-toluna-harris-interactive-rtl-24-aout.pdf,https://www.commission-des-sondages.fr/notices/files/notices/2026/aout/10239-pres-toluna-harris-interactive-rtl-24-aout.pdf,https://fr.wikipedia.org/wiki/Liste_de_sondages_sur_l%27%C3%A9lection_pr%C3%A9sidentielle_fran%C3%A7aise_de_2027,primary,2026-10-09T14:35Z,sha256:4b2be57758c445a95973c5cba2e8d1eb6c51145df8bc02f65f51624efe805d8c
toluna-harris-2026-08-19-10239,toluna-harris,M6 / RTL,2026-08-18,2026-08-19,2026-08-24,2114,online,registered,1,S4,retailleau,7.0,https://www.commission-des-sondages.fr/notices/files/notices/2026/aout/10239-pres-toluna-harris-interactive-rtl-24-aout.pdf,https://www.commission-des-sondages.fr/notices/files/notices/2026/aout/10239-pres-toluna-harris-interactive-rtl-24-aout.pdf,https://fr.wikipedia.org/wiki/Liste_de_sondages_sur_l%27%C3%A9lection_pr%C3%A9sidentielle_fran%C3%A7aise_de_2027,primary,2026-10-09T14:35Z,sha256:4b2be57758c445a95973c5cba2e8d1eb6c51145df8bc02f65f51624efe805d8c
toluna-harris-2026-08-19-10239,toluna-harris,M6 / RTL,2026-08-18,2026-08-19,2026-08-24,2114,online,registered,1,S4,roussel,3.0,https://www.commission-des-sondages.fr/notices/files/notices/2026/aout/10239-pres-toluna-harris-interactive-rtl-24-aout.pdf,https://www.commission-des-sondages.fr/notices/files/notices/2026/aout/10239-pres-toluna-harris-interactive-rtl-24-aout.pdf,https://fr.wikipedia.org/wiki/Liste_de_sondages_sur_l%27%C3%A9lection_pr%C3%A9sidentielle_fran%C3%A7aise_de_2027,primary,2026-10-09T14:35Z,sha256:4b2be57758c445a95973c5cba2e8d1eb6c51145df8bc02f65f51624efe805d8c
toluna-harris-2026-08-19-10239,toluna-harris,M6 / RTL,2026-08-18,2026-08-19,2026-08-24,2114,online,registered,1,S4,tondelier,3.0,https://www.commission-des-sondages.fr/notices/files/notices/2026/aout/10239-pres-toluna-harris-interactive-rtl-24-aout.pdf,https://www.commission-des-sondages.fr/notices/files/notices/2026/aout/10239-pres-toluna-harris-interactive-rtl-24-aout.pdf,https://fr.wikipedia.org/wiki/Liste_de_sondages_sur_l%27%C3%A9lection_pr%C3%A9sidentielle_fran%C3%A7aise_de_2027,primary,2026-10-09T14:35Z,sha256:4b2be57758c445a95973c5cba2e8d1eb6c51145df8bc02f65f51624efe805d8c
toluna-harris-2026-08-19-10239,toluna-harris,M6 / RTL,2026-08-18,2026-08-19,2026-08-24,2114,online,registered,1,S4,zemmour,4.0,https://www.commission-des-sondages.fr/notices/files/notices/2026/aout/10239-pres-toluna-harris-interactive-rtl-24-aout.pdf,https://www.commission-des-sondages.fr/notices/files/notices/2026/aout/10239-pres-toluna-harris-interactive-rtl-24-aout.pdf,https://fr.wikipedia.org/wiki/Liste_de_sondages_sur_l%27%C3%A9lection_pr%C3%A9sidentielle_fran%C3%A7aise_de_2027,primary,2026-10-09T14:35Z,sha256:4b2be57758c445a95973c5cba2e8d1eb6c51145df8bc02f65f51624efe805d8c
toluna-harris-2026-08-19-10239,toluna-harris,M6 / RTL,2026-08-18,2026-08-19,2026-08-24,2114,online,registered,1,S5,arthaud,1.0,https://www.commission-des-sondages.fr/notices/files/notices/2026/aout/10239-pres-toluna-harris-interactive-rtl-24-aout.pdf,https://www.commission-des-sondages.fr/notices/files/notices/2026/aout/10239-pres-toluna-harris-interactive-rtl-24-aout.pdf,https://fr.wikipedia.org/wiki/Liste_de_sondages_sur_l%27%C3%A9lection_pr%C3%A9sidentielle_fran%C3%A7aise_de_2027,primary,2026-10-09T14:35Z,sha256:4b2be57758c445a95973c5cba2e8d1eb6c51145df8bc02f65f51624efe805d8c
toluna-harris-2026-08-19-10239,toluna-harris,M6 / RTL,2026-08-18,2026-08-19,2026-08-24,2114,online,registered,1,S5,attal,8.0,https://www.commission-des-sondages.fr/notices/files/notices/2026/aout/10239-pres-toluna-harris-interactive-rtl-24-aout.pdf,https://www.commission-des-sondages.fr/notices/files/notices/2026/aout/10239-pres-toluna-harris-interactive-rtl-24-aout.pdf,https://fr.wikipedia.org/wiki/Liste_de_sondages_sur_l%27%C3%A9lection_pr%C3%A9sidentielle_fran%C3%A7aise_de_2027,primary,2026-10-09T14:35Z,sha256:4b2be57758c445a95973c5cba2e8d1eb6c51145df8bc02f65f51624efe805d8c
toluna-harris-2026-08-19-10239,toluna-harris,M6 / RTL,2026-08-18,2026-08-19,2026-08-24,2114,online,registered,1,S5,dupont_aignan,2.0,https://www.commission-des-sondages.fr/notices/files/notices/2026/aout/10239-pres-toluna-harris-interactive-rtl-24-aout.pdf,https://www.commission-des-sondages.fr/notices/files/notices/2026/aout/10239-pres-toluna-harris-interactive-rtl-24-aout.pdf,https://fr.wikipedia.org/wiki/Liste_de_sondages_sur_l%27%C3%A9lection_pr%C3%A9sidentielle_fran%C3%A7aise_de_2027,primary,2026-10-09T14:35Z,sha256:4b2be57758c445a95973c5cba2e8d1eb6c51145df8bc02f65f51624efe805d8c
toluna-harris-2026-08-19-10239,toluna-harris,M6 / RTL,2026-08-18,2026-08-19,2026-08-24,2114,online,registered,1,S5,glucksmann,10.0,https://www.commission-des-sondages.fr/notices/files/notices/2026/aout/10239-pres-toluna-harris-interactive-rtl-24-aout.pdf,https://www.commission-des-sondages.fr/notices/files/notices/2026/aout/10239-pres-toluna-harris-interactive-rtl-24-aout.pdf,https://fr.wikipedia.org/wiki/Liste_de_sondages_sur_l%27%C3%A9lection_pr%C3%A9sidentielle_fran%C3%A7aise_de_2027,primary,2026-10-09T14:35Z,sha256:4b2be57758c445a95973c5cba2e8d1eb6c51145df8bc02f65f51624efe805d8c
toluna-harris-2026-08-19-10239,toluna-harris,M6 / RTL,2026-08-18,2026-08-19,2026-08-24,2114,online,registered,1,S5,le_pen,35.0,https://www.commission-des-sondages.fr/notices/files/notices/2026/aout/10239-pres-toluna-harris-interactive-rtl-24-aout.pdf,https://www.commission-des-sondages.fr/notices/files/notices/2026/aout/10239-pres-toluna-harris-interactive-rtl-24-aout.pdf,https://fr.wikipedia.org/wiki/Liste_de_sondages_sur_l%27%C3%A9lection_pr%C3%A9sidentielle_fran%C3%A7aise_de_2027,primary,2026-10-09T14:35Z,sha256:4b2be57758c445a95973c5cba2e8d1eb6c51145df8bc02f65f51624efe805d8c
toluna-harris-2026-08-19-10239,toluna-harris,M6 / RTL,2026-08-18,2026-08-19,2026-08-24,2114,online,registered,1,S5,melenchon,16.0,https://www.commission-des-sondages.fr/notices/files/notices/2026/aout/10239-pres-toluna-harris-interactive-rtl-24-aout.pdf,https://www.commission-des-sondages.fr/notices/files/notices/2026/aout/10239-pres-toluna-harris-interactive-rtl-24-aout.pdf,https://fr.wikipedia.org/wiki/Liste_de_sondages_sur_l%27%C3%A9lection_pr%C3%A9sidentielle_fran%C3%A7aise_de_2027,primary,2026-10-09T14:35Z,sha256:4b2be57758c445a95973c5cba2e8d1eb6c51145df8bc02f65f51624efe805d8c
toluna-harris-2026-08-19-10239,toluna-harris,M6 / RTL,2026-08-18,2026-08-19,2026-08-24,2114,online,registered,1,S5,philippe,14.0,https://www.commission-des-sondages.fr/notices/files/notices/2026/aout/10239-pres-toluna-harris-interactive-rtl-24-aout.pdf,https://www.commission-des-sondages.fr/notices/files/notices/2026/aout/10239-pres-toluna-harris-interactive-rtl-24-aout.pdf,https://fr.wikipedia.org/wiki/Liste_de_sondages_sur_l%27%C3%A9lection_pr%C3%A9sidentielle_fran%C3%A7aise_de_2027,primary,2026-10-09T14:35Z,sha256:4b2be57758c445a95973c5cba2e8d1eb6c51145df8bc02f65f51624efe805d8c
toluna-harris-2026-08-19-10239,toluna-harris,M6 / RTL,2026-08-18,2026-08-19,2026-08-24,2114,online,registered,1,S5,retailleau,6.0,https://www.commission-des-sondages.fr/notices/files/notices/2026/aout/10239-pres-toluna-harris-interactive-rtl-24-aout.pdf,https://www.commission-des-sondages.fr/notices/files/notices/2026/aout/10239-pres-toluna-harris-interactive-rtl-24-aout.pdf,https://fr.wikipedia.org/wiki/Liste_de_sondages_sur_l%27%C3%A9lection_pr%C3%A9sidentielle_fran%C3%A7aise_de_2027,primary,2026-10-09T14:35Z,sha256:4b2be57758c445a95973c5cba2e8d1eb6c51145df8bc02f65f51624efe805d8c
toluna-harris-2026-08-19-10239,toluna-harris,M6 / RTL,2026-08-18,2026-08-19,2026-08-24,2114,online,registered,1,S5,roussel,2.0,https://www.commission-des-sondages.fr/notices/files/notices/2026/aout/10239-pres-toluna-harris-interactive-rtl-24-aout.pdf,https://www.commission-des-sondages.fr/notices/files/notices/2026/aout/10239-pres-toluna-harris-interactive-rtl-24-aout.pdf,https://fr.wikipedia.org/wiki/Liste_de_sondages_sur_l%27%C3%A9lection_pr%C3%A9sidentielle_fran%C3%A7aise_de_2027,primary,2026-10-09T14:35Z,sha256:4b2be57758c445a95973c5cba2e8d1eb6c51145df8bc02f65f51624efe805d8c
toluna-harris-2026-08-19-10239,toluna-harris,M6 / RTL,2026-08-18,2026-08-19,2026-08-24,2114,online,registered,1,S5,tondelier,3.0,https://www.commission-des-sondages.fr/notices/files/notices/2026/aout/10239-pres-toluna-harris-interactive-rtl-24-aout.pdf,https://www.commission-des-sondages.fr/notices/files/notices/2026/aout/10239-pres-toluna-harris-interactive-rtl-24-aout.pdf,https://fr.wikipedia.org/wiki/Liste_de_sondages_sur_l%27%C3%A9lection_pr%C3%A9sidentielle_fran%C3%A7aise_de_2027,primary,2026-10-09T14:35Z,sha256:4b2be57758c445a95973c5cba2e8d1eb6c51145df8bc02f65f51624efe805d8c
toluna-harris-2026-08-19-10239,toluna-harris,M6 / RTL,2026-08-18,2026-08-19,2026-08-24,2114,online,registered,1,S5,zemmour,3.0,https://www.commission-des-sondages.fr/notices/files/notices/2026/aout/10239-pres-toluna-harris-interactive-rtl-24-aout.pdf,https://www.commission-des-sondages.fr/notices/files/notices/2026/aout/10239-pres-toluna-harris-interactive-rtl-24-aout.pdf,https://fr.wikipedia.org/wiki/Liste_de_sondages_sur_l%27%C3%A9lection_pr%C3%A9sidentielle_fran%C3%A7aise_de_2027,primary,2026-10-09T14:35Z,sha256:4b2be57758c445a95973c5cba2e8d1eb6c51145df8bc02f65f51624efe805d8c
toluna-harris-2026-08-19-10239,toluna-harris,M6 / RTL,2026-08-18,2026-08-19,2026-08-24,2114,online,registered,2,H1,attal,43.0,https://www.commission-des-sondages.fr/notices/files/notices/2026/aout/10239-pres-toluna-harris-interactive-rtl-24-aout.pdf,https://www.commission-des-sondages.fr/notices/files/notices/2026/aout/10239-pres-toluna-harris-interactive-rtl-24-aout.pdf,https://fr.wikipedia.org/wiki/Liste_de_sondages_sur_l%27%C3%A9lection_pr%C3%A9sidentielle_fran%C3%A7aise_de_2027,primary,2026-10-09T14:35Z,sha256:4b2be57758c445a95973c5cba2e8d1eb6c51145df8bc02f65f51624efe805d8c
toluna-harris-2026-08-19-10239,toluna-harris,M6 / RTL,2026-08-18,2026-08-19,2026-08-24,2114,online,registered,2,H1,le_pen,57.0,https://www.commission-des-sondages.fr/notices/files/notices/2026/aout/10239-pres-toluna-harris-interactive-rtl-24-aout.pdf,https://www.commission-des-sondages.fr/notices/files/notices/2026/aout/10239-pres-toluna-harris-interactive-rtl-24-aout.pdf,https://fr.wikipedia.org/wiki/Liste_de_sondages_sur_l%27%C3%A9lection_pr%C3%A9sidentielle_fran%C3%A7aise_de_2027,primary,2026-10-09T14:35Z,sha256:4b2be57758c445a95973c5cba2e8d1eb6c51145df8bc02f65f51624efe805d8c
toluna-harris-2026-08-19-10239,toluna-harris,M6 / RTL,2026-08-18,2026-08-19,2026-08-24,2114,online,registered,2,H2,le_pen,68.0,https://www.commission-des-sondages.fr/notices/files/notices/2026/aout/10239-pres-toluna-harris-interactive-rtl-24-aout.pdf,https://www.commission-des-sondages.fr/notices/files/notices/2026/aout/10239-pres-toluna-harris-interactive-rtl-24-aout.pdf,https://fr.wikipedia.org/wiki/Liste_de_sondages_sur_l%27%C3%A9lection_pr%C3%A9sidentielle_fran%C3%A7aise_de_2027,primary,2026-10-09T14:35Z,sha256:4b2be57758c445a95973c5cba2e8d1eb6c51145df8bc02f65f51624efe805d8c
toluna-harris-2026-08-19-10239,toluna-harris,M6 / RTL,2026-08-18,2026-08-19,2026-08-24,2114,online,registered,2,H2,melenchon,32.0,https://www.commission-des-sondages.fr/notices/files/notices/2026/aout/10239-pres-toluna-harris-interactive-rtl-24-aout.pdf,https://www.commission-des-sondages.fr/notices/files/notices/2026/aout/10239-pres-toluna-harris-interactive-rtl-24-aout.pdf,https://fr.wikipedia.org/wiki/Liste_de_sondages_sur_l%27%C3%A9lection_pr%C3%A9sidentielle_fran%C3%A7aise_de_2027,primary,2026-10-09T14:35Z,sha256:4b2be57758c445a95973c5cba2e8d1eb6c51145df8bc02f65f51624efe805d8c
toluna-harris-2026-08-19-10239,toluna-harris,M6 / RTL,2026-08-18,2026-08-19,2026-08-24,2114,online,registered,2,H3,le_pen,55.0,https://www.commission-des-sondages.fr/notices/files/notices/2026/aout/10239-pres-toluna-harris-interactive-rtl-24-aout.pdf,https://www.commission-des-sondages.fr/notices/files/notices/2026/aout/10239-pres-toluna-harris-interactive-rtl-24-aout.pdf,https://fr.wikipedia.org/wiki/Liste_de_sondages_sur_l%27%C3%A9lection_pr%C3%A9sidentielle_fran%C3%A7aise_de_2027,primary,2026-10-09T14:35Z,sha256:4b2be57758c445a95973c5cba2e8d1eb6c51145df8bc02f65f51624efe805d8c
toluna-harris-2026-08-19-10239,toluna-harris,M6 / RTL,2026-08-18,2026-08-19,2026-08-24,2114,online,registered,2,H3,philippe,45.0,https://www.commission-des-sondages.fr/notices/files/notices/2026/aout/10239-pres-toluna-harris-interactive-rtl-24-aout.pdf,https://www.commission-des-sondages.fr/notices/files/notices/2026/aout/10239-pres-toluna-harris-interactive-rtl-24-aout.pdf,https://fr.wikipedia.org/wiki/Liste_de_sondages_sur_l%27%C3%A9lection_pr%C3%A9sidentielle_fran%C3%A7aise_de_2027,primary,2026-10-09T14:35Z,sha256:4b2be57758c445a95973c5cba2e8d1eb6c51145df8bc02f65f51624efe805d8c
ifop-2026-08-25-10242,ifop,LCI / Le Figaro / Sud Radio,2026-08-24,2026-08-25,2026-08-26,1800,online,registered,1,S1,arthaud,0.5,https://www.commission-des-sondages.fr/notices/files/notices/2026/aout/10242-pres-barometre-election-pres-iv-v5-ifop-26-aout.pdf,https://www.commission-des-sondages.fr/notices/files/notices/2026/aout/10242-pres-barometre-election-pres-iv-v5-ifop-26-aout.pdf,https://fr.wikipedia.org/wiki/Liste_de_sondages_sur_l%27%C3%A9lection_pr%C3%A9sidentielle_fran%C3%A7aise_de_2027,primary,2026-10-09T14:35Z,sha256:6ecc9f2cc77e8cc5bcc19a3d295dd34b854d864ba3734f8f1a7a38a2b84dc3ef
ifop-2026-08-25-10242,ifop,LCI / Le Figaro / Sud Radio,2026-08-24,2026-08-25,2026-08-26,1800,online,registered,1,S1,attal,8.0,https://www.commission-des-sondages.fr/notices/files/notices/2026/aout/10242-pres-barometre-election-pres-iv-v5-ifop-26-aout.pdf,https://www.commission-des-sondages.fr/notices/files/notices/2026/aout/10242-pres-barometre-election-pres-iv-v5-ifop-26-aout.pdf,https://fr.wikipedia.org/wiki/Liste_de_sondages_sur_l%27%C3%A9lection_pr%C3%A9sidentielle_fran%C3%A7aise_de_2027,primary,2026-10-09T14:35Z,sha256:6ecc9f2cc77e8cc5bcc19a3d295dd34b854d864ba3734f8f1a7a38a2b84dc3ef
ifop-2026-08-25-10242,ifop,LCI / Le Figaro / Sud Radio,2026-08-24,2026-08-25,2026-08-26,1800,online,registered,1,S1,dupont_aignan,1.5,https://www.commission-des-sondages.fr/notices/files/notices/2026/aout/10242-pres-barometre-election-pres-iv-v5-ifop-26-aout.pdf,https://www.commission-des-sondages.fr/notices/files/notices/2026/aout/10242-pres-barometre-election-pres-iv-v5-ifop-26-aout.pdf,https://fr.wikipedia.org/wiki/Liste_de_sondages_sur_l%27%C3%A9lection_pr%C3%A9sidentielle_fran%C3%A7aise_de_2027,primary,2026-10-09T14:35Z,sha256:6ecc9f2cc77e8cc5bcc19a3d295dd34b854d864ba3734f8f1a7a38a2b84dc3ef
ifop-2026-08-25-10242,ifop,LCI / Le Figaro / Sud Radio,2026-08-24,2026-08-25,2026-08-26,1800,online,registered,1,S1,glucksmann,11.0,https://www.commission-des-sondages.fr/notices/files/notices/2026/aout/10242-pres-barometre-election-pres-iv-v5-ifop-26-aout.pdf,https://www.commission-des-sondages.fr/notices/files/notices/2026/aout/10242-pres-barometre-election-pres-iv-v5-ifop-26-aout.pdf,https://fr.wikipedia.org/wiki/Liste_de_sondages_sur_l%27%C3%A9lection_pr%C3%A9sidentielle_fran%C3%A7aise_de_2027,primary,2026-10-09T14:35Z,sha256:6ecc9f2cc77e8cc5bcc19a3d295dd34b854d864ba3734f8f1a7a38a2b84dc3ef
ifop-2026-08-25-10242,ifop,LCI / Le Figaro / Sud Radio,2026-08-24,2026-08-25,2026-08-26,1800,online,registered,1,S1,le_pen,33.0,https://www.commission-des-sondages.fr/notices/files/notices/2026/aout/10242-pres-barometre-election-pres-iv-v5-ifop-26-aout.pdf,https://www.commission-des-sondages.fr/notices/files/notices/2026/aout/10242-pres-barometre-election-pres-iv-v5-ifop-26-aout.pdf,https://fr.wikipedia.org/wiki/Liste_de_sondages_sur_l%27%C3%A9lection_pr%C3%A9sidentielle_fran%C3%A7aise_de_2027,primary,2026-10-09T14:35Z,sha256:6ecc9f2cc77e8cc5bcc19a3d295dd34b854d864ba3734f8f1a7a38a2b84dc3ef
ifop-2026-08-25-10242,ifop,LCI / Le Figaro / Sud Radio,2026-08-24,2026-08-25,2026-08-26,1800,online,registered,1,S1,melenchon,16.0,https://www.commission-des-sondages.fr/notices/files/notices/2026/aout/10242-pres-barometre-election-pres-iv-v5-ifop-26-aout.pdf,https://www.commission-des-sondages.fr/notices/files/notices/2026/aout/10242-pres-barometre-election-pres-iv-v5-ifop-26-aout.pdf,https://fr.wikipedia.org/wiki/Liste_de_sondages_sur_l%27%C3%A9lection_pr%C3%A9sidentielle_fran%C3%A7aise_de_2027,primary,2026-10-09T14:35Z,sha256:6ecc9f2cc77e8cc5bcc19a3d295dd34b854d864ba3734f8f1a7a38a2b84dc3ef
ifop-2026-08-25-10242,ifop,LCI / Le Figaro / Sud Radio,2026-08-24,2026-08-25,2026-08-26,1800,online,registered,1,S1,philippe,14.5,https://www.commission-des-sondages.fr/notices/files/notices/2026/aout/10242-pres-barometre-election-pres-iv-v5-ifop-26-aout.pdf,https://www.commission-des-sondages.fr/notices/files/notices/2026/aout/10242-pres-barometre-election-pres-iv-v5-ifop-26-aout.pdf,https://fr.wikipedia.org/wiki/Liste_de_sondages_sur_l%27%C3%A9lection_pr%C3%A9sidentielle_fran%C3%A7aise_de_2027,primary,2026-10-09T14:35Z,sha256:6ecc9f2cc77e8cc5bcc19a3d295dd34b854d864ba3734f8f1a7a38a2b84dc3ef
ifop-2026-08-25-10242,ifop,LCI / Le Figaro / Sud Radio,2026-08-24,2026-08-25,2026-08-26,1800,online,registered,1,S1,retailleau,6.0,https://www.commission-des-sondages.fr/notices/files/notices/2026/aout/10242-pres-barometre-election-pres-iv-v5-ifop-26-aout.pdf,https://www.commission-des-sondages.fr/notices/files/notices/2026/aout/10242-pres-barometre-election-pres-iv-v5-ifop-26-aout.pdf,https://fr.wikipedia.org/wiki/Liste_de_sondages_sur_l%27%C3%A9lection_pr%C3%A9sidentielle_fran%C3%A7aise_de_2027,primary,2026-10-09T14:35Z,sha256:6ecc9f2cc77e8cc5bcc19a3d295dd34b854d864ba3734f8f1a7a38a2b84dc3ef
ifop-2026-08-25-10242,ifop,LCI / Le Figaro / Sud Radio,2026-08-24,2026-08-25,2026-08-26,1800,online,registered,1,S1,roussel,3.0,https://www.commission-des-sondages.fr/notices/files/notices/2026/aout/10242-pres-barometre-election-pres-iv-v5-ifop-26-aout.pdf,https://www.commission-des-sondages.fr/notices/files/notices/2026/aout/10242-pres-barometre-election-pres-iv-v5-ifop-26-aout.pdf,https://fr.wikipedia.org/wiki/Liste_de_sondages_sur_l%27%C3%A9lection_pr%C3%A9sidentielle_fran%C3%A7aise_de_2027,primary,2026-10-09T14:35Z,sha256:6ecc9f2cc77e8cc5bcc19a3d295dd34b854d864ba3734f8f1a7a38a2b84dc3ef
ifop-2026-08-25-10242,ifop,LCI / Le Figaro / Sud Radio,2026-08-24,2026-08-25,2026-08-26,1800,online,registered,1,S1,tondelier,3.0,https://www.commission-des-sondages.fr/notices/files/notices/2026/aout/10242-pres-barometre-election-pres-iv-v5-ifop-26-aout.pdf,https://www.commission-des-sondages.fr/notices/files/notices/2026/aout/10242-pres-barometre-election-pres-iv-v5-ifop-26-aout.pdf,https://fr.wikipedia.org/wiki/Liste_de_sondages_sur_l%27%C3%A9lection_pr%C3%A9sidentielle_fran%C3%A7aise_de_2027,primary,2026-10-09T14:35Z,sha256:6ecc9f2cc77e8cc5bcc19a3d295dd34b854d864ba3734f8f1a7a38a2b84dc3ef
ifop-2026-08-25-10242,ifop,LCI / Le Figaro / Sud Radio,2026-08-24,2026-08-25,2026-08-26,1800,online,registered,1,S1,zemmour,3.5,https://www.commission-des-sondages.fr/notices/files/notices/2026/aout/10242-pres-barometre-election-pres-iv-v5-ifop-26-aout.pdf,https://www.commission-des-sondages.fr/notices/files/notices/2026/aout/10242-pres-barometre-election-pres-iv-v5-ifop-26-aout.pdf,https://fr.wikipedia.org/wiki/Liste_de_sondages_sur_l%27%C3%A9lection_pr%C3%A9sidentielle_fran%C3%A7aise_de_2027,primary,2026-10-09T14:35Z,sha256:6ecc9f2cc77e8cc5bcc19a3d295dd34b854d864ba3734f8f1a7a38a2b84dc3ef
ifop-2026-08-25-10242,ifop,LCI / Le Figaro / Sud Radio,2026-08-24,2026-08-25,2026-08-26,1800,online,registered,1,S2,arthaud,1.0,https://www.commission-des-sondages.fr/notices/files/notices/2026/aout/10242-pres-barometre-election-pres-iv-v5-ifop-26-aout.pdf,https://www.commission-des-sondages.fr/notices/files/notices/2026/aout/10242-pres-barometre-election-pres-iv-v5-ifop-26-aout.pdf,https://fr.wikipedia.org/wiki/Liste_de_sondages_sur_l%27%C3%A9lection_pr%C3%A9sidentielle_fran%C3%A7aise_de_2027,primary,2026-10-09T14:35Z,sha256:6ecc9f2cc77e8cc5bcc19a3d295dd34b854d864ba3734f8f1a7a38a2b84dc3ef
ifop-2026-08-25-10242,ifop,LCI / Le Figaro / Sud Radio,2026-08-24,2026-08-25,2026-08-26,1800,online,registered,1,S2,dupont_aignan,1.5,https://www.commission-des-sondages.fr/notices/files/notices/2026/aout/10242-pres-barometre-election-pres-iv-v5-ifop-26-aout.pdf,https://www.commission-des-sondages.fr/notices/files/notices/2026/aout/10242-pres-barometre-election-pres-iv-v5-ifop-26-aout.pdf,https://fr.wikipedia.org/wiki/Liste_de_sondages_sur_l%27%C3%A9lection_pr%C3%A9sidentielle_fran%C3%A7aise_de_2027,primary,2026-10-09T14:35Z,sha256:6ecc9f2cc77e8cc5bcc19a3d295dd34b854d864ba3734f8f1a7a38a2b84dc3ef
ifop-2026-08-25-10242,ifop,LCI / Le Figaro / Sud Radio,2026-08-24,2026-08-25,2026-08-26,1800,online,registered,1,S2,glucksmann,12.0,https://www.commission-des-sondages.fr/notices/files/notices/2026/aout/10242-pres-barometre-election-pres-iv-v5-ifop-26-aout.pdf,https://www.commission-des-sondages.fr/notices/files/notices/2026/aout/10242-pres-barometre-election-pres-iv-v5-ifop-26-aout.pdf,https://fr.wikipedia.org/wiki/Liste_de_sondages_sur_l%27%C3%A9lection_pr%C3%A9sidentielle_fran%C3%A7aise_de_2027,primary,2026-10-09T14:35Z,sha256:6ecc9f2cc77e8cc5bcc19a3d295dd34b854d864ba3734f8f1a7a38a2b84dc3ef
ifop-2026-08-25-10242,ifop,LCI / Le Figaro / Sud Radio,2026-08-24,2026-08-25,2026-08-26,1800,online,registered,1,S2,le_pen,33.0,https://www.commission-des-sondages.fr/notices/files/notices/2026/aout/10242-pres-barometre-election-pres-iv-v5-ifop-26-aout.pdf,https://www.commission-des-sondages.fr/notices/files/notices/2026/aout/10242-pres-barometre-election-pres-iv-v5-ifop-26-aout.pdf,https://fr.wikipedia.org/wiki/Liste_de_sondages_sur_l%27%C3%A9lection_pr%C3%A9sidentielle_fran%C3%A7aise_de_2027,primary,2026-10-09T14:35Z,sha256:6ecc9f2cc77e8cc5bcc19a3d295dd34b854d864ba3734f8f1a7a38a2b84dc3ef
ifop-2026-08-25-10242,ifop,LCI / Le Figaro / Sud Radio,2026-08-24,2026-08-25,2026-08-26,1800,online,registered,1,S2,melenchon,17.0,https://www.commission-des-sondages.fr/notices/files/notices/2026/aout/10242-pres-barometre-election-pres-iv-v5-ifop-26-aout.pdf,https://www.commission-des-sondages.fr/notices/files/notices/2026/aout/10242-pres-barometre-election-pres-iv-v5-ifop-26-aout.pdf,https://fr.wikipedia.org/wiki/Liste_de_sondages_sur_l%27%C3%A9lection_pr%C3%A9sidentielle_fran%C3%A7aise_de_2027,primary,2026-10-09T14:35Z,sha256:6ecc9f2cc77e8cc5bcc19a3d295dd34b854d864ba3734f8f1a7a38a2b84dc3ef
ifop-2026-08-25-10242,ifop,LCI / Le Figaro / Sud Radio,2026-08-24,2026-08-25,2026-08-26,1800,online,registered,1,S2,philippe,18.0,https://www.commission-des-sondages.fr/notices/files/notices/2026/aout/10242-pres-barometre-election-pres-iv-v5-ifop-26-aout.pdf,https://www.commission-des-sondages.fr/notices/files/notices/2026/aout/10242-pres-barometre-election-pres-iv-v5-ifop-26-aout.pdf,https://fr.wikipedia.org/wiki/Liste_de_sondages_sur_l%27%C3%A9lection_pr%C3%A9sidentielle_fran%C3%A7aise_de_2027,primary,2026-10-09T14:35Z,sha256:6ecc9f2cc77e8cc5bcc19a3d295dd34b854d864ba3734f8f1a7a38a2b84dc3ef
ifop-2026-08-25-10242,ifop,LCI / Le Figaro / Sud Radio,2026-08-24,2026-08-25,2026-08-26,1800,online,registered,1,S2,retailleau,8.0,https://www.commission-des-sondages.fr/notices/files/notices/2026/aout/10242-pres-barometre-election-pres-iv-v5-ifop-26-aout.pdf,https://www.commission-des-sondages.fr/notices/files/notices/2026/aout/10242-pres-barometre-election-pres-iv-v5-ifop-26-aout.pdf,https://fr.wikipedia.org/wiki/Liste_de_sondages_sur_l%27%C3%A9lection_pr%C3%A9sidentielle_fran%C3%A7aise_de_2027,primary,2026-10-09T14:35Z,sha256:6ecc9f2cc77e8cc5bcc19a3d295dd34b854d864ba3734f8f1a7a38a2b84dc3ef
ifop-2026-08-25-10242,ifop,LCI / Le Figaro / Sud Radio,2026-08-24,2026-08-25,2026-08-26,1800,online,registered,1,S2,roussel,3.0,https://www.commission-des-sondages.fr/notices/files/notices/2026/aout/10242-pres-barometre-election-pres-iv-v5-ifop-26-aout.pdf,https://www.commission-des-sondages.fr/notices/files/notices/2026/aout/10242-pres-barometre-election-pres-iv-v5-ifop-26-aout.pdf,https://fr.wikipedia.org/wiki/Liste_de_sondages_sur_l%27%C3%A9lection_pr%C3%A9sidentielle_fran%C3%A7aise_de_2027,primary,2026-10-09T14:35Z,sha256:6ecc9f2cc77e8cc5bcc19a3d295dd34b854d864ba3734f8f1a7a38a2b84dc3ef
ifop-2026-08-25-10242,ifop,LCI / Le Figaro / Sud Radio,2026-08-24,2026-08-25,2026-08-26,1800,online,registered,1,S2,tondelier,3.0,https://www.commission-des-sondages.fr/notices/files/notices/2026/aout/10242-pres-barometre-election-pres-iv-v5-ifop-26-aout.pdf,https://www.commission-des-sondages.fr/notices/files/notices/2026/aout/10242-pres-barometre-election-pres-iv-v5-ifop-26-aout.pdf,https://fr.wikipedia.org/wiki/Liste_de_sondages_sur_l%27%C3%A9lection_pr%C3%A9sidentielle_fran%C3%A7aise_de_2027,primary,2026-10-09T14:35Z,sha256:6ecc9f2cc77e8cc5bcc19a3d295dd34b854d864ba3734f8f1a7a38a2b84dc3ef
ifop-2026-08-25-10242,ifop,LCI / Le Figaro / Sud Radio,2026-08-24,2026-08-25,2026-08-26,1800,online,registered,1,S2,zemmour,3.5,https://www.commission-des-sondages.fr/notices/files/notices/2026/aout/10242-pres-barometre-election-pres-iv-v5-ifop-26-aout.pdf,https://www.commission-des-sondages.fr/notices/files/notices/2026/aout/10242-pres-barometre-election-pres-iv-v5-ifop-26-aout.pdf,https://fr.wikipedia.org/wiki/Liste_de_sondages_sur_l%27%C3%A9lection_pr%C3%A9sidentielle_fran%C3%A7aise_de_2027,primary,2026-10-09T14:35Z,sha256:6ecc9f2cc77e8cc5bcc19a3d295dd34b854d864ba3734f8f1a7a38a2b84dc3ef
ifop-2026-08-25-10242,ifop,LCI / Le Figaro / Sud Radio,2026-08-24,2026-08-25,2026-08-26,1800,online,registered,1,S3,arthaud,0.5,https://www.commission-des-sondages.fr/notices/files/notices/2026/aout/10242-pres-barometre-election-pres-iv-v5-ifop-26-aout.pdf,https://www.commission-des-sondages.fr/notices/files/notices/2026/aout/10242-pres-barometre-election-pres-iv-v5-ifop-26-aout.pdf,https://fr.wikipedia.org/wiki/Liste_de_sondages_sur_l%27%C3%A9lection_pr%C3%A9sidentielle_fran%C3%A7aise_de_2027,primary,2026-10-09T14:35Z,sha256:6ecc9f2cc77e8cc5bcc19a3d295dd34b854d864ba3734f8f1a7a38a2b84dc3ef
ifop-2026-08-25-10242,ifop,LCI / Le Figaro / Sud Radio,2026-08-24,2026-08-25,2026-08-26,1800,online,registered,1,S3,attal,14.0,https://www.commission-des-sondages.fr/notices/files/notices/2026/aout/10242-pres-barometre-election-pres-iv-v5-ifop-26-aout.pdf,https://www.commission-des-sondages.fr/notices/files/notices/2026/aout/10242-pres-barometre-election-pres-iv-v5-ifop-26-aout.pdf,https://fr.wikipedia.org/wiki/Liste_de_sondages_sur_l%27%C3%A9lection_pr%C3%A9sidentielle_fran%C3%A7aise_de_2027,primary,2026-10-09T14:35Z,sha256:6ecc9f2cc77e8cc5bcc19a3d295dd34b854d864ba3734f8f1a7a38a2b84dc3ef
ifop-2026-08-25-10242,ifop,LCI / Le Figaro / Sud Radio,2026-08-24,2026-08-25,2026-08-26,1800,online,registered,1,S3,dupont_aignan,1.5,https://www.commission-des-sondages.fr/notices/files/notices/2026/aout/10242-pres-barometre-election-pres-iv-v5-ifop-26-aout.pdf,https://www.commission-des-sondages.fr/notices/files/notices/2026/aout/10242-pres-barometre-election-pres-iv-v5-ifop-26-aout.pdf,https://fr.wikipedia.org/wiki/Liste_de_sondages_sur_l%27%C3%A9lection_pr%C3%A9sidentielle_fran%C3%A7aise_de_2027,primary,2026-10-09T14:35Z,sha256:6ecc9f2cc77e8cc5bcc19a3d295dd34b854d864ba3734f8f1a7a38a2b84dc3ef
ifop-2026-08-25-10242,ifop,LCI / Le Figaro / Sud Radio,2026-08-24,2026-08-25,2026-08-26,1800,online,registered,1,S3,glucksmann,15.0,https://www.commission-des-sondages.fr/notices/files/notices/2026/aout/10242-pres-barometre-election-pres-iv-v5-ifop-26-aout.pdf,https://www.commission-des-sondages.fr/notices/files/notices/2026/aout/10242-pres-barometre-election-pres-iv-v5-ifop-26-aout.pdf,https://fr.wikipedia.org/wiki/Liste_de_sondages_sur_l%27%C3%A9lection_pr%C3%A9sidentielle_fran%C3%A7aise_de_2027,primary,2026-10-09T14:35Z,sha256:6ecc9f2cc77e8cc5bcc19a3d295dd34b854d864ba3734f8f1a7a38a2b84dc3ef
ifop-2026-08-25-10242,ifop,LCI / Le Figaro / Sud Radio,2026-08-24,2026-08-25,2026-08-26,1800,online,registered,1,S3,le_pen,34.0,https://www.commission-des-sondages.fr/notices/files/notices/2026/aout/10242-pres-barometre-election-pres-iv-v5-ifop-26-aout.pdf,https://www.commission-des-sondages.fr/notices/files/notices/2026/aout/10242-pres-barometre-election-pres-iv-v5-ifop-26-aout.pdf,https://fr.wikipedia.org/wiki/Liste_de_sondages_sur_l%27%C3%A9lection_pr%C3%A9sidentielle_fran%C3%A7aise_de_2027,primary,2026-10-09T14:35Z,sha256:6ecc9f2cc77e8cc5bcc19a3d295dd34b854d864ba3734f8f1a7a38a2b84dc3ef
ifop-2026-08-25-10242,ifop,LCI / Le Figaro / Sud Radio,2026-08-24,2026-08-25,2026-08-26,1800,online,registered,1,S3,melenchon,17.0,https://www.commission-des-sondages.fr/notices/files/notices/2026/aout/10242-pres-barometre-election-pres-iv-v5-ifop-26-aout.pdf,https://www.commission-des-sondages.fr/notices/files/notices/2026/aout/10242-pres-barometre-election-pres-iv-v5-ifop-26-aout.pdf,https://fr.wikipedia.org/wiki/Liste_de_sondages_sur_l%27%C3%A9lection_pr%C3%A9sidentielle_fran%C3%A7aise_de_2027,primary,2026-10-09T14:35Z,sha256:6ecc9f2cc77e8cc5bcc19a3d295dd34b854d864ba3734f8f1a7a38a2b84dc3ef
ifop-2026-08-25-10242,ifop,LCI / Le Figaro / Sud Radio,2026-08-24,2026-08-25,2026-08-26,1800,online,registered,1,S3,retailleau,9.0,https://www.commission-des-sondages.fr/notices/files/notices/2026/aout/10242-pres-barometre-election-pres-iv-v5-ifop-26-aout.pdf,https://www.commission-des-sondages.fr/notices/files/notices/2026/aout/10242-pres-barometre-election-pres-iv-v5-ifop-26-aout.pdf,https://fr.wikipedia.org/wiki/Liste_de_sondages_sur_l%27%C3%A9lection_pr%C3%A9sidentielle_fran%C3%A7aise_de_2027,primary,2026-10-09T14:35Z,sha256:6ecc9f2cc77e8cc5bcc19a3d295dd34b854d864ba3734f8f1a7a38a2b84dc3ef
ifop-2026-08-25-10242,ifop,LCI / Le Figaro / Sud Radio,2026-08-24,2026-08-25,2026-08-26,1800,online,registered,1,S3,roussel,3.0,https://www.commission-des-sondages.fr/notices/files/notices/2026/aout/10242-pres-barometre-election-pres-iv-v5-ifop-26-aout.pdf,https://www.commission-des-sondages.fr/notices/files/notices/2026/aout/10242-pres-barometre-election-pres-iv-v5-ifop-26-aout.pdf,https://fr.wikipedia.org/wiki/Liste_de_sondages_sur_l%27%C3%A9lection_pr%C3%A9sidentielle_fran%C3%A7aise_de_2027,primary,2026-10-09T14:35Z,sha256:6ecc9f2cc77e8cc5bcc19a3d295dd34b854d864ba3734f8f1a7a38a2b84dc3ef
ifop-2026-08-25-10242,ifop,LCI / Le Figaro / Sud Radio,2026-08-24,2026-08-25,2026-08-26,1800,online,registered,1,S3,tondelier,3.0,https://www.commission-des-sondages.fr/notices/files/notices/2026/aout/10242-pres-barometre-election-pres-iv-v5-ifop-26-aout.pdf,https://www.commission-des-sondages.fr/notices/files/notices/2026/aout/10242-pres-barometre-election-pres-iv-v5-ifop-26-aout.pdf,https://fr.wikipedia.org/wiki/Liste_de_sondages_sur_l%27%C3%A9lection_pr%C3%A9sidentielle_fran%C3%A7aise_de_2027,primary,2026-10-09T14:35Z,sha256:6ecc9f2cc77e8cc5bcc19a3d295dd34b854d864ba3734f8f1a7a38a2b84dc3ef
ifop-2026-08-25-10242,ifop,LCI / Le Figaro / Sud Radio,2026-08-24,2026-08-25,2026-08-26,1800,online,registered,1,S3,zemmour,3.0,https://www.commission-des-sondages.fr/notices/files/notices/2026/aout/10242-pres-barometre-election-pres-iv-v5-ifop-26-aout.pdf,https://www.commission-des-sondages.fr/notices/files/notices/2026/aout/10242-pres-barometre-election-pres-iv-v5-ifop-26-aout.pdf,https://fr.wikipedia.org/wiki/Liste_de_sondages_sur_l%27%C3%A9lection_pr%C3%A9sidentielle_fran%C3%A7aise_de_2027,primary,2026-10-09T14:35Z,sha256:6ecc9f2cc77e8cc5bcc19a3d295dd34b854d864ba3734f8f1a7a38a2b84dc3ef
ifop-2026-08-25-10242,ifop,LCI / Le Figaro / Sud Radio,2026-08-24,2026-08-25,2026-08-26,1800,online,registered,1,S4,arthaud,1.0,https://www.commission-des-sondages.fr/notices/files/notices/2026/aout/10242-pres-barometre-election-pres-iv-v5-ifop-26-aout.pdf,https://www.commission-des-sondages.fr/notices/files/notices/2026/aout/10242-pres-barometre-election-pres-iv-v5-ifop-26-aout.pdf,https://fr.wikipedia.org/wiki/Liste_de_sondages_sur_l%27%C3%A9lection_pr%C3%A9sidentielle_fran%C3%A7aise_de_2027,primary,2026-10-09T14:35Z,sha256:6ecc9f2cc77e8cc5bcc19a3d295dd34b854d864ba3734f8f1a7a38a2b84dc3ef
ifop-2026-08-25-10242,ifop,LCI / Le Figaro / Sud Radio,2026-08-24,2026-08-25,2026-08-26,1800,online,registered,1,S4,dupont_aignan,2.5,https://www.commission-des-sondages.fr/notices/files/notices/2026/aout/10242-pres-barometre-election-pres-iv-v5-ifop-26-aout.pdf,https://www.commission-des-sondages.fr/notices/files/notices/2026/aout/10242-pres-barometre-election-pres-iv-v5-ifop-26-aout.pdf,https://fr.wikipedia.org/wiki/Liste_de_sondages_sur_l%27%C3%A9lection_pr%C3%A9sidentielle_fran%C3%A7aise_de_2027,primary,2026-10-09T14:35Z,sha256:6ecc9f2cc77e8cc5bcc19a3d295dd34b854d864ba3734f8f1a7a38a2b84dc3ef
ifop-2026-08-25-10242,ifop,LCI / Le Figaro / Sud Radio,2026-08-24,2026-08-25,2026-08-26,1800,online,registered,1,S4,glucksmann,15.0,https://www.commission-des-sondages.fr/notices/files/notices/2026/aout/10242-pres-barometre-election-pres-iv-v5-ifop-26-aout.pdf,https://www.commission-des-sondages.fr/notices/files/notices/2026/aout/10242-pres-barometre-election-pres-iv-v5-ifop-26-aout.pdf,https://fr.wikipedia.org/wiki/Liste_de_sondages_sur_l%27%C3%A9lection_pr%C3%A9sidentielle_fran%C3%A7aise_de_2027,primary,2026-10-09T14:35Z,sha256:6ecc9f2cc77e8cc5bcc19a3d295dd34b854d864ba3734f8f1a7a38a2b84dc3ef
ifop-2026-08-25-10242,ifop,LCI / Le Figaro / Sud Radio,2026-08-24,2026-08-25,2026-08-26,1800,online,registered,1,S4,le_pen,33.0,https://www.commission-des-sondages.fr/notices/files/notices/2026/aout/10242-pres-barometre-election-pres-iv-v5-ifop-26-aout.pdf,https://www.commission-des-sondages.fr/notices/files/notices/2026/aout/10242-pres-barometre-election-pres-iv-v5-ifop-26-aout.pdf,https://fr.wikipedia.org/wiki/Liste_de_sondages_sur_l%27%C3%A9lection_pr%C3%A9sidentielle_fran%C3%A7aise_de_2027,primary,2026-10-09T14:35Z,sha256:6ecc9f2cc77e8cc5bcc19a3d295dd34b854d864ba3734f8f1a7a38a2b84dc3ef
ifop-2026-08-25-10242,ifop,LCI / Le Figaro / Sud Radio,2026-08-24,2026-08-25,2026-08-26,1800,online,registered,1,S4,melenchon,18.0,https://www.commission-des-sondages.fr/notices/files/notices/2026/aout/10242-pres-barometre-election-pres-iv-v5-ifop-26-aout.pdf,https://www.commission-des-sondages.fr/notices/files/notices/2026/aout/10242-pres-barometre-election-pres-iv-v5-ifop-26-aout.pdf,https://fr.wikipedia.org/wiki/Liste_de_sondages_sur_l%27%C3%A9lection_pr%C3%A9sidentielle_fran%C3%A7aise_de_2027,primary,2026-10-09T14:35Z,sha256:6ecc9f2cc77e8cc5bcc19a3d295dd34b854d864ba3734f8f1a7a38a2b84dc3ef
ifop-2026-08-25-10242,ifop,LCI / Le Figaro / Sud Radio,2026-08-24,2026-08-25,2026-08-26,1800,online,registered,1,S4,philippe,19.0,https://www.commission-des-sondages.fr/notices/files/notices/2026/aout/10242-pres-barometre-election-pres-iv-v5-ifop-26-aout.pdf,https://www.commission-des-sondages.fr/notices/files/notices/2026/aout/10242-pres-barometre-election-pres-iv-v5-ifop-26-aout.pdf,https://fr.wikipedia.org/wiki/Liste_de_sondages_sur_l%27%C3%A9lection_pr%C3%A9sidentielle_fran%C3%A7aise_de_2027,primary,2026-10-09T14:35Z,sha256:6ecc9f2cc77e8cc5bcc19a3d295dd34b854d864ba3734f8f1a7a38a2b84dc3ef
ifop-2026-08-25-10242,ifop,LCI / Le Figaro / Sud Radio,2026-08-24,2026-08-25,2026-08-26,1800,online,registered,1,S4,retailleau,8.0,https://www.commission-des-sondages.fr/notices/files/notices/2026/aout/10242-pres-barometre-election-pres-iv-v5-ifop-26-aout.pdf,https://www.commission-des-sondages.fr/notices/files/notices/2026/aout/10242-pres-barometre-election-pres-iv-v5-ifop-26-aout.pdf,https://fr.wikipedia.org/wiki/Liste_de_sondages_sur_l%27%C3%A9lection_pr%C3%A9sidentielle_fran%C3%A7aise_de_2027,primary,2026-10-09T14:35Z,sha256:6ecc9f2cc77e8cc5bcc19a3d295dd34b854d864ba3734f8f1a7a38a2b84dc3ef
ifop-2026-08-25-10242,ifop,LCI / Le Figaro / Sud Radio,2026-08-24,2026-08-25,2026-08-26,1800,online,registered,1,S4,zemmour,3.5,https://www.commission-des-sondages.fr/notices/files/notices/2026/aout/10242-pres-barometre-election-pres-iv-v5-ifop-26-aout.pdf,https://www.commission-des-sondages.fr/notices/files/notices/2026/aout/10242-pres-barometre-election-pres-iv-v5-ifop-26-aout.pdf,https://fr.wikipedia.org/wiki/Liste_de_sondages_sur_l%27%C3%A9lection_pr%C3%A9sidentielle_fran%C3%A7aise_de_2027,primary,2026-10-09T14:35Z,sha256:6ecc9f2cc77e8cc5bcc19a3d295dd34b854d864ba3734f8f1a7a38a2b84dc3ef
ifop-2026-08-25-10242,ifop,LCI / Le Figaro / Sud Radio,2026-08-24,2026-08-25,2026-08-26,1800,online,registered,1,S5,arthaud,1.5,https://www.commission-des-sondages.fr/notices/files/notices/2026/aout/10242-pres-barometre-election-pres-iv-v5-ifop-26-aout.pdf,https://www.commission-des-sondages.fr/notices/files/notices/2026/aout/10242-pres-barometre-election-pres-iv-v5-ifop-26-aout.pdf,https://fr.wikipedia.org/wiki/Liste_de_sondages_sur_l%27%C3%A9lection_pr%C3%A9sidentielle_fran%C3%A7aise_de_2027,primary,2026-10-09T14:35Z,sha256:6ecc9f2cc77e8cc5bcc19a3d295dd34b854d864ba3734f8f1a7a38a2b84dc3ef
ifop-2026-08-25-10242,ifop,LCI / Le Figaro / Sud Radio,2026-08-24,2026-08-25,2026-08-26,1800,online,registered,1,S5,attal,15.0,https://www.commission-des-sondages.fr/notices/files/notices/2026/aout/10242-pres-barometre-election-pres-iv-v5-ifop-26-aout.pdf,https://www.commission-des-sondages.fr/notices/files/notices/2026/aout/10242-pres-barometre-election-pres-iv-v5-ifop-26-aout.pdf,https://fr.wikipedia.org/wiki/Liste_de_sondages_sur_l%27%C3%A9lection_pr%C3%A9sidentielle_fran%C3%A7aise_de_2027,primary,2026-10-09T14:35Z,sha256:6ecc9f2cc77e8cc5bcc19a3d295dd34b854d864ba3734f8f1a7a38a2b84dc3ef
ifop-2026-08-25-10242,ifop,LCI / Le Figaro / Sud Radio,2026-08-24,2026-08-25,2026-08-26,1800,online,registered,1,S5,dupont_aignan,2.0,https://www.commission-des-sondages.fr/notices/files/notices/2026/aout/10242-pres-barometre-election-pres-iv-v5-ifop-26-aout.pdf,https://www.commission-des-sondages.fr/notices/files/notices/2026/aout/10242-pres-barometre-election-pres-iv-v5-ifop-26-aout.pdf,https://fr.wikipedia.org/wiki/Liste_de_sondages_sur_l%27%C3%A9lection_pr%C3%A9sidentielle_fran%C3%A7aise_de_2027,primary,2026-10-09T14:35Z,sha256:6ecc9f2cc77e8cc5bcc19a3d295dd34b854d864ba3734f8f1a7a38a2b84dc3ef
ifop-2026-08-25-10242,ifop,LCI / Le Figaro / Sud Radio,2026-08-24,2026-08-25,2026-08-26,1800,online,registered,1,S5,glucksmann,17.0,https://www.commission-des-sondages.fr/notices/files/notices/2026/aout/10242-pres-barometre-election-pres-iv-v5-ifop-26-aout.pdf,https://www.commission-des-sondages.fr/notices/files/notices/2026/aout/10242-pres-barometre-election-pres-iv-v5-ifop-26-aout.pdf,https://fr.wikipedia.org/wiki/Liste_de_sondages_sur_l%27%C3%A9lection_pr%C3%A9sidentielle_fran%C3%A7aise_de_2027,primary,2026-10-09T14:35Z,sha256:6ecc9f2cc77e8cc5bcc19a3d295dd34b854d864ba3734f8f1a7a38a2b84dc3ef
ifop-2026-08-25-10242,ifop,LCI / Le Figaro / Sud Radio,2026-08-24,2026-08-25,2026-08-26,1800,online,registered,1,S5,le_pen,34.0,https://www.commission-des-sondages.fr/notices/files/notices/2026/aout/10242-pres-barometre-election-pres-iv-v5-ifop-26-aout.pdf,https://www.commission-des-sondages.fr/notices/files/notices/2026/aout/10242-pres-barometre-election-pres-iv-v5-ifop-26-aout.pdf,https://fr.wikipedia.org/wiki/Liste_de_sondages_sur_l%27%C3%A9lection_pr%C3%A9sidentielle_fran%C3%A7aise_de_2027,primary,2026-10-09T14:35Z,sha256:6ecc9f2cc77e8cc5bcc19a3d295dd34b854d864ba3734f8f1a7a38a2b84dc3ef
ifop-2026-08-25-10242,ifop,LCI / Le Figaro / Sud Radio,2026-08-24,2026-08-25,2026-08-26,1800,online,registered,1,S5,melenchon,18.5,https://www.commission-des-sondages.fr/notices/files/notices/2026/aout/10242-pres-barometre-election-pres-iv-v5-ifop-26-aout.pdf,https://www.commission-des-sondages.fr/notices/files/notices/2026/aout/10242-pres-barometre-election-pres-iv-v5-ifop-26-aout.pdf,https://fr.wikipedia.org/wiki/Liste_de_sondages_sur_l%27%C3%A9lection_pr%C3%A9sidentielle_fran%C3%A7aise_de_2027,primary,2026-10-09T14:35Z,sha256:6ecc9f2cc77e8cc5bcc19a3d295dd34b854d864ba3734f8f1a7a38a2b84dc3ef
ifop-2026-08-25-10242,ifop,LCI / Le Figaro / Sud Radio,2026-08-24,2026-08-25,2026-08-26,1800,online,registered,1,S5,retailleau,9.0,https://www.commission-des-sondages.fr/notices/files/notices/2026/aout/10242-pres-barometre-election-pres-iv-v5-ifop-26-aout.pdf,https://www.commission-des-sondages.fr/notices/files/notices/2026/aout/10242-pres-barometre-election-pres-iv-v5-ifop-26-aout.pdf,https://fr.wikipedia.org/wiki/Liste_de_sondages_sur_l%27%C3%A9lection_pr%C3%A9sidentielle_fran%C3%A7aise_de_2027,primary,2026-10-09T14:35Z,sha256:6ecc9f2cc77e8cc5bcc19a3d295dd34b854d864ba3734f8f1a7a38a2b84dc3ef
ifop-2026-08-25-10242,ifop,LCI / Le Figaro / Sud Radio,2026-08-24,2026-08-25,2026-08-26,1800,online,registered,1,S5,zemmour,3.0,https://www.commission-des-sondages.fr/notices/files/notices/2026/aout/10242-pres-barometre-election-pres-iv-v5-ifop-26-aout.pdf,https://www.commission-des-sondages.fr/notices/files/notices/2026/aout/10242-pres-barometre-election-pres-iv-v5-ifop-26-aout.pdf,https://fr.wikipedia.org/wiki/Liste_de_sondages_sur_l%27%C3%A9lection_pr%C3%A9sidentielle_fran%C3%A7aise_de_2027,primary,2026-10-09T14:35Z,sha256:6ecc9f2cc77e8cc5bcc19a3d295dd34b854d864ba3734f8f1a7a38a2b84dc3ef
ifop-2026-08-25-10242,ifop,LCI / Le Figaro / Sud Radio,2026-08-24,2026-08-25,2026-08-26,1800,online,registered,1,S6,arthaud,1.5,https://www.commission-des-sondages.fr/notices/files/notices/2026/aout/10242-pres-barometre-election-pres-iv-v5-ifop-26-aout.pdf,https://www.commission-des-sondages.fr/notices/files/notices/2026/aout/10242-pres-barometre-election-pres-iv-v5-ifop-26-aout.pdf,https://fr.wikipedia.org/wiki/Liste_de_sondages_sur_l%27%C3%A9lection_pr%C3%A9sidentielle_fran%C3%A7aise_de_2027,primary,2026-10-09T14:35Z,sha256:6ecc9f2cc77e8cc5bcc19a3d295dd34b854d864ba3734f8f1a7a38a2b84dc3ef
ifop-2026-08-25-10242,ifop,LCI / Le Figaro / Sud Radio,2026-08-24,2026-08-25,2026-08-26,1800,online,registered,1,S6,dupont_aignan,2.0,https://www.commission-des-sondages.fr/notices/files/notices/2026/aout/10242-pres-barometre-election-pres-iv-v5-ifop-26-aout.pdf,https://www.commission-des-sondages.fr/notices/files/notices/2026/aout/10242-pres-barometre-election-pres-iv-v5-ifop-26-aout.pdf,https://fr.wikipedia.org/wiki/Liste_de_sondages_sur_l%27%C3%A9lection_pr%C3%A9sidentielle_fran%C3%A7aise_de_2027,primary,2026-10-09T14:35Z,sha256:6ecc9f2cc77e8cc5bcc19a3d295dd34b854d864ba3734f8f1a7a38a2b84dc3ef
ifop-2026-08-25-10242,ifop,LCI / Le Figaro / Sud Radio,2026-08-24,2026-08-25,2026-08-26,1800,online,registered,1,S6,hollande,12.0,https://www.commission-des-sondages.fr/notices/files/notices/2026/aout/10242-pres-barometre-election-pres-iv-v5-ifop-26-aout.pdf,https://www.commission-des-sondages.fr/notices/files/notices/2026/aout/10242-pres-barometre-election-pres-iv-v5-ifop-26-aout.pdf,https://fr.wikipedia.org/wiki/Liste_de_sondages_sur_l%27%C3%A9lection_pr%C3%A9sidentielle_fran%C3%A7aise_de_2027,primary,2026-10-09T14:35Z,sha256:6ecc9f2cc77e8cc5bcc19a3d295dd34b854d864ba3734f8f1a7a38a2b84dc3ef
ifop-2026-08-25-10242,ifop,LCI / Le Figaro / Sud Radio,2026-08-24,2026-08-25,2026-08-26,1800,online,registered,1,S6,le_pen,34.0,https://www.commission-des-sondages.fr/notices/files/notices/2026/aout/10242-pres-barometre-election-pres-iv-v5-ifop-26-aout.pdf,https://www.commission-des-sondages.fr/notices/files/notices/2026/aout/10242-pres-barometre-election-pres-iv-v5-ifop-26-aout.pdf,https://fr.wikipedia.org/wiki/Liste_de_sondages_sur_l%27%C3%A9lection_pr%C3%A9sidentielle_fran%C3%A7aise_de_2027,primary,2026-10-09T14:35Z,sha256:6ecc9f2cc77e8cc5bcc19a3d295dd34b854d864ba3734f8f1a7a38a2b84dc3ef
ifop-2026-08-25-10242,ifop,LCI / Le Figaro / Sud Radio,2026-08-24,2026-08-25,2026-08-26,1800,online,registered,1,S6,melenchon,19.0,https://www.commission-des-sondages.fr/notices/files/notices/2026/aout/10242-pres-barometre-election-pres-iv-v5-ifop-26-aout.pdf,https://www.commission-des-sondages.fr/notices/files/notices/2026/aout/10242-pres-barometre-election-pres-iv-v5-ifop-26-aout.pdf,https://fr.wikipedia.org/wiki/Liste_de_sondages_sur_l%27%C3%A9lection_pr%C3%A9sidentielle_fran%C3%A7aise_de_2027,primary,2026-10-09T14:35Z,sha256:6ecc9f2cc77e8cc5bcc19a3d295dd34b854d864ba3734f8f1a7a38a2b84dc3ef
ifop-2026-08-25-10242,ifop,LCI / Le Figaro / Sud Radio,2026-08-24,2026-08-25,2026-08-26,1800,online,registered,1,S6,philippe,21.0,https://www.commission-des-sondages.fr/notices/files/notices/2026/aout/10242-pres-barometre-election-pres-iv-v5-ifop-26-aout.pdf,https://www.commission-des-sondages.fr/notices/files/notices/2026/aout/10242-pres-barometre-election-pres-iv-v5-ifop-26-aout.pdf,https://fr.wikipedia.org/wiki/Liste_de_sondages_sur_l%27%C3%A9lection_pr%C3%A9sidentielle_fran%C3%A7aise_de_2027,primary,2026-10-09T14:35Z,sha256:6ecc9f2cc77e8cc5bcc19a3d295dd34b854d864ba3734f8f1a7a38a2b84dc3ef
ifop-2026-08-25-10242,ifop,LCI / Le Figaro / Sud Radio,2026-08-24,2026-08-25,2026-08-26,1800,online,registered,1,S6,retailleau,8.0,https://www.commission-des-sondages.fr/notices/files/notices/2026/aout/10242-pres-barometre-election-pres-iv-v5-ifop-26-aout.pdf,https://www.commission-des-sondages.fr/notices/files/notices/2026/aout/10242-pres-barometre-election-pres-iv-v5-ifop-26-aout.pdf,https://fr.wikipedia.org/wiki/Liste_de_sondages_sur_l%27%C3%A9lection_pr%C3%A9sidentielle_fran%C3%A7aise_de_2027,primary,2026-10-09T14:35Z,sha256:6ecc9f2cc77e8cc5bcc19a3d295dd34b854d864ba3734f8f1a7a38a2b84dc3ef
ifop-2026-08-25-10242,ifop,LCI / Le Figaro / Sud Radio,2026-08-24,2026-08-25,2026-08-26,1800,online,registered,1,S6,zemmour,2.5,https://www.commission-des-sondages.fr/notices/files/notices/2026/aout/10242-pres-barometre-election-pres-iv-v5-ifop-26-aout.pdf,https://www.commission-des-sondages.fr/notices/files/notices/2026/aout/10242-pres-barometre-election-pres-iv-v5-ifop-26-aout.pdf,https://fr.wikipedia.org/wiki/Liste_de_sondages_sur_l%27%C3%A9lection_pr%C3%A9sidentielle_fran%C3%A7aise_de_2027,primary,2026-10-09T14:35Z,sha256:6ecc9f2cc77e8cc5bcc19a3d295dd34b854d864ba3734f8f1a7a38a2b84dc3ef
ifop-2026-08-25-10242,ifop,LCI / Le Figaro / Sud Radio,2026-08-24,2026-08-25,2026-08-26,1800,online,registered,1,S7,arthaud,1.0,https://www.commission-des-sondages.fr/notices/files/notices/2026/aout/10242-pres-barometre-election-pres-iv-v5-ifop-26-aout.pdf,https://www.commission-des-sondages.fr/notices/files/notices/2026/aout/10242-pres-barometre-election-pres-iv-v5-ifop-26-aout.pdf,https://fr.wikipedia.org/wiki/Liste_de_sondages_sur_l%27%C3%A9lection_pr%C3%A9sidentielle_fran%C3%A7aise_de_2027,primary,2026-10-09T14:35Z,sha256:6ecc9f2cc77e8cc5bcc19a3d295dd34b854d864ba3734f8f1a7a38a2b84dc3ef
ifop-2026-08-25-10242,ifop,LCI / Le Figaro / Sud Radio,2026-08-24,2026-08-25,2026-08-26,1800,online,registered,1,S7,dupont_aignan,2.0,https://www.commission-des-sondages.fr/notices/files/notices/2026/aout/10242-pres-barometre-election-pres-iv-v5-ifop-26-aout.pdf,https://www.commission-des-sondages.fr/notices/files/notices/2026/aout/10242-pres-barometre-election-pres-iv-v5-ifop-26-aout.pdf,https://fr.wikipedia.org/wiki/Liste_de_sondages_sur_l%27%C3%A9lection_pr%C3%A9sidentielle_fran%C3%A7aise_de_2027,primary,2026-10-09T14:35Z,sha256:6ecc9f2cc77e8cc5bcc19a3d295dd34b854d864ba3734f8f1a7a38a2b84dc3ef
ifop-2026-08-25-10242,ifop,LCI / Le Figaro / Sud Radio,2026-08-24,2026-08-25,2026-08-26,1800,online,registered,1,S7,glucksmann,18.0,https://www.commission-des-sondages.fr/notices/files/notices/2026/aout/10242-pres-barometre-election-pres-iv-v5-ifop-26-aout.pdf,https://www.commission-des-sondages.fr/notices/files/notices/2026/aout/10242-pres-barometre-election-pres-iv-v5-ifop-26-aout.pdf,https://fr.wikipedia.org/wiki/Liste_de_sondages_sur_l%27%C3%A9lection_pr%C3%A9sidentielle_fran%C3%A7aise_de_2027,primary,2026-10-09T14:35Z,sha256:6ecc9f2cc77e8cc5bcc19a3d295dd34b854d864ba3734f8f1a7a38a2b84dc3ef
ifop-2026-08-25-10242,ifop,LCI / Le Figaro / Sud Radio,2026-08-24,2026-08-25,2026-08-26,1800,online,registered,1,S7,le_maire,6.0,https://www.commission-des-sondages.fr/notices/files/notices/2026/aout/10242-pres-barometre-election-pres-iv-v5-ifop-26-aout.pdf,https://www.commission-des-sondages.fr/notices/files/notices/2026/aout/10242-pres-barometre-election-pres-iv-v5-ifop-26-aout.pdf,https://fr.wikipedia.org/wiki/Liste_de_sondages_sur_l%27%C3%A9lection_pr%C3%A9sidentielle_fran%C3%A7aise_de_2027,primary,2026-10-09T14:35Z,sha256:6ecc9f2cc77e8cc5bcc19a3d295dd34b854d864ba3734f8f1a7a38a2b84dc3ef
ifop-2026-08-25-10242,ifop,LCI / Le Figaro / Sud Radio,2026-08-24,2026-08-25,2026-08-26,1800,online,registered,1,S7,le_pen,35.0,https://www.commission-des-sondages.fr/notices/files/notices/2026/aout/10242-pres-barometre-election-pres-iv-v5-ifop-26-aout.pdf,https://www.commission-des-sondages.fr/notices/files/notices/2026/aout/10242-pres-barometre-election-pres-iv-v5-ifop-26-aout.pdf,https://fr.wikipedia.org/wiki/Liste_de_sondages_sur_l%27%C3%A9lection_pr%C3%A9sidentielle_fran%C3%A7aise_de_2027,primary,2026-10-09T14:35Z,sha256:6ecc9f2cc77e8cc5bcc19a3d295dd34b854d864ba3734f8f1a7a38a2b84dc3ef
ifop-2026-08-25-10242,ifop,LCI / Le Figaro / Sud Radio,2026-08-24,2026-08-25,2026-08-26,1800,online,registered,1,S7,melenchon,17.0,https://www.commission-des-sondages.fr/notices/files/notices/2026/aout/10242-pres-barometre-election-pres-iv-v5-ifop-26-aout.pdf,https://www.commission-des-sondages.fr/notices/files/notices/2026/aout/10242-pres-barometre-election-pres-iv-v5-ifop-26-aout.pdf,https://fr.wikipedia.org/wiki/Liste_de_sondages_sur_l%27%C3%A9lection_pr%C3%A9sidentielle_fran%C3%A7aise_de_2027,primary,2026-10-09T14:35Z,sha256:6ecc9f2cc77e8cc5bcc19a3d295dd34b854d864ba3734f8f1a7a38a2b84dc3ef
ifop-2026-08-25-10242,ifop,LCI / Le Figaro / Sud Radio,2026-08-24,2026-08-25,2026-08-26,1800,online,registered,1,S7,retailleau,12.0,https://www.commission-des-sondages.fr/notices/files/notices/2026/aout/10242-pres-barometre-election-pres-iv-v5-ifop-26-aout.pdf,https://www.commission-des-sondages.fr/notices/files/notices/2026/aout/10242-pres-barometre-election-pres-iv-v5-ifop-26-aout.pdf,https://fr.wikipedia.org/wiki/Liste_de_sondages_sur_l%27%C3%A9lection_pr%C3%A9sidentielle_fran%C3%A7aise_de_2027,primary,2026-10-09T14:35Z,sha256:6ecc9f2cc77e8cc5bcc19a3d295dd34b854d864ba3734f8f1a7a38a2b84dc3ef
ifop-2026-08-25-10242,ifop,LCI / Le Figaro / Sud Radio,2026-08-24,2026-08-25,2026-08-26,1800,online,registered,1,S7,roussel,3.0,https://www.commission-des-sondages.fr/notices/files/notices/2026/aout/10242-pres-barometre-election-pres-iv-v5-ifop-26-aout.pdf,https://www.commission-des-sondages.fr/notices/files/notices/2026/aout/10242-pres-barometre-election-pres-iv-v5-ifop-26-aout.pdf,https://fr.wikipedia.org/wiki/Liste_de_sondages_sur_l%27%C3%A9lection_pr%C3%A9sidentielle_fran%C3%A7aise_de_2027,primary,2026-10-09T14:35Z,sha256:6ecc9f2cc77e8cc5bcc19a3d295dd34b854d864ba3734f8f1a7a38a2b84dc3ef
ifop-2026-08-25-10242,ifop,LCI / Le Figaro / Sud Radio,2026-08-24,2026-08-25,2026-08-26,1800,online,registered,1,S7,tondelier,3.0,https://www.commission-des-sondages.fr/notices/files/notices/2026/aout/10242-pres-barometre-election-pres-iv-v5-ifop-26-aout.pdf,https://www.commission-des-sondages.fr/notices/files/notices/2026/aout/10242-pres-barometre-election-pres-iv-v5-ifop-26-aout.pdf,https://fr.wikipedia.org/wiki/Liste_de_sondages_sur_l%27%C3%A9lection_pr%C3%A9sidentielle_fran%C3%A7aise_de_2027,primary,2026-10-09T14:35Z,sha256:6ecc9f2cc77e8cc5bcc19a3d295dd34b854d864ba3734f8f1a7a38a2b84dc3ef
ifop-2026-08-25-10242,ifop,LCI / Le Figaro / Sud Radio,2026-08-24,2026-08-25,2026-08-26,1800,online,registered,1,S7,zemmour,3.0,https://www.commission-des-sondages.fr/notices/files/notices/2026/aout/10242-pres-barometre-election-pres-iv-v5-ifop-26-aout.pdf,https://www.commission-des-sondages.fr/notices/files/notices/2026/aout/10242-pres-barometre-election-pres-iv-v5-ifop-26-aout.pdf,https://fr.wikipedia.org/wiki/Liste_de_sondages_sur_l%27%C3%A9lection_pr%C3%A9sidentielle_fran%C3%A7aise_de_2027,primary,2026-10-09T14:35Z,sha256:6ecc9f2cc77e8cc5bcc19a3d295dd34b854d864ba3734f8f1a7a38a2b84dc3ef
ifop-2026-08-25-10242,ifop,LCI / Le Figaro / Sud Radio,2026-08-24,2026-08-25,2026-08-26,1800,online,registered,2,H1,attal,46.0,https://www.commission-des-sondages.fr/notices/files/notices/2026/aout/10242-pres-barometre-election-pres-iv-v5-ifop-26-aout.pdf,https://www.commission-des-sondages.fr/notices/files/notices/2026/aout/10242-pres-barometre-election-pres-iv-v5-ifop-26-aout.pdf,https://fr.wikipedia.org/wiki/Liste_de_sondages_sur_l%27%C3%A9lection_pr%C3%A9sidentielle_fran%C3%A7aise_de_2027,primary,2026-10-09T14:35Z,sha256:6ecc9f2cc77e8cc5bcc19a3d295dd34b854d864ba3734f8f1a7a38a2b84dc3ef
ifop-2026-08-25-10242,ifop,LCI / Le Figaro / Sud Radio,2026-08-24,2026-08-25,2026-08-26,1800,online,registered,2,H1,le_pen,54.0,https://www.commission-des-sondages.fr/notices/files/notices/2026/aout/10242-pres-barometre-election-pres-iv-v5-ifop-26-aout.pdf,https://www.commission-des-sondages.fr/notices/files/notices/2026/aout/10242-pres-barometre-election-pres-iv-v5-ifop-26-aout.pdf,https://fr.wikipedia.org/wiki/Liste_de_sondages_sur_l%27%C3%A9lection_pr%C3%A9sidentielle_fran%C3%A7aise_de_2027,primary,2026-10-09T14:35Z,sha256:6ecc9f2cc77e8cc5bcc19a3d295dd34b854d864ba3734f8f1a7a38a2b84dc3ef
ifop-2026-08-25-10242,ifop,LCI / Le Figaro / Sud Radio,2026-08-24,2026-08-25,2026-08-26,1800,online,registered,2,H2,glucksmann,45.0,https://www.commission-des-sondages.fr/notices/files/notices/2026/aout/10242-pres-barometre-election-pres-iv-v5-ifop-26-aout.pdf,https://www.commission-des-sondages.fr/notices/files/notices/2026/aout/10242-pres-barometre-election-pres-iv-v5-ifop-26-aout.pdf,https://fr.wikipedia.org/wiki/Liste_de_sondages_sur_l%27%C3%A9lection_pr%C3%A9sidentielle_fran%C3%A7aise_de_2027,primary,2026-10-09T14:35Z,sha256:6ecc9f2cc77e8cc5bcc19a3d295dd34b854d864ba3734f8f1a7a38a2b84dc3ef
ifop-2026-08-25-10242,ifop,LCI / Le Figaro / Sud Radio,2026-08-24,2026-08-25,2026-08-26,1800,online,registered,2,H2,le_pen,55.0,https://www.commission-des-sondages.fr/notices/files/notices/2026/aout/10242-pres-barometre-election-pres-iv-v5-ifop-26-aout.pdf,https://www.commission-des-sondages.fr/notices/files/notices/2026/aout/10242-pres-barometre-election-pres-iv-v5-ifop-26-aout.pdf,https://fr.wikipedia.org/wiki/Liste_de_sondages_sur_l%27%C3%A9lection_pr%C3%A9sidentielle_fran%C3%A7aise_de_2027,primary,2026-10-09T14:35Z,sha256:6ecc9f2cc77e8cc5bcc19a3d295dd34b854d864ba3734f8f1a7a38a2b84dc3ef
ifop-2026-08-25-10242,ifop,LCI / Le Figaro / Sud Radio,2026-08-24,2026-08-25,2026-08-26,1800,online,registered,2,H3,hollande,46.0,https://www.commission-des-sondages.fr/notices/files/notices/2026/aout/10242-pres-barometre-election-pres-iv-v5-ifop-26-aout.pdf,https://www.commission-des-sondages.fr/notices/files/notices/2026/aout/10242-pres-barometre-election-pres-iv-v5-ifop-26-aout.pdf,https://fr.wikipedia.org/wiki/Liste_de_sondages_sur_l%27%C3%A9lection_pr%C3%A9sidentielle_fran%C3%A7aise_de_2027,primary,2026-10-09T14:35Z,sha256:6ecc9f2cc77e8cc5bcc19a3d295dd34b854d864ba3734f8f1a7a38a2b84dc3ef
ifop-2026-08-25-10242,ifop,LCI / Le Figaro / Sud Radio,2026-08-24,2026-08-25,2026-08-26,1800,online,registered,2,H3,le_pen,54.0,https://www.commission-des-sondages.fr/notices/files/notices/2026/aout/10242-pres-barometre-election-pres-iv-v5-ifop-26-aout.pdf,https://www.commission-des-sondages.fr/notices/files/notices/2026/aout/10242-pres-barometre-election-pres-iv-v5-ifop-26-aout.pdf,https://fr.wikipedia.org/wiki/Liste_de_sondages_sur_l%27%C3%A9lection_pr%C3%A9sidentielle_fran%C3%A7aise_de_2027,primary,2026-10-09T14:35Z,sha256:6ecc9f2cc77e8cc5bcc19a3d295dd34b854d864ba3734f8f1a7a38a2b84dc3ef
ifop-2026-08-25-10242,ifop,LCI / Le Figaro / Sud Radio,2026-08-24,2026-08-25,2026-08-26,1800,online,registered,2,H4,le_pen,67.0,https://www.commission-des-sondages.fr/notices/files/notices/2026/aout/10242-pres-barometre-election-pres-iv-v5-ifop-26-aout.pdf,https://www.commission-des-sondages.fr/notices/files/notices/2026/aout/10242-pres-barometre-election-pres-iv-v5-ifop-26-aout.pdf,https://fr.wikipedia.org/wiki/Liste_de_sondages_sur_l%27%C3%A9lection_pr%C3%A9sidentielle_fran%C3%A7aise_de_2027,primary,2026-10-09T14:35Z,sha256:6ecc9f2cc77e8cc5bcc19a3d295dd34b854d864ba3734f8f1a7a38a2b84dc3ef
ifop-2026-08-25-10242,ifop,LCI / Le Figaro / Sud Radio,2026-08-24,2026-08-25,2026-08-26,1800,online,registered,2,H4,melenchon,33.0,https://www.commission-des-sondages.fr/notices/files/notices/2026/aout/10242-pres-barometre-election-pres-iv-v5-ifop-26-aout.pdf,https://www.commission-des-sondages.fr/notices/files/notices/2026/aout/10242-pres-barometre-election-pres-iv-v5-ifop-26-aout.pdf,https://fr.wikipedia.org/wiki/Liste_de_sondages_sur_l%27%C3%A9lection_pr%C3%A9sidentielle_fran%C3%A7aise_de_2027,primary,2026-10-09T14:35Z,sha256:6ecc9f2cc77e8cc5bcc19a3d295dd34b854d864ba3734f8f1a7a38a2b84dc3ef
ifop-2026-08-25-10242,ifop,LCI / Le Figaro / Sud Radio,2026-08-24,2026-08-25,2026-08-26,1800,online,registered,2,H5,le_pen,52.0,https://www.commission-des-sondages.fr/notices/files/notices/2026/aout/10242-pres-barometre-election-pres-iv-v5-ifop-26-aout.pdf,https://www.commission-des-sondages.fr/notices/files/notices/2026/aout/10242-pres-barometre-election-pres-iv-v5-ifop-26-aout.pdf,https://fr.wikipedia.org/wiki/Liste_de_sondages_sur_l%27%C3%A9lection_pr%C3%A9sidentielle_fran%C3%A7aise_de_2027,primary,2026-10-09T14:35Z,sha256:6ecc9f2cc77e8cc5bcc19a3d295dd34b854d864ba3734f8f1a7a38a2b84dc3ef
ifop-2026-08-25-10242,ifop,LCI / Le Figaro / Sud Radio,2026-08-24,2026-08-25,2026-08-26,1800,online,registered,2,H5,philippe,48.0,https://www.commission-des-sondages.fr/notices/files/notices/2026/aout/10242-pres-barometre-election-pres-iv-v5-ifop-26-aout.pdf,https://www.commission-des-sondages.fr/notices/files/notices/2026/aout/10242-pres-barometre-election-pres-iv-v5-ifop-26-aout.pdf,https://fr.wikipedia.org/wiki/Liste_de_sondages_sur_l%27%C3%A9lection_pr%C3%A9sidentielle_fran%C3%A7aise_de_2027,primary,2026-10-09T14:35Z,sha256:6ecc9f2cc77e8cc5bcc19a3d295dd34b854d864ba3734f8f1a7a38a2b84dc3ef
ifop-2026-08-25-10242,ifop,LCI / Le Figaro / Sud Radio,2026-08-24,2026-08-25,2026-08-26,1800,online,registered,2,H6,le_pen,58.0,https://www.commission-des-sondages.fr/notices/files/notices/2026/aout/10242-pres-barometre-election-pres-iv-v5-ifop-26-aout.pdf,https://www.commission-des-sondages.fr/notices/files/notices/2026/aout/10242-pres-barometre-election-pres-iv-v5-ifop-26-aout.pdf,https://fr.wikipedia.org/wiki/Liste_de_sondages_sur_l%27%C3%A9lection_pr%C3%A9sidentielle_fran%C3%A7aise_de_2027,primary,2026-10-09T14:35Z,sha256:6ecc9f2cc77e8cc5bcc19a3d295dd34b854d864ba3734f8f1a7a38a2b84dc3ef
ifop-2026-08-25-10242,ifop,LCI / Le Figaro / Sud Radio,2026-08-24,2026-08-25,2026-08-26,1800,online,registered,2,H6,retailleau,42.0,https://www.commission-des-sondages.fr/notices/files/notices/2026/aout/10242-pres-barometre-election-pres-iv-v5-ifop-26-aout.pdf,https://www.commission-des-sondages.fr/notices/files/notices/2026/aout/10242-pres-barometre-election-pres-iv-v5-ifop-26-aout.pdf,https://fr.wikipedia.org/wiki/Liste_de_sondages_sur_l%27%C3%A9lection_pr%C3%A9sidentielle_fran%C3%A7aise_de_2027,primary,2026-10-09T14:35Z,sha256:6ecc9f2cc77e8cc5bcc19a3d295dd34b854d864ba3734f8f1a7a38a2b84dc3ef
elabe-2026-08-28-10245,elabe,BFMTV / La Tribune Dimanche,2026-08-26,2026-08-28,2026-08-29,1501,online,likely,1,S1,arthaud,1.5,https://www.commission-des-sondages.fr/notices/files/notices/2026/aout/10245-pres-iv-elabe-29-aout.pdf,https://www.commission-des-sondages.fr/notices/files/notices/2026/aout/10245-pres-iv-elabe-29-aout.pdf,https://fr.wikipedia.org/wiki/Liste_de_sondages_sur_l%27%C3%A9lection_pr%C3%A9sidentielle_fran%C3%A7aise_de_2027,primary,2026-10-09T14:35Z,sha256:d8009682d159cf60fe5d9dda2e3197000dc20dd134fcb219622da262159b3ecd
elabe-2026-08-28-10245,elabe,BFMTV / La Tribune Dimanche,2026-08-26,2026-08-28,2026-08-29,1501,online,likely,1,S1,dupont_aignan,3.0,https://www.commission-des-sondages.fr/notices/files/notices/2026/aout/10245-pres-iv-elabe-29-aout.pdf,https://www.commission-des-sondages.fr/notices/files/notices/2026/aout/10245-pres-iv-elabe-29-aout.pdf,https://fr.wikipedia.org/wiki/Liste_de_sondages_sur_l%27%C3%A9lection_pr%C3%A9sidentielle_fran%C3%A7aise_de_2027,primary,2026-10-09T14:35Z,sha256:d8009682d159cf60fe5d9dda2e3197000dc20dd134fcb219622da262159b3ecd
elabe-2026-08-28-10245,elabe,BFMTV / La Tribune Dimanche,2026-08-26,2026-08-28,2026-08-29,1501,online,likely,1,S1,glucksmann,11.5,https://www.commission-des-sondages.fr/notices/files/notices/2026/aout/10245-pres-iv-elabe-29-aout.pdf,https://www.commission-des-sondages.fr/notices/files/notices/2026/aout/10245-pres-iv-elabe-29-aout.pdf,https://fr.wikipedia.org/wiki/Liste_de_sondages_sur_l%27%C3%A9lection_pr%C3%A9sidentielle_fran%C3%A7aise_de_2027,primary,2026-10-09T14:35Z,sha256:d8009682d159cf60fe5d9dda2e3197000dc20dd134fcb219622da262159b3ecd
elabe-2026-08-28-10245,elabe,BFMTV / La Tribune Dimanche,2026-08-26,2026-08-28,2026-08-29,1501,online,likely,1,S1,le_pen,34.0,https://www.commission-des-sondages.fr/notices/files/notices/2026/aout/10245-pres-iv-elabe-29-aout.pdf,https://www.commission-des-sondages.fr/notices/files/notices/2026/aout/10245-pres-iv-elabe-29-aout.pdf,https://fr.wikipedia.org/wiki/Liste_de_sondages_sur_l%27%C3%A9lection_pr%C3%A9sidentielle_fran%C3%A7aise_de_2027,primary,2026-10-09T14:35Z,sha256:d8009682d159cf60fe5d9dda2e3197000dc20dd134fcb219622da262159b3ecd
elabe-2026-08-28-10245,elabe,BFMTV / La Tribune Dimanche,2026-08-26,2026-08-28,2026-08-29,1501,online,likely,1,S1,melenchon,14.0,https://www.commission-des-sondages.fr/notices/files/notices/2026/aout/10245-pres-iv-elabe-29-aout.pdf,https://www.commission-des-sondages.fr/notices/files/notices/2026/aout/10245-pres-iv-elabe-29-aout.pdf,https://fr.wikipedia.org/wiki/Liste_de_sondages_sur_l%27%C3%A9lection_pr%C3%A9sidentielle_fran%C3%A7aise_de_2027,primary,2026-10-09T14:35Z,sha256:d8009682d159cf60fe5d9dda2e3197000dc20dd134fcb219622da262159b3ecd
elabe-2026-08-28-10245,elabe,BFMTV / La Tribune Dimanche,2026-08-26,2026-08-28,2026-08-29,1501,online,likely,1,S1,philippe,17.0,https://www.commission-des-sondages.fr/notices/files/notices/2026/aout/10245-pres-iv-elabe-29-aout.pdf,https://www.commission-des-sondages.fr/notices/files/notices/2026/aout/10245-pres-iv-elabe-29-aout.pdf,https://fr.wikipedia.org/wiki/Liste_de_sondages_sur_l%27%C3%A9lection_pr%C3%A9sidentielle_fran%C3%A7aise_de_2027,primary,2026-10-09T14:35Z,sha256:d8009682d159cf60fe5d9dda2e3197000dc20dd134fcb219622da262159b3ecd
elabe-2026-08-28-10245,elabe,BFMTV / La Tribune Dimanche,2026-08-26,2026-08-28,2026-08-29,1501,online,likely,1,S1,retailleau,6.5,https://www.commission-des-sondages.fr/notices/files/notices/2026/aout/10245-pres-iv-elabe-29-aout.pdf,https://www.commission-des-sondages.fr/notices/files/notices/2026/aout/10245-pres-iv-elabe-29-aout.pdf,https://fr.wikipedia.org/wiki/Liste_de_sondages_sur_l%27%C3%A9lection_pr%C3%A9sidentielle_fran%C3%A7aise_de_2027,primary,2026-10-09T14:35Z,sha256:d8009682d159cf60fe5d9dda2e3197000dc20dd134fcb219622da262159b3ecd
elabe-2026-08-28-10245,elabe,BFMTV / La Tribune Dimanche,2026-08-26,2026-08-28,2026-08-29,1501,online,likely,1,S1,roussel,3.0,https://www.commission-des-sondages.fr/notices/files/notices/2026/aout/10245-pres-iv-elabe-29-aout.pdf,https://www.commission-des-sondages.fr/notices/files/notices/2026/aout/10245-pres-iv-elabe-29-aout.pdf,https://fr.wikipedia.org/wiki/Liste_de_sondages_sur_l%27%C3%A9lection_pr%C3%A9sidentielle_fran%C3%A7aise_de_2027,primary,2026-10-09T14:35Z,sha256:d8009682d159cf60fe5d9dda2e3197000dc20dd134fcb219622da262159b3ecd
elabe-2026-08-28-10245,elabe,BFMTV / La Tribune Dimanche,2026-08-26,2026-08-28,2026-08-29,1501,online,likely,1,S1,tondelier,3.5,https://www.commission-des-sondages.fr/notices/files/notices/2026/aout/10245-pres-iv-elabe-29-aout.pdf,https://www.commission-des-sondages.fr/notices/files/notices/2026/aout/10245-pres-iv-elabe-29-aout.pdf,https://fr.wikipedia.org/wiki/Liste_de_sondages_sur_l%27%C3%A9lection_pr%C3%A9sidentielle_fran%C3%A7aise_de_2027,primary,2026-10-09T14:35Z,sha256:d8009682d159cf60fe5d9dda2e3197000dc20dd134fcb219622da262159b3ecd
elabe-2026-08-28-10245,elabe,BFMTV / La Tribune Dimanche,2026-08-26,2026-08-28,2026-08-29,1501,online,likely,1,S1,villepin,2.0,https://www.commission-des-sondages.fr/notices/files/notices/2026/aout/10245-pres-iv-elabe-29-aout.pdf,https://www.commission-des-sondages.fr/notices/files/notices/2026/aout/10245-pres-iv-elabe-29-aout.pdf,https://fr.wikipedia.org/wiki/Liste_de_sondages_sur_l%27%C3%A9lection_pr%C3%A9sidentielle_fran%C3%A7aise_de_2027,primary,2026-10-09T14:35Z,sha256:d8009682d159cf60fe5d9dda2e3197000dc20dd134fcb219622da262159b3ecd
elabe-2026-08-28-10245,elabe,BFMTV / La Tribune Dimanche,2026-08-26,2026-08-28,2026-08-29,1501,online,likely,1,S1,zemmour,4.0,https://www.commission-des-sondages.fr/notices/files/notices/2026/aout/10245-pres-iv-elabe-29-aout.pdf,https://www.commission-des-sondages.fr/notices/files/notices/2026/aout/10245-pres-iv-elabe-29-aout.pdf,https://fr.wikipedia.org/wiki/Liste_de_sondages_sur_l%27%C3%A9lection_pr%C3%A9sidentielle_fran%C3%A7aise_de_2027,primary,2026-10-09T14:35Z,sha256:d8009682d159cf60fe5d9dda2e3197000dc20dd134fcb219622da262159b3ecd
elabe-2026-08-28-10245,elabe,BFMTV / La Tribune Dimanche,2026-08-26,2026-08-28,2026-08-29,1501,online,likely,1,S2,arthaud,1.5,https://www.commission-des-sondages.fr/notices/files/notices/2026/aout/10245-pres-iv-elabe-29-aout.pdf,https://www.commission-des-sondages.fr/notices/files/notices/2026/aout/10245-pres-iv-elabe-29-aout.pdf,https://fr.wikipedia.org/wiki/Liste_de_sondages_sur_l%27%C3%A9lection_pr%C3%A9sidentielle_fran%C3%A7aise_de_2027,primary,2026-10-09T14:35Z,sha256:d8009682d159cf60fe5d9dda2e3197000dc20dd134fcb219622da262159b3ecd
elabe-2026-08-28-10245,elabe,BFMTV / La Tribune Dimanche,2026-08-26,2026-08-28,2026-08-29,1501,online,likely,1,S2,attal,12.0,https://www.commission-des-sondages.fr/notices/files/notices/2026/aout/10245-pres-iv-elabe-29-aout.pdf,https://www.commission-des-sondages.fr/notices/files/notices/2026/aout/10245-pres-iv-elabe-29-aout.pdf,https://fr.wikipedia.org/wiki/Liste_de_sondages_sur_l%27%C3%A9lection_pr%C3%A9sidentielle_fran%C3%A7aise_de_2027,primary,2026-10-09T14:35Z,sha256:d8009682d159cf60fe5d9dda2e3197000dc20dd134fcb219622da262159b3ecd
elabe-2026-08-28-10245,elabe,BFMTV / La Tribune Dimanche,2026-08-26,2026-08-28,2026-08-29,1501,online,likely,1,S2,dupont_aignan,2.0,https://www.commission-des-sondages.fr/notices/files/notices/2026/aout/10245-pres-iv-elabe-29-aout.pdf,https://www.commission-des-sondages.fr/notices/files/notices/2026/aout/10245-pres-iv-elabe-29-aout.pdf,https://fr.wikipedia.org/wiki/Liste_de_sondages_sur_l%27%C3%A9lection_pr%C3%A9sidentielle_fran%C3%A7aise_de_2027,primary,2026-10-09T14:35Z,sha256:d8009682d159cf60fe5d9dda2e3197000dc20dd134fcb219622da262159b3ecd
elabe-2026-08-28-10245,elabe,BFMTV / La Tribune Dimanche,2026-08-26,2026-08-28,2026-08-29,1501,online,likely,1,S2,glucksmann,14.0,https://www.commission-des-sondages.fr/notices/files/notices/2026/aout/10245-pres-iv-elabe-29-aout.pdf,https://www.commission-des-sondages.fr/notices/files/notices/2026/aout/10245-pres-iv-elabe-29-aout.pdf,https://fr.wikipedia.org/wiki/Liste_de_sondages_sur_l%27%C3%A9lection_pr%C3%A9sidentielle_fran%C3%A7aise_de_2027,primary,2026-10-09T14:35Z,sha256:d8009682d159cf60fe5d9dda2e3197000dc20dd134fcb219622da262159b3ecd
elabe-2026-08-28-10245,elabe,BFMTV / La Tribune Dimanche,2026-08-26,2026-08-28,2026-08-29,1501,online,likely,1,S2,le_pen,34.5,https://www.commission-des-sondages.fr/notices/files/notices/2026/aout/10245-pres-iv-elabe-29-aout.pdf,https://www.commission-des-sondages.fr/notices/files/notices/2026/aout/10245-pres-iv-elabe-29-aout.pdf,https://fr.wikipedia.org/wiki/Liste_de_sondages_sur_l%27%C3%A9lection_pr%C3%A9sidentielle_fran%C3%A7aise_de_2027,primary,2026-10-09T14:35Z,sha256:d8009682d159cf60fe5d9dda2e3197000dc20dd134fcb219622da262159b3ecd
elabe-2026-08-28-10245,elabe,BFMTV / La Tribune Dimanche,2026-08-26,2026-08-28,2026-08-29,1501,online,likely,1,S2,melenchon,14.0,https://www.commission-des-sondages.fr/notices/files/notices/2026/aout/10245-pres-iv-elabe-29-aout.pdf,https://www.commission-des-sondages.fr/notices/files/notices/2026/aout/10245-pres-iv-elabe-29-aout.pdf,https://fr.wikipedia.org/wiki/Liste_de_sondages_sur_l%27%C3%A9lection_pr%C3%A9sidentielle_fran%C3%A7aise_de_2027,primary,2026-10-09T14:35Z,sha256:d8009682d159cf60fe5d9dda2e3197000dc20dd134fcb219622da262159b3ecd
elabe-2026-08-28-10245,elabe,BFMTV / La Tribune Dimanche,2026-08-26,2026-08-28,2026-08-29,1501,online,likely,1,S2,retailleau,9.5,https://www.commission-des-sondages.fr/notices/files/notices/2026/aout/10245-pres-iv-elabe-29-aout.pdf,https://www.commission-des-sondages.fr/notices/files/notices/2026/aout/10245-pres-iv-elabe-29-aout.pdf,https://fr.wikipedia.org/wiki/Liste_de_sondages_sur_l%27%C3%A9lection_pr%C3%A9sidentielle_fran%C3%A7aise_de_2027,primary,2026-10-09T14:35Z,sha256:d8009682d159cf60fe5d9dda2e3197000dc20dd134fcb219622da262159b3ecd
elabe-2026-08-28-10245,elabe,BFMTV / La Tribune Dimanche,2026-08-26,2026-08-28,2026-08-29,1501,online,likely,1,S2,roussel,3.0,https://www.commission-des-sondages.fr/notices/files/notices/2026/aout/10245-pres-iv-elabe-29-aout.pdf,https://www.commission-des-sondages.fr/notices/files/notices/2026/aout/10245-pres-iv-elabe-29-aout.pdf,https://fr.wikipedia.org/wiki/Liste_de_sondages_sur_l%27%C3%A9lection_pr%C3%A9sidentielle_fran%C3%A7aise_de_2027,primary,2026-10-09T14:35Z,sha256:d8009682d159cf60fe5d9dda2e3197000dc20dd134fcb219622da262159b3ecd
elabe-2026-08-28-10245,elabe,BFMTV / La Tribune Dimanche,2026-08-26,2026-08-28,2026-08-29,1501,online,likely,1,S2,tondelier,3.0,https://www.commission-des-sondages.fr/notices/files/notices/2026/aout/10245-pres-iv-elabe-29-aout.pdf,https://www.commission-des-sondages.fr/notices/files/notices/2026/aout/10245-pres-iv-elabe-29-aout.pdf,https://fr.wikipedia.org/wiki/Liste_de_sondages_sur_l%27%C3%A9lection_pr%C3%A9sidentielle_fran%C3%A7aise_de_2027,primary,2026-10-09T14:35Z,sha256:d8009682d159cf60fe5d9dda2e3197000dc20dd134fcb219622da262159b3ecd
elabe-2026-08-28-10245,elabe,BFMTV / La Tribune Dimanche,2026-08-26,2026-08-28,2026-08-29,1501,online,likely,1,S2,villepin,2.5,https://www.commission-des-sondages.fr/notices/files/notices/2026/aout/10245-pres-iv-elabe-29-aout.pdf,https://www.commission-des-sondages.fr/notices/files/notices/2026/aout/10245-pres-iv-elabe-29-aout.pdf,https://fr.wikipedia.org/wiki/Liste_de_sondages_sur_l%27%C3%A9lection_pr%C3%A9sidentielle_fran%C3%A7aise_de_2027,primary,2026-10-09T14:35Z,sha256:d8009682d159cf60fe5d9dda2e3197000dc20dd134fcb219622da262159b3ecd
elabe-2026-08-28-10245,elabe,BFMTV / La Tribune Dimanche,2026-08-26,2026-08-28,2026-08-29,1501,online,likely,1,S2,zemmour,4.0,https://www.commission-des-sondages.fr/notices/files/notices/2026/aout/10245-pres-iv-elabe-29-aout.pdf,https://www.commission-des-sondages.fr/notices/files/notices/2026/aout/10245-pres-iv-elabe-29-aout.pdf,https://fr.wikipedia.org/wiki/Liste_de_sondages_sur_l%27%C3%A9lection_pr%C3%A9sidentielle_fran%C3%A7aise_de_2027,primary,2026-10-09T14:35Z,sha256:d8009682d159cf60fe5d9dda2e3197000dc20dd134fcb219622da262159b3ecd
elabe-2026-08-28-10245,elabe,BFMTV / La Tribune Dimanche,2026-08-26,2026-08-28,2026-08-29,1501,online,likely,1,S3,arthaud,2.0,https://www.commission-des-sondages.fr/notices/files/notices/2026/aout/10245-pres-iv-elabe-29-aout.pdf,https://www.commission-des-sondages.fr/notices/files/notices/2026/aout/10245-pres-iv-elabe-29-aout.pdf,https://fr.wikipedia.org/wiki/Liste_de_sondages_sur_l%27%C3%A9lection_pr%C3%A9sidentielle_fran%C3%A7aise_de_2027,primary,2026-10-09T14:35Z,sha256:d8009682d159cf60fe5d9dda2e3197000dc20dd134fcb219622da262159b3ecd
elabe-2026-08-28-10245,elabe,BFMTV / La Tribune Dimanche,2026-08-26,2026-08-28,2026-08-29,1501,online,likely,1,S3,dupont_aignan,2.5,https://www.commission-des-sondages.fr/notices/files/notices/2026/aout/10245-pres-iv-elabe-29-aout.pdf,https://www.commission-des-sondages.fr/notices/files/notices/2026/aout/10245-pres-iv-elabe-29-aout.pdf,https://fr.wikipedia.org/wiki/Liste_de_sondages_sur_l%27%C3%A9lection_pr%C3%A9sidentielle_fran%C3%A7aise_de_2027,primary,2026-10-09T14:35Z,sha256:d8009682d159cf60fe5d9dda2e3197000dc20dd134fcb219622da262159b3ecd
elabe-2026-08-28-10245,elabe,BFMTV / La Tribune Dimanche,2026-08-26,2026-08-28,2026-08-29,1501,online,likely,1,S3,hollande,7.5,https://www.commission-des-sondages.fr/notices/files/notices/2026/aout/10245-pres-iv-elabe-29-aout.pdf,https://www.commission-des-sondages.fr/notices/files/notices/2026/aout/10245-pres-iv-elabe-29-aout.pdf,https://fr.wikipedia.org/wiki/Liste_de_sondages_sur_l%27%C3%A9lection_pr%C3%A9sidentielle_fran%C3%A7aise_de_2027,primary,2026-10-09T14:35Z,sha256:d8009682d159cf60fe5d9dda2e3197000dc20dd134fcb219622da262159b3ecd
elabe-2026-08-28-10245,elabe,BFMTV / La Tribune Dimanche,2026-08-26,2026-08-28,2026-08-29,1501,online,likely,1,S3,le_pen,34.0,https://www.commission-des-sondages.fr/notices/files/notices/2026/aout/10245-pres-iv-elabe-29-aout.pdf,https://www.commission-des-sondages.fr/notices/files/notices/2026/aout/10245-pres-iv-elabe-29-aout.pdf,https://fr.wikipedia.org/wiki/Liste_de_sondages_sur_l%27%C3%A9lection_pr%C3%A9sidentielle_fran%C3%A7aise_de_2027,primary,2026-10-09T14:35Z,sha256:d8009682d159cf60fe5d9dda2e3197000dc20dd134fcb219622da262159b3ecd
elabe-2026-08-28-10245,elabe,BFMTV / La Tribune Dimanche,2026-08-26,2026-08-28,2026-08-29,1501,online,likely,1,S3,lisnard,3.0,https://www.commission-des-sondages.fr/notices/files/notices/2026/aout/10245-pres-iv-elabe-29-aout.pdf,https://www.commission-des-sondages.fr/notices/files/notices/2026/aout/10245-pres-iv-elabe-29-aout.pdf,https://fr.wikipedia.org/wiki/Liste_de_sondages_sur_l%27%C3%A9lection_pr%C3%A9sidentielle_fran%C3%A7aise_de_2027,primary,2026-10-09T14:35Z,sha256:d8009682d159cf60fe5d9dda2e3197000dc20dd134fcb219622da262159b3ecd
elabe-2026-08-28-10245,elabe,BFMTV / La Tribune Dimanche,2026-08-26,2026-08-28,2026-08-29,1501,online,likely,1,S3,melenchon,14.0,https://www.commission-des-sondages.fr/notices/files/notices/2026/aout/10245-pres-iv-elabe-29-aout.pdf,https://www.commission-des-sondages.fr/notices/files/notices/2026/aout/10245-pres-iv-elabe-29-aout.pdf,https://fr.wikipedia.org/wiki/Liste_de_sondages_sur_l%27%C3%A9lection_pr%C3%A9sidentielle_fran%C3%A7aise_de_2027,primary,2026-10-09T14:35Z,sha256:d8009682d159cf60fe5d9dda2e3197000dc20dd134fcb219622da262159b3ecd
elabe-2026-08-28-10245,elabe,BFMTV / La Tribune Dimanche,2026-08-26,2026-08-28,2026-08-29,1501,online,likely,1,S3,philippe,19.5,https://www.commission-des-sondages.fr/notices/files/notices/2026/aout/10245-pres-iv-elabe-29-aout.pdf,https://www.commission-des-sondages.fr/notices/files/notices/2026/aout/10245-pres-iv-elabe-29-aout.pdf,https://fr.wikipedia.org/wiki/Liste_de_sondages_sur_l%27%C3%A9lection_pr%C3%A9sidentielle_fran%C3%A7aise_de_2027,primary,2026-10-09T14:35Z,sha256:d8009682d159cf60fe5d9dda2e3197000dc20dd134fcb219622da262159b3ecd
elabe-2026-08-28-10245,elabe,BFMTV / La Tribune Dimanche,2026-08-26,2026-08-28,2026-08-29,1501,online,likely,1,S3,retailleau,6.0,https://www.commission-des-sondages.fr/notices/files/notices/2026/aout/10245-pres-iv-elabe-29-aout.pdf,https://www.commission-des-sondages.fr/notices/files/notices/2026/aout/10245-pres-iv-elabe-29-aout.pdf,https://fr.wikipedia.org/wiki/Liste_de_sondages_sur_l%27%C3%A9lection_pr%C3%A9sidentielle_fran%C3%A7aise_de_2027,primary,2026-10-09T14:35Z,sha256:d8009682d159cf60fe5d9dda2e3197000dc20dd134fcb219622da262159b3ecd
elabe-2026-08-28-10245,elabe,BFMTV / La Tribune Dimanche,2026-08-26,2026-08-28,2026-08-29,1501,online,likely,1,S3,roussel,3.5,https://www.commission-des-sondages.fr/notices/files/notices/2026/aout/10245-pres-iv-elabe-29-aout.pdf,https://www.commission-des-sondages.fr/notices/files/notices/2026/aout/10245-pres-iv-elabe-29-aout.pdf,https://fr.wikipedia.org/wiki/Liste_de_sondages_sur_l%27%C3%A9lection_pr%C3%A9sidentielle_fran%C3%A7aise_de_2027,primary,2026-10-09T14:35Z,sha256:d8009682d159cf60fe5d9dda2e3197000dc20dd134fcb219622da262159b3ecd
elabe-2026-08-28-10245,elabe,BFMTV / La Tribune Dimanche,2026-08-26,2026-08-28,2026-08-29,1501,online,likely,1,S3,tondelier,4.0,https://www.commission-des-sondages.fr/notices/files/notices/2026/aout/10245-pres-iv-elabe-29-aout.pdf,https://www.commission-des-sondages.fr/notices/files/notices/2026/aout/10245-pres-iv-elabe-29-aout.pdf,https://fr.wikipedia.org/wiki/Liste_de_sondages_sur_l%27%C3%A9lection_pr%C3%A9sidentielle_fran%C3%A7aise_de_2027,primary,2026-10-09T14:35Z,sha256:d8009682d159cf60fe5d9dda2e3197000dc20dd134fcb219622da262159b3ecd
elabe-2026-08-28-10245,elabe,BFMTV / La Tribune Dimanche,2026-08-26,2026-08-28,2026-08-29,1501,online,likely,1,S3,zemmour,4.0,https://www.commission-des-sondages.fr/notices/files/notices/2026/aout/10245-pres-iv-elabe-29-aout.pdf,https://www.commission-des-sondages.fr/notices/files/notices/2026/aout/10245-pres-iv-elabe-29-aout.pdf,https://fr.wikipedia.org/wiki/Liste_de_sondages_sur_l%27%C3%A9lection_pr%C3%A9sidentielle_fran%C3%A7aise_de_2027,primary,2026-10-09T14:35Z,sha256:d8009682d159cf60fe5d9dda2e3197000dc20dd134fcb219622da262159b3ecd
elabe-2026-08-28-10245,elabe,BFMTV / La Tribune Dimanche,2026-08-26,2026-08-28,2026-08-29,1501,online,likely,1,S4,arthaud,1.5,https://www.commission-des-sondages.fr/notices/files/notices/2026/aout/10245-pres-iv-elabe-29-aout.pdf,https://www.commission-des-sondages.fr/notices/files/notices/2026/aout/10245-pres-iv-elabe-29-aout.pdf,https://fr.wikipedia.org/wiki/Liste_de_sondages_sur_l%27%C3%A9lection_pr%C3%A9sidentielle_fran%C3%A7aise_de_2027,primary,2026-10-09T14:35Z,sha256:d8009682d159cf60fe5d9dda2e3197000dc20dd134fcb219622da262159b3ecd
elabe-2026-08-28-10245,elabe,BFMTV / La Tribune Dimanche,2026-08-26,2026-08-28,2026-08-29,1501,online,likely,1,S4,attal,12.5,https://www.commission-des-sondages.fr/notices/files/notices/2026/aout/10245-pres-iv-elabe-29-aout.pdf,https://www.commission-des-sondages.fr/notices/files/notices/2026/aout/10245-pres-iv-elabe-29-aout.pdf,https://fr.wikipedia.org/wiki/Liste_de_sondages_sur_l%27%C3%A9lection_pr%C3%A9sidentielle_fran%C3%A7aise_de_2027,primary,2026-10-09T14:35Z,sha256:d8009682d159cf60fe5d9dda2e3197000dc20dd134fcb219622da262159b3ecd
elabe-2026-08-28-10245,elabe,BFMTV / La Tribune Dimanche,2026-08-26,2026-08-28,2026-08-29,1501,online,likely,1,S4,dupont_aignan,2.5,https://www.commission-des-sondages.fr/notices/files/notices/2026/aout/10245-pres-iv-elabe-29-aout.pdf,https://www.commission-des-sondages.fr/notices/files/notices/2026/aout/10245-pres-iv-elabe-29-aout.pdf,https://fr.wikipedia.org/wiki/Liste_de_sondages_sur_l%27%C3%A9lection_pr%C3%A9sidentielle_fran%C3%A7aise_de_2027,primary,2026-10-09T14:35Z,sha256:d8009682d159cf60fe5d9dda2e3197000dc20dd134fcb219622da262159b3ecd
elabe-2026-08-28-10245,elabe,BFMTV / La Tribune Dimanche,2026-08-26,2026-08-28,2026-08-29,1501,online,likely,1,S4,hollande,8.0,https://www.commission-des-sondages.fr/notices/files/notices/2026/aout/10245-pres-iv-elabe-29-aout.pdf,https://www.commission-des-sondages.fr/notices/files/notices/2026/aout/10245-pres-iv-elabe-29-aout.pdf,https://fr.wikipedia.org/wiki/Liste_de_sondages_sur_l%27%C3%A9lection_pr%C3%A9sidentielle_fran%C3%A7aise_de_2027,primary,2026-10-09T14:35Z,sha256:d8009682d159cf60fe5d9dda2e3197000dc20dd134fcb219622da262159b3ecd
elabe-2026-08-28-10245,elabe,BFMTV / La Tribune Dimanche,2026-08-26,2026-08-28,2026-08-29,1501,online,likely,1,S4,le_pen,34.5,https://www.commission-des-sondages.fr/notices/files/notices/2026/aout/10245-pres-iv-elabe-29-aout.pdf,https://www.commission-des-sondages.fr/notices/files/notices/2026/aout/10245-pres-iv-elabe-29-aout.pdf,https://fr.wikipedia.org/wiki/Liste_de_sondages_sur_l%27%C3%A9lection_pr%C3%A9sidentielle_fran%C3%A7aise_de_2027,primary,2026-10-09T14:35Z,sha256:d8009682d159cf60fe5d9dda2e3197000dc20dd134fcb219622da262159b3ecd
elabe-2026-08-28-10245,elabe,BFMTV / La Tribune Dimanche,2026-08-26,2026-08-28,2026-08-29,1501,online,likely,1,S4,lisnard,3.5,https://www.commission-des-sondages.fr/notices/files/notices/2026/aout/10245-pres-iv-elabe-29-aout.pdf,https://www.commission-des-sondages.fr/notices/files/notices/2026/aout/10245-pres-iv-elabe-29-aout.pdf,https://fr.wikipedia.org/wiki/Liste_de_sondages_sur_l%27%C3%A9lection_pr%C3%A9sidentielle_fran%C3%A7aise_de_2027,primary,2026-10-09T14:35Z,sha256:d8009682d159cf60fe5d9dda2e3197000dc20dd134fcb219622da262159b3ecd
elabe-2026-08-28-10245,elabe,BFMTV / La Tribune Dimanche,2026-08-26,2026-08-28,2026-08-29,1501,online,likely,1,S4,melenchon,14.0,https://www.commission-des-sondages.fr/notices/files/notices/2026/aout/10245-pres-iv-elabe-29-aout.pdf,https://www.commission-des-sondages.fr/notices/files/notices/2026/aout/10245-pres-iv-elabe-29-aout.pdf,https://fr.wikipedia.org/wiki/Liste_de_sondages_sur_l%27%C3%A9lection_pr%C3%A9sidentielle_fran%C3%A7aise_de_2027,primary,2026-10-09T14:35Z,sha256:d8009682d159cf60fe5d9dda2e3197000dc20dd134fcb219622da262159b3ecd
elabe-2026-08-28-10245,elabe,BFMTV / La Tribune Dimanche,2026-08-26,2026-08-28,2026-08-29,1501,online,likely,1,S4,retailleau,9.0,https://www.commission-des-sondages.fr/notices/files/notices/2026/aout/10245-pres-iv-elabe-29-aout.pdf,https://www.commission-des-sondages.fr/notices/files/notices/2026/aout/10245-pres-iv-elabe-29-aout.pdf,https://fr.wikipedia.org/wiki/Liste_de_sondages_sur_l%27%C3%A9lection_pr%C3%A9sidentielle_fran%C3%A7aise_de_2027,primary,2026-10-09T14:35Z,sha256:d8009682d159cf60fe5d9dda2e3197000dc20dd134fcb219622da262159b3ecd
elabe-2026-08-28-10245,elabe,BFMTV / La Tribune Dimanche,2026-08-26,2026-08-28,2026-08-29,1501,online,likely,1,S4,roussel,4.0,https://www.commission-des-sondages.fr/notices/files/notices/2026/aout/10245-pres-iv-elabe-29-aout.pdf,https://www.commission-des-sondages.fr/notices/files/notices/2026/aout/10245-pres-iv-elabe-29-aout.pdf,https://fr.wikipedia.org/wiki/Liste_de_sondages_sur_l%27%C3%A9lection_pr%C3%A9sidentielle_fran%C3%A7aise_de_2027,primary,2026-10-09T14:35Z,sha256:d8009682d159cf60fe5d9dda2e3197000dc20dd134fcb219622da262159b3ecd
elabe-2026-08-28-10245,elabe,BFMTV / La Tribune Dimanche,2026-08-26,2026-08-28,2026-08-29,1501,online,likely,1,S4,ruffin,6.0,https://www.commission-des-sondages.fr/notices/files/notices/2026/aout/10245-pres-iv-elabe-29-aout.pdf,https://www.commission-des-sondages.fr/notices/files/notices/2026/aout/10245-pres-iv-elabe-29-aout.pdf,https://fr.wikipedia.org/wiki/Liste_de_sondages_sur_l%27%C3%A9lection_pr%C3%A9sidentielle_fran%C3%A7aise_de_2027,primary,2026-10-09T14:35Z,sha256:d8009682d159cf60fe5d9dda2e3197000dc20dd134fcb219622da262159b3ecd
elabe-2026-08-28-10245,elabe,BFMTV / La Tribune Dimanche,2026-08-26,2026-08-28,2026-08-29,1501,online,likely,1,S4,zemmour,4.5,https://www.commission-des-sondages.fr/notices/files/notices/2026/aout/10245-pres-iv-elabe-29-aout.pdf,https://www.commission-des-sondages.fr/notices/files/notices/2026/aout/10245-pres-iv-elabe-29-aout.pdf,https://fr.wikipedia.org/wiki/Liste_de_sondages_sur_l%27%C3%A9lection_pr%C3%A9sidentielle_fran%C3%A7aise_de_2027,primary,2026-10-09T14:35Z,sha256:d8009682d159cf60fe5d9dda2e3197000dc20dd134fcb219622da262159b3ecd
elabe-2026-08-28-10245,elabe,BFMTV / La Tribune Dimanche,2026-08-26,2026-08-28,2026-08-29,1501,online,likely,1,S5,arthaud,1.5,https://www.commission-des-sondages.fr/notices/files/notices/2026/aout/10245-pres-iv-elabe-29-aout.pdf,https://www.commission-des-sondages.fr/notices/files/notices/2026/aout/10245-pres-iv-elabe-29-aout.pdf,https://fr.wikipedia.org/wiki/Liste_de_sondages_sur_l%27%C3%A9lection_pr%C3%A9sidentielle_fran%C3%A7aise_de_2027,primary,2026-10-09T14:35Z,sha256:d8009682d159cf60fe5d9dda2e3197000dc20dd134fcb219622da262159b3ecd
elabe-2026-08-28-10245,elabe,BFMTV / La Tribune Dimanche,2026-08-26,2026-08-28,2026-08-29,1501,online,likely,1,S5,dupont_aignan,2.5,https://www.commission-des-sondages.fr/notices/files/notices/2026/aout/10245-pres-iv-elabe-29-aout.pdf,https://www.commission-des-sondages.fr/notices/files/notices/2026/aout/10245-pres-iv-elabe-29-aout.pdf,https://fr.wikipedia.org/wiki/Liste_de_sondages_sur_l%27%C3%A9lection_pr%C3%A9sidentielle_fran%C3%A7aise_de_2027,primary,2026-10-09T14:35Z,sha256:d8009682d159cf60fe5d9dda2e3197000dc20dd134fcb219622da262159b3ecd
elabe-2026-08-28-10245,elabe,BFMTV / La Tribune Dimanche,2026-08-26,2026-08-28,2026-08-29,1501,online,likely,1,S5,faure,3.5,https://www.commission-des-sondages.fr/notices/files/notices/2026/aout/10245-pres-iv-elabe-29-aout.pdf,https://www.commission-des-sondages.fr/notices/files/notices/2026/aout/10245-pres-iv-elabe-29-aout.pdf,https://fr.wikipedia.org/wiki/Liste_de_sondages_sur_l%27%C3%A9lection_pr%C3%A9sidentielle_fran%C3%A7aise_de_2027,primary,2026-10-09T14:35Z,sha256:d8009682d159cf60fe5d9dda2e3197000dc20dd134fcb219622da262159b3ecd
elabe-2026-08-28-10245,elabe,BFMTV / La Tribune Dimanche,2026-08-26,2026-08-28,2026-08-29,1501,online,likely,1,S5,le_pen,35.5,https://www.commission-des-sondages.fr/notices/files/notices/2026/aout/10245-pres-iv-elabe-29-aout.pdf,https://www.commission-des-sondages.fr/notices/files/notices/2026/aout/10245-pres-iv-elabe-29-aout.pdf,https://fr.wikipedia.org/wiki/Liste_de_sondages_sur_l%27%C3%A9lection_pr%C3%A9sidentielle_fran%C3%A7aise_de_2027,primary,2026-10-09T14:35Z,sha256:d8009682d159cf60fe5d9dda2e3197000dc20dd134fcb219622da262159b3ecd
elabe-2026-08-28-10245,elabe,BFMTV / La Tribune Dimanche,2026-08-26,2026-08-28,2026-08-29,1501,online,likely,1,S5,melenchon,14.5,https://www.commission-des-sondages.fr/notices/files/notices/2026/aout/10245-pres-iv-elabe-29-aout.pdf,https://www.commission-des-sondages.fr/notices/files/notices/2026/aout/10245-pres-iv-elabe-29-aout.pdf,https://fr.wikipedia.org/wiki/Liste_de_sondages_sur_l%27%C3%A9lection_pr%C3%A9sidentielle_fran%C3%A7aise_de_2027,primary,2026-10-09T14:35Z,sha256:d8009682d159cf60fe5d9dda2e3197000dc20dd134fcb219622da262159b3ecd
elabe-2026-08-28-10245,elabe,BFMTV / La Tribune Dimanche,2026-08-26,2026-08-28,2026-08-29,1501,online,likely,1,S5,philippe,20.5,https://www.commission-des-sondages.fr/notices/files/notices/2026/aout/10245-pres-iv-elabe-29-aout.pdf,https://www.commission-des-sondages.fr/notices/files/notices/2026/aout/10245-pres-iv-elabe-29-aout.pdf,https://fr.wikipedia.org/wiki/Liste_de_sondages_sur_l%27%C3%A9lection_pr%C3%A9sidentielle_fran%C3%A7aise_de_2027,primary,2026-10-09T14:35Z,sha256:d8009682d159cf60fe5d9dda2e3197000dc20dd134fcb219622da262159b3ecd
elabe-2026-08-28-10245,elabe,BFMTV / La Tribune Dimanche,2026-08-26,2026-08-28,2026-08-29,1501,online,likely,1,S5,retailleau,7.0,https://www.commission-des-sondages.fr/notices/files/notices/2026/aout/10245-pres-iv-elabe-29-aout.pdf,https://www.commission-des-sondages.fr/notices/files/notices/2026/aout/10245-pres-iv-elabe-29-aout.pdf,https://fr.wikipedia.org/wiki/Liste_de_sondages_sur_l%27%C3%A9lection_pr%C3%A9sidentielle_fran%C3%A7aise_de_2027,primary,2026-10-09T14:35Z,sha256:d8009682d159cf60fe5d9dda2e3197000dc20dd134fcb219622da262159b3ecd
elabe-2026-08-28-10245,elabe,BFMTV / La Tribune Dimanche,2026-08-26,2026-08-28,2026-08-29,1501,online,likely,1,S5,roussel,4.5,https://www.commission-des-sondages.fr/notices/files/notices/2026/aout/10245-pres-iv-elabe-29-aout.pdf,https://www.commission-des-sondages.fr/notices/files/notices/2026/aout/10245-pres-iv-elabe-29-aout.pdf,https://fr.wikipedia.org/wiki/Liste_de_sondages_sur_l%27%C3%A9lection_pr%C3%A9sidentielle_fran%C3%A7aise_de_2027,primary,2026-10-09T14:35Z,sha256:d8009682d159cf60fe5d9dda2e3197000dc20dd134fcb219622da262159b3ecd
elabe-2026-08-28-10245,elabe,BFMTV / La Tribune Dimanche,2026-08-26,2026-08-28,2026-08-29,1501,online,likely,1,S5,tondelier,4.0,https://www.commission-des-sondages.fr/notices/files/notices/2026/aout/10245-pres-iv-elabe-29-aout.pdf,https://www.commission-des-sondages.fr/notices/files/notices/2026/aout/10245-pres-iv-elabe-29-aout.pdf,https://fr.wikipedia.org/wiki/Liste_de_sondages_sur_l%27%C3%A9lection_pr%C3%A9sidentielle_fran%C3%A7aise_de_2027,primary,2026-10-09T14:35Z,sha256:d8009682d159cf60fe5d9dda2e3197000dc20dd134fcb219622da262159b3ecd
elabe-2026-08-28-10245,elabe,BFMTV / La Tribune Dimanche,2026-08-26,2026-08-28,2026-08-29,1501,online,likely,1,S5,villepin,2.5,https://www.commission-des-sondages.fr/notices/files/notices/2026/aout/10245-pres-iv-elabe-29-aout.pdf,https://www.commission-des-sondages.fr/notices/files/notices/2026/aout/10245-pres-iv-elabe-29-aout.pdf,https://fr.wikipedia.org/wiki/Liste_de_sondages_sur_l%27%C3%A9lection_pr%C3%A9sidentielle_fran%C3%A7aise_de_2027,primary,2026-10-09T14:35Z,sha256:d8009682d159cf60fe5d9dda2e3197000dc20dd134fcb219622da262159b3ecd
elabe-2026-08-28-10245,elabe,BFMTV / La Tribune Dimanche,2026-08-26,2026-08-28,2026-08-29,1501,online,likely,1,S5,zemmour,4.0,https://www.commission-des-sondages.fr/notices/files/notices/2026/aout/10245-pres-iv-elabe-29-aout.pdf,https://www.commission-des-sondages.fr/notices/files/notices/2026/aout/10245-pres-iv-elabe-29-aout.pdf,https://fr.wikipedia.org/wiki/Liste_de_sondages_sur_l%27%C3%A9lection_pr%C3%A9sidentielle_fran%C3%A7aise_de_2027,primary,2026-10-09T14:35Z,sha256:d8009682d159cf60fe5d9dda2e3197000dc20dd134fcb219622da262159b3ecd
elabe-2026-08-28-10245,elabe,BFMTV / La Tribune Dimanche,2026-08-26,2026-08-28,2026-08-29,1501,online,likely,1,S6,arthaud,1.5,https://www.commission-des-sondages.fr/notices/files/notices/2026/aout/10245-pres-iv-elabe-29-aout.pdf,https://www.commission-des-sondages.fr/notices/files/notices/2026/aout/10245-pres-iv-elabe-29-aout.pdf,https://fr.wikipedia.org/wiki/Liste_de_sondages_sur_l%27%C3%A9lection_pr%C3%A9sidentielle_fran%C3%A7aise_de_2027,primary,2026-10-09T14:35Z,sha256:d8009682d159cf60fe5d9dda2e3197000dc20dd134fcb219622da262159b3ecd
elabe-2026-08-28-10245,elabe,BFMTV / La Tribune Dimanche,2026-08-26,2026-08-28,2026-08-29,1501,online,likely,1,S6,attal,6.5,https://www.commission-des-sondages.fr/notices/files/notices/2026/aout/10245-pres-iv-elabe-29-aout.pdf,https://www.commission-des-sondages.fr/notices/files/notices/2026/aout/10245-pres-iv-elabe-29-aout.pdf,https://fr.wikipedia.org/wiki/Liste_de_sondages_sur_l%27%C3%A9lection_pr%C3%A9sidentielle_fran%C3%A7aise_de_2027,primary,2026-10-09T14:35Z,sha256:d8009682d159cf60fe5d9dda2e3197000dc20dd134fcb219622da262159b3ecd
elabe-2026-08-28-10245,elabe,BFMTV / La Tribune Dimanche,2026-08-26,2026-08-28,2026-08-29,1501,online,likely,1,S6,dupont_aignan,2.5,https://www.commission-des-sondages.fr/notices/files/notices/2026/aout/10245-pres-iv-elabe-29-aout.pdf,https://www.commission-des-sondages.fr/notices/files/notices/2026/aout/10245-pres-iv-elabe-29-aout.pdf,https://fr.wikipedia.org/wiki/Liste_de_sondages_sur_l%27%C3%A9lection_pr%C3%A9sidentielle_fran%C3%A7aise_de_2027,primary,2026-10-09T14:35Z,sha256:d8009682d159cf60fe5d9dda2e3197000dc20dd134fcb219622da262159b3ecd
elabe-2026-08-28-10245,elabe,BFMTV / La Tribune Dimanche,2026-08-26,2026-08-28,2026-08-29,1501,online,likely,1,S6,glucksmann,12.5,https://www.commission-des-sondages.fr/notices/files/notices/2026/aout/10245-pres-iv-elabe-29-aout.pdf,https://www.commission-des-sondages.fr/notices/files/notices/2026/aout/10245-pres-iv-elabe-29-aout.pdf,https://fr.wikipedia.org/wiki/Liste_de_sondages_sur_l%27%C3%A9lection_pr%C3%A9sidentielle_fran%C3%A7aise_de_2027,primary,2026-10-09T14:35Z,sha256:d8009682d159cf60fe5d9dda2e3197000dc20dd134fcb219622da262159b3ecd
elabe-2026-08-28-10245,elabe,BFMTV / La Tribune Dimanche,2026-08-26,2026-08-28,2026-08-29,1501,online,likely,1,S6,le_pen,34.0,https://www.commission-des-sondages.fr/notices/files/notices/2026/aout/10245-pres-iv-elabe-29-aout.pdf,https://www.commission-des-sondages.fr/notices/files/notices/2026/aout/10245-pres-iv-elabe-29-aout.pdf,https://fr.wikipedia.org/wiki/Liste_de_sondages_sur_l%27%C3%A9lection_pr%C3%A9sidentielle_fran%C3%A7aise_de_2027,primary,2026-10-09T14:35Z,sha256:d8009682d159cf60fe5d9dda2e3197000dc20dd134fcb219622da262159b3ecd
elabe-2026-08-28-10245,elabe,BFMTV / La Tribune Dimanche,2026-08-26,2026-08-28,2026-08-29,1501,online,likely,1,S6,melenchon,14.5,https://www.commission-des-sondages.fr/notices/files/notices/2026/aout/10245-pres-iv-elabe-29-aout.pdf,https://www.commission-des-sondages.fr/notices/files/notices/2026/aout/10245-pres-iv-elabe-29-aout.pdf,https://fr.wikipedia.org/wiki/Liste_de_sondages_sur_l%27%C3%A9lection_pr%C3%A9sidentielle_fran%C3%A7aise_de_2027,primary,2026-10-09T14:35Z,sha256:d8009682d159cf60fe5d9dda2e3197000dc20dd134fcb219622da262159b3ecd
elabe-2026-08-28-10245,elabe,BFMTV / La Tribune Dimanche,2026-08-26,2026-08-28,2026-08-29,1501,online,likely,1,S6,philippe,14.5,https://www.commission-des-sondages.fr/notices/files/notices/2026/aout/10245-pres-iv-elabe-29-aout.pdf,https://www.commission-des-sondages.fr/notices/files/notices/2026/aout/10245-pres-iv-elabe-29-aout.pdf,https://fr.wikipedia.org/wiki/Liste_de_sondages_sur_l%27%C3%A9lection_pr%C3%A9sidentielle_fran%C3%A7aise_de_2027,primary,2026-10-09T14:35Z,sha256:d8009682d159cf60fe5d9dda2e3197000dc20dd134fcb219622da262159b3ecd
elabe-2026-08-28-10245,elabe,BFMTV / La Tribune Dimanche,2026-08-26,2026-08-28,2026-08-29,1501,online,likely,1,S6,retailleau,7.0,https://www.commission-des-sondages.fr/notices/files/notices/2026/aout/10245-pres-iv-elabe-29-aout.pdf,https://www.commission-des-sondages.fr/notices/files/notices/2026/aout/10245-pres-iv-elabe-29-aout.pdf,https://fr.wikipedia.org/wiki/Liste_de_sondages_sur_l%27%C3%A9lection_pr%C3%A9sidentielle_fran%C3%A7aise_de_2027,primary,2026-10-09T14:35Z,sha256:d8009682d159cf60fe5d9dda2e3197000dc20dd134fcb219622da262159b3ecd
elabe-2026-08-28-10245,elabe,BFMTV / La Tribune Dimanche,2026-08-26,2026-08-28,2026-08-29,1501,online,likely,1,S6,roussel,3.0,https://www.commission-des-sondages.fr/notices/files/notices/2026/aout/10245-pres-iv-elabe-29-aout.pdf,https://www.commission-des-sondages.fr/notices/files/notices/2026/aout/10245-pres-iv-elabe-29-aout.pdf,https://fr.wikipedia.org/wiki/Liste_de_sondages_sur_l%27%C3%A9lection_pr%C3%A9sidentielle_fran%C3%A7aise_de_2027,primary,2026-10-09T14:35Z,sha256:d8009682d159cf60fe5d9dda2e3197000dc20dd134fcb219622da262159b3ecd
elabe-2026-08-28-10245,elabe,BFMTV / La Tribune Dimanche,2026-08-26,2026-08-28,2026-08-29,1501,online,likely,1,S6,zemmour,4.0,https://www.commission-des-sondages.fr/notices/files/notices/2026/aout/10245-pres-iv-elabe-29-aout.pdf,https://www.commission-des-sondages.fr/notices/files/notices/2026/aout/10245-pres-iv-elabe-29-aout.pdf,https://fr.wikipedia.org/wiki/Liste_de_sondages_sur_l%27%C3%A9lection_pr%C3%A9sidentielle_fran%C3%A7aise_de_2027,primary,2026-10-09T14:35Z,sha256:d8009682d159cf60fe5d9dda2e3197000dc20dd134fcb219622da262159b3ecd
elabe-2026-08-28-10245,elabe,BFMTV / La Tribune Dimanche,2026-08-26,2026-08-28,2026-08-29,1501,online,likely,2,H1,attal,43.0,https://www.commission-des-sondages.fr/notices/files/notices/2026/aout/10245-pres-iv-elabe-29-aout.pdf,https://www.commission-des-sondages.fr/notices/files/notices/2026/aout/10245-pres-iv-elabe-29-aout.pdf,https://fr.wikipedia.org/wiki/Liste_de_sondages_sur_l%27%C3%A9lection_pr%C3%A9sidentielle_fran%C3%A7aise_de_2027,primary,2026-10-09T14:35Z,sha256:d8009682d159cf60fe5d9dda2e3197000dc20dd134fcb219622da262159b3ecd
elabe-2026-08-28-10245,elabe,BFMTV / La Tribune Dimanche,2026-08-26,2026-08-28,2026-08-29,1501,online,likely,2,H1,le_pen,57.0,https://www.commission-des-sondages.fr/notices/files/notices/2026/aout/10245-pres-iv-elabe-29-aout.pdf,https://www.commission-des-sondages.fr/notices/files/notices/2026/aout/10245-pres-iv-elabe-29-aout.pdf,https://fr.wikipedia.org/wiki/Liste_de_sondages_sur_l%27%C3%A9lection_pr%C3%A9sidentielle_fran%C3%A7aise_de_2027,primary,2026-10-09T14:35Z,sha256:d8009682d159cf60fe5d9dda2e3197000dc20dd134fcb219622da262159b3ecd
elabe-2026-08-28-10245,elabe,BFMTV / La Tribune Dimanche,2026-08-26,2026-08-28,2026-08-29,1501,online,likely,2,H2,glucksmann,43.0,https://www.commission-des-sondages.fr/notices/files/notices/2026/aout/10245-pres-iv-elabe-29-aout.pdf,https://www.commission-des-sondages.fr/notices/files/notices/2026/aout/10245-pres-iv-elabe-29-aout.pdf,https://fr.wikipedia.org/wiki/Liste_de_sondages_sur_l%27%C3%A9lection_pr%C3%A9sidentielle_fran%C3%A7aise_de_2027,primary,2026-10-09T14:35Z,sha256:d8009682d159cf60fe5d9dda2e3197000dc20dd134fcb219622da262159b3ecd
elabe-2026-08-28-10245,elabe,BFMTV / La Tribune Dimanche,2026-08-26,2026-08-28,2026-08-29,1501,online,likely,2,H2,le_pen,57.0,https://www.commission-des-sondages.fr/notices/files/notices/2026/aout/10245-pres-iv-elabe-29-aout.pdf,https://www.commission-des-sondages.fr/notices/files/notices/2026/aout/10245-pres-iv-elabe-29-aout.pdf,https://fr.wikipedia.org/wiki/Liste_de_sondages_sur_l%27%C3%A9lection_pr%C3%A9sidentielle_fran%C3%A7aise_de_2027,primary,2026-10-09T14:35Z,sha256:d8009682d159cf60fe5d9dda2e3197000dc20dd134fcb219622da262159b3ecd
elabe-2026-08-28-10245,elabe,BFMTV / La Tribune Dimanche,2026-08-26,2026-08-28,2026-08-29,1501,online,likely,2,H3,le_pen,69.5,https://www.commission-des-sondages.fr/notices/files/notices/2026/aout/10245-pres-iv-elabe-29-aout.pdf,https://www.commission-des-sondages.fr/notices/files/notices/2026/aout/10245-pres-iv-elabe-29-aout.pdf,https://fr.wikipedia.org/wiki/Liste_de_sondages_sur_l%27%C3%A9lection_pr%C3%A9sidentielle_fran%C3%A7aise_de_2027,primary,2026-10-09T14:35Z,sha256:d8009682d159cf60fe5d9dda2e3197000dc20dd134fcb219622da262159b3ecd
elabe-2026-08-28-10245,elabe,BFMTV / La Tribune Dimanche,2026-08-26,2026-08-28,2026-08-29,1501,online,likely,2,H3,melenchon,30.5,https://www.commission-des-sondages.fr/notices/files/notices/2026/aout/10245-pres-iv-elabe-29-aout.pdf,https://www.commission-des-sondages.fr/notices/files/notices/2026/aout/10245-pres-iv-elabe-29-aout.pdf,https://fr.wikipedia.org/wiki/Liste_de_sondages_sur_l%27%C3%A9lection_pr%C3%A9sidentielle_fran%C3%A7aise_de_2027,primary,2026-10-09T14:35Z,sha256:d8009682d159cf60fe5d9dda2e3197000dc20dd134fcb219622da262159b3ecd
elabe-2026-08-28-10245,elabe,BFMTV / La Tribune Dimanche,2026-08-26,2026-08-28,2026-08-29,1501,online,likely,2,H4,le_pen,52.5,https://www.commission-des-sondages.fr/notices/files/notices/2026/aout/10245-pres-iv-elabe-29-aout.pdf,https://www.commission-des-sondages.fr/notices/files/notices/2026/aout/10245-pres-iv-elabe-29-aout.pdf,https://fr.wikipedia.org/wiki/Liste_de_sondages_sur_l%27%C3%A9lection_pr%C3%A9sidentielle_fran%C3%A7aise_de_2027,primary,2026-10-09T14:35Z,sha256:d8009682d159cf60fe5d9dda2e3197000dc20dd134fcb219622da262159b3ecd
elabe-2026-08-28-10245,elabe,BFMTV / La Tribune Dimanche,2026-08-26,2026-08-28,2026-08-29,1501,online,likely,2,H4,philippe,47.5,https://www.commission-des-sondages.fr/notices/files/notices/2026/aout/10245-pres-iv-elabe-29-aout.pdf,https://www.commission-des-sondages.fr/notices/files/notices/2026/aout/10245-pres-iv-elabe-29-aout.pdf,https://fr.wikipedia.org/wiki/Liste_de_sondages_sur_l%27%C3%A9lection_pr%C3%A9sidentielle_fran%C3%A7aise_de_2027,primary,2026-10-09T14:35Z,sha256:d8009682d159cf60fe5d9dda2e3197000dc20dd134fcb219622da262159b3ecd
cluster17-2026-07-24-10246,cluster17,Le Grand Continent,2026-07-22,2026-07-24,2026-08-31,1506,online,likely,1,S1,arthaud,0.9,https://www.commission-des-sondages.fr/notices/files/notices/2026/aout/10246-pres-cluster17-le-grand-continent-31-aout.pdf,https://www.commission-des-sondages.fr/notices/files/notices/2026/aout/10246-pres-cluster17-le-grand-continent-31-aout.pdf,https://fr.wikipedia.org/wiki/Liste_de_sondages_sur_l%27%C3%A9lection_pr%C3%A9sidentielle_fran%C3%A7aise_de_2027,primary,2026-10-09T14:35Z,sha256:36a5d61c8c8f31f5d3044dbf1e73f4b0947a48ea2ed8e0174b70815a4ad78414
cluster17-2026-07-24-10246,cluster17,Le Grand Continent,2026-07-22,2026-07-24,2026-08-31,1506,online,likely,1,S1,dupont_aignan,3.2,https://www.commission-des-sondages.fr/notices/files/notices/2026/aout/10246-pres-cluster17-le-grand-continent-31-aout.pdf,https://www.commission-des-sondages.fr/notices/files/notices/2026/aout/10246-pres-cluster17-le-grand-continent-31-aout.pdf,https://fr.wikipedia.org/wiki/Liste_de_sondages_sur_l%27%C3%A9lection_pr%C3%A9sidentielle_fran%C3%A7aise_de_2027,primary,2026-10-09T14:35Z,sha256:36a5d61c8c8f31f5d3044dbf1e73f4b0947a48ea2ed8e0174b70815a4ad78414
cluster17-2026-07-24-10246,cluster17,Le Grand Continent,2026-07-22,2026-07-24,2026-08-31,1506,online,likely,1,S1,glucksmann,10.2,https://www.commission-des-sondages.fr/notices/files/notices/2026/aout/10246-pres-cluster17-le-grand-continent-31-aout.pdf,https://www.commission-des-sondages.fr/notices/files/notices/2026/aout/10246-pres-cluster17-le-grand-continent-31-aout.pdf,https://fr.wikipedia.org/wiki/Liste_de_sondages_sur_l%27%C3%A9lection_pr%C3%A9sidentielle_fran%C3%A7aise_de_2027,primary,2026-10-09T14:35Z,sha256:36a5d61c8c8f31f5d3044dbf1e73f4b0947a48ea2ed8e0174b70815a4ad78414
cluster17-2026-07-24-10246,cluster17,Le Grand Continent,2026-07-22,2026-07-24,2026-08-31,1506,online,likely,1,S1,le_pen,30.1,https://www.commission-des-sondages.fr/notices/files/notices/2026/aout/10246-pres-cluster17-le-grand-continent-31-aout.pdf,https://www.commission-des-sondages.fr/notices/files/notices/2026/aout/10246-pres-cluster17-le-grand-continent-31-aout.pdf,https://fr.wikipedia.org/wiki/Liste_de_sondages_sur_l%27%C3%A9lection_pr%C3%A9sidentielle_fran%C3%A7aise_de_2027,primary,2026-10-09T14:35Z,sha256:36a5d61c8c8f31f5d3044dbf1e73f4b0947a48ea2ed8e0174b70815a4ad78414
cluster17-2026-07-24-10246,cluster17,Le Grand Continent,2026-07-22,2026-07-24,2026-08-31,1506,online,likely,1,S1,melenchon,18.2,https://www.commission-des-sondages.fr/notices/files/notices/2026/aout/10246-pres-cluster17-le-grand-continent-31-aout.pdf,https://www.commission-des-sondages.fr/notices/files/notices/2026/aout/10246-pres-cluster17-le-grand-continent-31-aout.pdf,https://fr.wikipedia.org/wiki/Liste_de_sondages_sur_l%27%C3%A9lection_pr%C3%A9sidentielle_fran%C3%A7aise_de_2027,primary,2026-10-09T14:35Z,sha256:36a5d61c8c8f31f5d3044dbf1e73f4b0947a48ea2ed8e0174b70815a4ad78414
cluster17-2026-07-24-10246,cluster17,Le Grand Continent,2026-07-22,2026-07-24,2026-08-31,1506,online,likely,1,S1,philippe,18.1,https://www.commission-des-sondages.fr/notices/files/notices/2026/aout/10246-pres-cluster17-le-grand-continent-31-aout.pdf,https://www.commission-des-sondages.fr/notices/files/notices/2026/aout/10246-pres-cluster17-le-grand-continent-31-aout.pdf,https://fr.wikipedia.org/wiki/Liste_de_sondages_sur_l%27%C3%A9lection_pr%C3%A9sidentielle_fran%C3%A7aise_de_2027,primary,2026-10-09T14:35Z,sha256:36a5d61c8c8f31f5d3044dbf1e73f4b0947a48ea2ed8e0174b70815a4ad78414
cluster17-2026-07-24-10246,cluster17,Le Grand Continent,2026-07-22,2026-07-24,2026-08-31,1506,online,likely,1,S1,retailleau,7.8,https://www.commission-des-sondages.fr/notices/files/notices/2026/aout/10246-pres-cluster17-le-grand-continent-31-aout.pdf,https://www.commission-des-sondages.fr/notices/files/notices/2026/aout/10246-pres-cluster17-le-grand-continent-31-aout.pdf,https://fr.wikipedia.org/wiki/Liste_de_sondages_sur_l%27%C3%A9lection_pr%C3%A9sidentielle_fran%C3%A7aise_de_2027,primary,2026-10-09T14:35Z,sha256:36a5d61c8c8f31f5d3044dbf1e73f4b0947a48ea2ed8e0174b70815a4ad78414
cluster17-2026-07-24-10246,cluster17,Le Grand Continent,2026-07-22,2026-07-24,2026-08-31,1506,online,likely,1,S1,roussel,2.0,https://www.commission-des-sondages.fr/notices/files/notices/2026/aout/10246-pres-cluster17-le-grand-continent-31-aout.pdf,https://www.commission-des-sondages.fr/notices/files/notices/2026/aout/10246-pres-cluster17-le-grand-continent-31-aout.pdf,https://fr.wikipedia.org/wiki/Liste_de_sondages_sur_l%27%C3%A9lection_pr%C3%A9sidentielle_fran%C3%A7aise_de_2027,primary,2026-10-09T14:35Z,sha256:36a5d61c8c8f31f5d3044dbf1e73f4b0947a48ea2ed8e0174b70815a4ad78414
cluster17-2026-07-24-10246,cluster17,Le Grand Continent,2026-07-22,2026-07-24,2026-08-31,1506,online,likely,1,S1,tondelier,2.8,https://www.commission-des-sondages.fr/notices/files/notices/2026/aout/10246-pres-cluster17-le-grand-continent-31-aout.pdf,https://www.commission-des-sondages.fr/notices/files/notices/2026/aout/10246-pres-cluster17-le-grand-continent-31-aout.pdf,https://fr.wikipedia.org/wiki/Liste_de_sondages_sur_l%27%C3%A9lection_pr%C3%A9sidentielle_fran%C3%A7aise_de_2027,primary,2026-10-09T14:35Z,sha256:36a5d61c8c8f31f5d3044dbf1e73f4b0947a48ea2ed8e0174b70815a4ad78414
cluster17-2026-07-24-10246,cluster17,Le Grand Continent,2026-07-22,2026-07-24,2026-08-31,1506,online,likely,1,S1,villepin,2.9,https://www.commission-des-sondages.fr/notices/files/notices/2026/aout/10246-pres-cluster17-le-grand-continent-31-aout.pdf,https://www.commission-des-sondages.fr/notices/files/notices/2026/aout/10246-pres-cluster17-le-grand-continent-31-aout.pdf,https://fr.wikipedia.org/wiki/Liste_de_sondages_sur_l%27%C3%A9lection_pr%C3%A9sidentielle_fran%C3%A7aise_de_2027,primary,2026-10-09T14:35Z,sha256:36a5d61c8c8f31f5d3044dbf1e73f4b0947a48ea2ed8e0174b70815a4ad78414
cluster17-2026-07-24-10246,cluster17,Le Grand Continent,2026-07-22,2026-07-24,2026-08-31,1506,online,likely,1,S1,zemmour,3.8,https://www.commission-des-sondages.fr/notices/files/notices/2026/aout/10246-pres-cluster17-le-grand-continent-31-aout.pdf,https://www.commission-des-sondages.fr/notices/files/notices/2026/aout/10246-pres-cluster17-le-grand-continent-31-aout.pdf,https://fr.wikipedia.org/wiki/Liste_de_sondages_sur_l%27%C3%A9lection_pr%C3%A9sidentielle_fran%C3%A7aise_de_2027,primary,2026-10-09T14:35Z,sha256:36a5d61c8c8f31f5d3044dbf1e73f4b0947a48ea2ed8e0174b70815a4ad78414
cluster17-2026-07-24-10246,cluster17,Le Grand Continent,2026-07-22,2026-07-24,2026-08-31,1506,online,likely,1,S2,arthaud,1.0,https://www.commission-des-sondages.fr/notices/files/notices/2026/aout/10246-pres-cluster17-le-grand-continent-31-aout.pdf,https://www.commission-des-sondages.fr/notices/files/notices/2026/aout/10246-pres-cluster17-le-grand-continent-31-aout.pdf,https://fr.wikipedia.org/wiki/Liste_de_sondages_sur_l%27%C3%A9lection_pr%C3%A9sidentielle_fran%C3%A7aise_de_2027,primary,2026-10-09T14:35Z,sha256:36a5d61c8c8f31f5d3044dbf1e73f4b0947a48ea2ed8e0174b70815a4ad78414
cluster17-2026-07-24-10246,cluster17,Le Grand Continent,2026-07-22,2026-07-24,2026-08-31,1506,online,likely,1,S2,attal,13.8,https://www.commission-des-sondages.fr/notices/files/notices/2026/aout/10246-pres-cluster17-le-grand-continent-31-aout.pdf,https://www.commission-des-sondages.fr/notices/files/notices/2026/aout/10246-pres-cluster17-le-grand-continent-31-aout.pdf,https://fr.wikipedia.org/wiki/Liste_de_sondages_sur_l%27%C3%A9lection_pr%C3%A9sidentielle_fran%C3%A7aise_de_2027,primary,2026-10-09T14:35Z,sha256:36a5d61c8c8f31f5d3044dbf1e73f4b0947a48ea2ed8e0174b70815a4ad78414
cluster17-2026-07-24-10246,cluster17,Le Grand Continent,2026-07-22,2026-07-24,2026-08-31,1506,online,likely,1,S2,dupont_aignan,4.0,https://www.commission-des-sondages.fr/notices/files/notices/2026/aout/10246-pres-cluster17-le-grand-continent-31-aout.pdf,https://www.commission-des-sondages.fr/notices/files/notices/2026/aout/10246-pres-cluster17-le-grand-continent-31-aout.pdf,https://fr.wikipedia.org/wiki/Liste_de_sondages_sur_l%27%C3%A9lection_pr%C3%A9sidentielle_fran%C3%A7aise_de_2027,primary,2026-10-09T14:35Z,sha256:36a5d61c8c8f31f5d3044dbf1e73f4b0947a48ea2ed8e0174b70815a4ad78414
cluster17-2026-07-24-10246,cluster17,Le Grand Continent,2026-07-22,2026-07-24,2026-08-31,1506,online,likely,1,S2,glucksmann,10.3,https://www.commission-des-sondages.fr/notices/files/notices/2026/aout/10246-pres-cluster17-le-grand-continent-31-aout.pdf,https://www.commission-des-sondages.fr/notices/files/notices/2026/aout/10246-pres-cluster17-le-grand-continent-31-aout.pdf,https://fr.wikipedia.org/wiki/Liste_de_sondages_sur_l%27%C3%A9lection_pr%C3%A9sidentielle_fran%C3%A7aise_de_2027,primary,2026-10-09T14:35Z,sha256:36a5d61c8c8f31f5d3044dbf1e73f4b0947a48ea2ed8e0174b70815a4ad78414
cluster17-2026-07-24-10246,cluster17,Le Grand Continent,2026-07-22,2026-07-24,2026-08-31,1506,online,likely,1,S2,le_pen,29.9,https://www.commission-des-sondages.fr/notices/files/notices/2026/aout/10246-pres-cluster17-le-grand-continent-31-aout.pdf,https://www.commission-des-sondages.fr/notices/files/notices/2026/aout/10246-pres-cluster17-le-grand-continent-31-aout.pdf,https://fr.wikipedia.org/wiki/Liste_de_sondages_sur_l%27%C3%A9lection_pr%C3%A9sidentielle_fran%C3%A7aise_de_2027,primary,2026-10-09T14:35Z,sha256:36a5d61c8c8f31f5d3044dbf1e73f4b0947a48ea2ed8e0174b70815a4ad78414
cluster17-2026-07-24-10246,cluster17,Le Grand Continent,2026-07-22,2026-07-24,2026-08-31,1506,online,likely,1,S2,melenchon,18.3,https://www.commission-des-sondages.fr/notices/files/notices/2026/aout/10246-pres-cluster17-le-grand-continent-31-aout.pdf,https://www.commission-des-sondages.fr/notices/files/notices/2026/aout/10246-pres-cluster17-le-grand-continent-31-aout.pdf,https://fr.wikipedia.org/wiki/Liste_de_sondages_sur_l%27%C3%A9lection_pr%C3%A9sidentielle_fran%C3%A7aise_de_2027,primary,2026-10-09T14:35Z,sha256:36a5d61c8c8f31f5d3044dbf1e73f4b0947a48ea2ed8e0174b70815a4ad78414
cluster17-2026-07-24-10246,cluster17,Le Grand Continent,2026-07-22,2026-07-24,2026-08-31,1506,online,likely,1,S2,retailleau,9.7,https://www.commission-des-sondages.fr/notices/files/notices/2026/aout/10246-pres-cluster17-le-grand-continent-31-aout.pdf,https://www.commission-des-sondages.fr/notices/files/notices/2026/aout/10246-pres-cluster17-le-grand-continent-31-aout.pdf,https://fr.wikipedia.org/wiki/Liste_de_sondages_sur_l%27%C3%A9lection_pr%C3%A9sidentielle_fran%C3%A7aise_de_2027,primary,2026-10-09T14:35Z,sha256:36a5d61c8c8f31f5d3044dbf1e73f4b0947a48ea2ed8e0174b70815a4ad78414
cluster17-2026-07-24-10246,cluster17,Le Grand Continent,2026-07-22,2026-07-24,2026-08-31,1506,online,likely,1,S2,roussel,1.8,https://www.commission-des-sondages.fr/notices/files/notices/2026/aout/10246-pres-cluster17-le-grand-continent-31-aout.pdf,https://www.commission-des-sondages.fr/notices/files/notices/2026/aout/10246-pres-cluster17-le-grand-continent-31-aout.pdf,https://fr.wikipedia.org/wiki/Liste_de_sondages_sur_l%27%C3%A9lection_pr%C3%A9sidentielle_fran%C3%A7aise_de_2027,primary,2026-10-09T14:35Z,sha256:36a5d61c8c8f31f5d3044dbf1e73f4b0947a48ea2ed8e0174b70815a4ad78414
cluster17-2026-07-24-10246,cluster17,Le Grand Continent,2026-07-22,2026-07-24,2026-08-31,1506,online,likely,1,S2,tondelier,3.1,https://www.commission-des-sondages.fr/notices/files/notices/2026/aout/10246-pres-cluster17-le-grand-continent-31-aout.pdf,https://www.commission-des-sondages.fr/notices/files/notices/2026/aout/10246-pres-cluster17-le-grand-continent-31-aout.pdf,https://fr.wikipedia.org/wiki/Liste_de_sondages_sur_l%27%C3%A9lection_pr%C3%A9sidentielle_fran%C3%A7aise_de_2027,primary,2026-10-09T14:35Z,sha256:36a5d61c8c8f31f5d3044dbf1e73f4b0947a48ea2ed8e0174b70815a4ad78414
cluster17-2026-07-24-10246,cluster17,Le Grand Continent,2026-07-22,2026-07-24,2026-08-31,1506,online,likely,1,S2,villepin,3.9,https://www.commission-des-sondages.fr/notices/files/notices/2026/aout/10246-pres-cluster17-le-grand-continent-31-aout.pdf,https://www.commission-des-sondages.fr/notices/files/notices/2026/aout/10246-pres-cluster17-le-grand-continent-31-aout.pdf,https://fr.wikipedia.org/wiki/Liste_de_sondages_sur_l%27%C3%A9lection_pr%C3%A9sidentielle_fran%C3%A7aise_de_2027,primary,2026-10-09T14:35Z,sha256:36a5d61c8c8f31f5d3044dbf1e73f4b0947a48ea2ed8e0174b70815a4ad78414
cluster17-2026-07-24-10246,cluster17,Le Grand Continent,2026-07-22,2026-07-24,2026-08-31,1506,online,likely,1,S2,zemmour,4.2,https://www.commission-des-sondages.fr/notices/files/notices/2026/aout/10246-pres-cluster17-le-grand-continent-31-aout.pdf,https://www.commission-des-sondages.fr/notices/files/notices/2026/aout/10246-pres-cluster17-le-grand-continent-31-aout.pdf,https://fr.wikipedia.org/wiki/Liste_de_sondages_sur_l%27%C3%A9lection_pr%C3%A9sidentielle_fran%C3%A7aise_de_2027,primary,2026-10-09T14:35Z,sha256:36a5d61c8c8f31f5d3044dbf1e73f4b0947a48ea2ed8e0174b70815a4ad78414
cluster17-2026-07-24-10246,cluster17,Le Grand Continent,2026-07-22,2026-07-24,2026-08-31,1506,online,likely,2,H1,attal,43.8,https://www.commission-des-sondages.fr/notices/files/notices/2026/aout/10246-pres-cluster17-le-grand-continent-31-aout.pdf,https://www.commission-des-sondages.fr/notices/files/notices/2026/aout/10246-pres-cluster17-le-grand-continent-31-aout.pdf,https://fr.wikipedia.org/wiki/Liste_de_sondages_sur_l%27%C3%A9lection_pr%C3%A9sidentielle_fran%C3%A7aise_de_2027,primary,2026-10-09T14:35Z,sha256:36a5d61c8c8f31f5d3044dbf1e73f4b0947a48ea2ed8e0174b70815a4ad78414
cluster17-2026-07-24-10246,cluster17,Le Grand Continent,2026-07-22,2026-07-24,2026-08-31,1506,online,likely,2,H1,le_pen,56.2,https://www.commission-des-sondages.fr/notices/files/notices/2026/aout/10246-pres-cluster17-le-grand-continent-31-aout.pdf,https://www.commission-des-sondages.fr/notices/files/notices/2026/aout/10246-pres-cluster17-le-grand-continent-31-aout.pdf,https://fr.wikipedia.org/wiki/Liste_de_sondages_sur_l%27%C3%A9lection_pr%C3%A9sidentielle_fran%C3%A7aise_de_2027,primary,2026-10-09T14:35Z,sha256:36a5d61c8c8f31f5d3044dbf1e73f4b0947a48ea2ed8e0174b70815a4ad78414
cluster17-2026-07-24-10246,cluster17,Le Grand Continent,2026-07-22,2026-07-24,2026-08-31,1506,online,likely,2,H2,glucksmann,44.1,https://www.commission-des-sondages.fr/notices/files/notices/2026/aout/10246-pres-cluster17-le-grand-continent-31-aout.pdf,https://www.commission-des-sondages.fr/notices/files/notices/2026/aout/10246-pres-cluster17-le-grand-continent-31-aout.pdf,https://fr.wikipedia.org/wiki/Liste_de_sondages_sur_l%27%C3%A9lection_pr%C3%A9sidentielle_fran%C3%A7aise_de_2027,primary,2026-10-09T14:35Z,sha256:36a5d61c8c8f31f5d3044dbf1e73f4b0947a48ea2ed8e0174b70815a4ad78414
cluster17-2026-07-24-10246,cluster17,Le Grand Continent,2026-07-22,2026-07-24,2026-08-31,1506,online,likely,2,H2,le_pen,55.9,https://www.commission-des-sondages.fr/notices/files/notices/2026/aout/10246-pres-cluster17-le-grand-continent-31-aout.pdf,https://www.commission-des-sondages.fr/notices/files/notices/2026/aout/10246-pres-cluster17-le-grand-continent-31-aout.pdf,https://fr.wikipedia.org/wiki/Liste_de_sondages_sur_l%27%C3%A9lection_pr%C3%A9sidentielle_fran%C3%A7aise_de_2027,primary,2026-10-09T14:35Z,sha256:36a5d61c8c8f31f5d3044dbf1e73f4b0947a48ea2ed8e0174b70815a4ad78414
cluster17-2026-07-24-10246,cluster17,Le Grand Continent,2026-07-22,2026-07-24,2026-08-31,1506,online,likely,2,H3,le_pen,60.8,https://www.commission-des-sondages.fr/notices/files/notices/2026/aout/10246-pres-cluster17-le-grand-continent-31-aout.pdf,https://www.commission-des-sondages.fr/notices/files/notices/2026/aout/10246-pres-cluster17-le-grand-continent-31-aout.pdf,https://fr.wikipedia.org/wiki/Liste_de_sondages_sur_l%27%C3%A9lection_pr%C3%A9sidentielle_fran%C3%A7aise_de_2027,primary,2026-10-09T14:35Z,sha256:36a5d61c8c8f31f5d3044dbf1e73f4b0947a48ea2ed8e0174b70815a4ad78414
cluster17-2026-07-24-10246,cluster17,Le Grand Continent,2026-07-22,2026-07-24,2026-08-31,1506,online,likely,2,H3,melenchon,39.2,https://www.commission-des-sondages.fr/notices/files/notices/2026/aout/10246-pres-cluster17-le-grand-continent-31-aout.pdf,https://www.commission-des-sondages.fr/notices/files/notices/2026/aout/10246-pres-cluster17-le-grand-continent-31-aout.pdf,https://fr.wikipedia.org/wiki/Liste_de_sondages_sur_l%27%C3%A9lection_pr%C3%A9sidentielle_fran%C3%A7aise_de_2027,primary,2026-10-09T14:35Z,sha256:36a5d61c8c8f31f5d3044dbf1e73f4b0947a48ea2ed8e0174b70815a4ad78414
cluster17-2026-07-24-10246,cluster17,Le Grand Continent,2026-07-22,2026-07-24,2026-08-31,1506,online,likely,2,H4,le_pen,51.8,https://www.commission-des-sondages.fr/notices/files/notices/2026/aout/10246-pres-cluster17-le-grand-continent-31-aout.pdf,https://www.commission-des-sondages.fr/notices/files/notices/2026/aout/10246-pres-cluster17-le-grand-continent-31-aout.pdf,https://fr.wikipedia.org/wiki/Liste_de_sondages_sur_l%27%C3%A9lection_pr%C3%A9sidentielle_fran%C3%A7aise_de_2027,primary,2026-10-09T14:35Z,sha256:36a5d61c8c8f31f5d3044dbf1e73f4b0947a48ea2ed8e0174b70815a4ad78414
cluster17-2026-07-24-10246,cluster17,Le Grand Continent,2026-07-22,2026-07-24,2026-08-31,1506,online,likely,2,H4,philippe,48.2,https://www.commission-des-sondages.fr/notices/files/notices/2026/aout/10246-pres-cluster17-le-grand-continent-31-aout.pdf,https://www.commission-des-sondages.fr/notices/files/notices/2026/aout/10246-pres-cluster17-le-grand-continent-31-aout.pdf,https://fr.wikipedia.org/wiki/Liste_de_sondages_sur_l%27%C3%A9lection_pr%C3%A9sidentielle_fran%C3%A7aise_de_2027,primary,2026-10-09T14:35Z,sha256:36a5d61c8c8f31f5d3044dbf1e73f4b0947a48ea2ed8e0174b70815a4ad78414
cluster17-2026-07-24-10246,cluster17,Le Grand Continent,2026-07-22,2026-07-24,2026-08-31,1506,online,likely,2,H5,le_pen,57.1,https://www.commission-des-sondages.fr/notices/files/notices/2026/aout/10246-pres-cluster17-le-grand-continent-31-aout.pdf,https://www.commission-des-sondages.fr/notices/files/notices/2026/aout/10246-pres-cluster17-le-grand-continent-31-aout.pdf,https://fr.wikipedia.org/wiki/Liste_de_sondages_sur_l%27%C3%A9lection_pr%C3%A9sidentielle_fran%C3%A7aise_de_2027,primary,2026-10-09T14:35Z,sha256:36a5d61c8c8f31f5d3044dbf1e73f4b0947a48ea2ed8e0174b70815a4ad78414
cluster17-2026-07-24-10246,cluster17,Le Grand Continent,2026-07-22,2026-07-24,2026-08-31,1506,online,likely,2,H5,retailleau,42.9,https://www.commission-des-sondages.fr/notices/files/notices/2026/aout/10246-pres-cluster17-le-grand-continent-31-aout.pdf,https://www.commission-des-sondages.fr/notices/files/notices/2026/aout/10246-pres-cluster17-le-grand-continent-31-aout.pdf,https://fr.wikipedia.org/wiki/Liste_de_sondages_sur_l%27%C3%A9lection_pr%C3%A9sidentielle_fran%C3%A7aise_de_2027,primary,2026-10-09T14:35Z,sha256:36a5d61c8c8f31f5d3044dbf1e73f4b0947a48ea2ed8e0174b70815a4ad78414
cluster17-2026-09-01-10251,cluster17,Le Point,2026-08-31,2026-09-01,2026-09-05,1711,online,likely,1,S1,arthaud,0.9,https://www.commission-des-sondages.fr/notices/files/notices/2026/septembre/10251-pres-iv-cluster-17-le-point-5-septembre.pdf,https://www.commission-des-sondages.fr/notices/files/notices/2026/septembre/10251-pres-iv-cluster-17-le-point-5-septembre.pdf,https://fr.wikipedia.org/wiki/Liste_de_sondages_sur_l%27%C3%A9lection_pr%C3%A9sidentielle_fran%C3%A7aise_de_2027,primary,2026-10-09T14:35Z,sha256:9ad53dd509b922cae506aefcbbd55eaa5ae7bee8d2baa155f5c9156cea25fdc9
cluster17-2026-09-01-10251,cluster17,Le Point,2026-08-31,2026-09-01,2026-09-05,1711,online,likely,1,S1,dupont_aignan,2.9,https://www.commission-des-sondages.fr/notices/files/notices/2026/septembre/10251-pres-iv-cluster-17-le-point-5-septembre.pdf,https://www.commission-des-sondages.fr/notices/files/notices/2026/septembre/10251-pres-iv-cluster-17-le-point-5-septembre.pdf,https://fr.wikipedia.org/wiki/Liste_de_sondages_sur_l%27%C3%A9lection_pr%C3%A9sidentielle_fran%C3%A7aise_de_2027,primary,2026-10-09T14:35Z,sha256:9ad53dd509b922cae506aefcbbd55eaa5ae7bee8d2baa155f5c9156cea25fdc9
cluster17-2026-09-01-10251,cluster17,Le Point,2026-08-31,2026-09-01,2026-09-05,1711,online,likely,1,S1,glucksmann,11.6,https://www.commission-des-sondages.fr/notices/files/notices/2026/septembre/10251-pres-iv-cluster-17-le-point-5-septembre.pdf,https://www.commission-des-sondages.fr/notices/files/notices/2026/septembre/10251-pres-iv-cluster-17-le-point-5-septembre.pdf,https://fr.wikipedia.org/wiki/Liste_de_sondages_sur_l%27%C3%A9lection_pr%C3%A9sidentielle_fran%C3%A7aise_de_2027,primary,2026-10-09T14:35Z,sha256:9ad53dd509b922cae506aefcbbd55eaa5ae7bee8d2baa155f5c9156cea25fdc9
cluster17-2026-09-01-10251,cluster17,Le Point,2026-08-31,2026-09-01,2026-09-05,1711,online,likely,1,S1,le_pen,30.0,https://www.commission-des-sondages.fr/notices/files/notices/2026/septembre/10251-pres-iv-cluster-17-le-point-5-septembre.pdf,https://www.commission-des-sondages.fr/notices/files/notices/2026/septembre/10251-pres-iv-cluster-17-le-point-5-septembre.pdf,https://fr.wikipedia.org/wiki/Liste_de_sondages_sur_l%27%C3%A9lection_pr%C3%A9sidentielle_fran%C3%A7aise_de_2027,primary,2026-10-09T14:35Z,sha256:9ad53dd509b922cae506aefcbbd55eaa5ae7bee8d2baa155f5c9156cea25fdc9
cluster17-2026-09-01-10251,cluster17,Le Point,2026-08-31,2026-09-01,2026-09-05,1711,online,likely,1,S1,melenchon,17.9,https://www.commission-des-sondages.fr/notices/files/notices/2026/septembre/10251-pres-iv-cluster-17-le-point-5-septembre.pdf,https://www.commission-des-sondages.fr/notices/files/notices/2026/septembre/10251-pres-iv-cluster-17-le-point-5-septembre.pdf,https://fr.wikipedia.org/wiki/Liste_de_sondages_sur_l%27%C3%A9lection_pr%C3%A9sidentielle_fran%C3%A7aise_de_2027,primary,2026-10-09T14:35Z,sha256:9ad53dd509b922cae506aefcbbd55eaa5ae7bee8d2baa155f5c9156cea25fdc9
cluster17-2026-09-01-10251,cluster17,Le Point,2026-08-31,2026-09-01,2026-09-05,1711,online,likely,1,S1,philippe,18.2,https://www.commission-des-sondages.fr/notices/files/notices/2026/septembre/10251-pres-iv-cluster-17-le-point-5-septembre.pdf,https://www.commission-des-sondages.fr/notices/files/notices/2026/septembre/10251-pres-iv-cluster-17-le-point-5-septembre.pdf,https://fr.wikipedia.org/wiki/Liste_de_sondages_sur_l%27%C3%A9lection_pr%C3%A9sidentielle_fran%C3%A7aise_de_2027,primary,2026-10-09T14:35Z,sha256:9ad53dd509b922cae506aefcbbd55eaa5ae7bee8d2baa155f5c9156cea25fdc9
cluster17-2026-09-01-10251,cluster17,Le Point,2026-08-31,2026-09-01,2026-09-05,1711,online,likely,1,S1,retailleau,7.5,https://www.commission-des-sondages.fr/notices/files/notices/2026/septembre/10251-pres-iv-cluster-17-le-point-5-septembre.pdf,https://www.commission-des-sondages.fr/notices/files/notices/2026/septembre/10251-pres-iv-cluster-17-le-point-5-septembre.pdf,https://fr.wikipedia.org/wiki/Liste_de_sondages_sur_l%27%C3%A9lection_pr%C3%A9sidentielle_fran%C3%A7aise_de_2027,primary,2026-10-09T14:35Z,sha256:9ad53dd509b922cae506aefcbbd55eaa5ae7bee8d2baa155f5c9156cea25fdc9
cluster17-2026-09-01-10251,cluster17,Le Point,2026-08-31,2026-09-01,2026-09-05,1711,online,likely,1,S1,roussel,2.1,https://www.commission-des-sondages.fr/notices/files/notices/2026/septembre/10251-pres-iv-cluster-17-le-point-5-septembre.pdf,https://www.commission-des-sondages.fr/notices/files/notices/2026/septembre/10251-pres-iv-cluster-17-le-point-5-septembre.pdf,https://fr.wikipedia.org/wiki/Liste_de_sondages_sur_l%27%C3%A9lection_pr%C3%A9sidentielle_fran%C3%A7aise_de_2027,primary,2026-10-09T14:35Z,sha256:9ad53dd509b922cae506aefcbbd55eaa5ae7bee8d2baa155f5c9156cea25fdc9
cluster17-2026-09-01-10251,cluster17,Le Point,2026-08-31,2026-09-01,2026-09-05,1711,online,likely,1,S1,tondelier,2.2,https://www.commission-des-sondages.fr/notices/files/notices/2026/septembre/10251-pres-iv-cluster-17-le-point-5-septembre.pdf,https://www.commission-des-sondages.fr/notices/files/notices/2026/septembre/10251-pres-iv-cluster-17-le-point-5-septembre.pdf,https://fr.wikipedia.org/wiki/Liste_de_sondages_sur_l%27%C3%A9lection_pr%C3%A9sidentielle_fran%C3%A7aise_de_2027,primary,2026-10-09T14:35Z,sha256:9ad53dd509b922cae506aefcbbd55eaa5ae7bee8d2baa155f5c9156cea25fdc9
cluster17-2026-09-01-10251,cluster17,Le Point,2026-08-31,2026-09-01,2026-09-05,1711,online,likely,1,S1,villepin,3.2,https://www.commission-des-sondages.fr/notices/files/notices/2026/septembre/10251-pres-iv-cluster-17-le-point-5-septembre.pdf,https://www.commission-des-sondages.fr/notices/files/notices/2026/septembre/10251-pres-iv-cluster-17-le-point-5-septembre.pdf,https://fr.wikipedia.org/wiki/Liste_de_sondages_sur_l%27%C3%A9lection_pr%C3%A9sidentielle_fran%C3%A7aise_de_2027,primary,2026-10-09T14:35Z,sha256:9ad53dd509b922cae506aefcbbd55eaa5ae7bee8d2baa155f5c9156cea25fdc9
cluster17-2026-09-01-10251,cluster17,Le Point,2026-08-31,2026-09-01,2026-09-05,1711,online,likely,1,S1,zemmour,3.5,https://www.commission-des-sondages.fr/notices/files/notices/2026/septembre/10251-pres-iv-cluster-17-le-point-5-septembre.pdf,https://www.commission-des-sondages.fr/notices/files/notices/2026/septembre/10251-pres-iv-cluster-17-le-point-5-septembre.pdf,https://fr.wikipedia.org/wiki/Liste_de_sondages_sur_l%27%C3%A9lection_pr%C3%A9sidentielle_fran%C3%A7aise_de_2027,primary,2026-10-09T14:35Z,sha256:9ad53dd509b922cae506aefcbbd55eaa5ae7bee8d2baa155f5c9156cea25fdc9
cluster17-2026-09-01-10251,cluster17,Le Point,2026-08-31,2026-09-01,2026-09-05,1711,online,likely,1,S2,arthaud,0.9,https://www.commission-des-sondages.fr/notices/files/notices/2026/septembre/10251-pres-iv-cluster-17-le-point-5-septembre.pdf,https://www.commission-des-sondages.fr/notices/files/notices/2026/septembre/10251-pres-iv-cluster-17-le-point-5-septembre.pdf,https://fr.wikipedia.org/wiki/Liste_de_sondages_sur_l%27%C3%A9lection_pr%C3%A9sidentielle_fran%C3%A7aise_de_2027,primary,2026-10-09T14:35Z,sha256:9ad53dd509b922cae506aefcbbd55eaa5ae7bee8d2baa155f5c9156cea25fdc9
cluster17-2026-09-01-10251,cluster17,Le Point,2026-08-31,2026-09-01,2026-09-05,1711,online,likely,1,S2,attal,13.5,https://www.commission-des-sondages.fr/notices/files/notices/2026/septembre/10251-pres-iv-cluster-17-le-point-5-septembre.pdf,https://www.commission-des-sondages.fr/notices/files/notices/2026/septembre/10251-pres-iv-cluster-17-le-point-5-septembre.pdf,https://fr.wikipedia.org/wiki/Liste_de_sondages_sur_l%27%C3%A9lection_pr%C3%A9sidentielle_fran%C3%A7aise_de_2027,primary,2026-10-09T14:35Z,sha256:9ad53dd509b922cae506aefcbbd55eaa5ae7bee8d2baa155f5c9156cea25fdc9
cluster17-2026-09-01-10251,cluster17,Le Point,2026-08-31,2026-09-01,2026-09-05,1711,online,likely,1,S2,dupont_aignan,2.8,https://www.commission-des-sondages.fr/notices/files/notices/2026/septembre/10251-pres-iv-cluster-17-le-point-5-septembre.pdf,https://www.commission-des-sondages.fr/notices/files/notices/2026/septembre/10251-pres-iv-cluster-17-le-point-5-septembre.pdf,https://fr.wikipedia.org/wiki/Liste_de_sondages_sur_l%27%C3%A9lection_pr%C3%A9sidentielle_fran%C3%A7aise_de_2027,primary,2026-10-09T14:35Z,sha256:9ad53dd509b922cae506aefcbbd55eaa5ae7bee8d2baa155f5c9156cea25fdc9
cluster17-2026-09-01-10251,cluster17,Le Point,2026-08-31,2026-09-01,2026-09-05,1711,online,likely,1,S2,glucksmann,11.5,https://www.commission-des-sondages.fr/notices/files/notices/2026/septembre/10251-pres-iv-cluster-17-le-point-5-septembre.pdf,https://www.commission-des-sondages.fr/notices/files/notices/2026/septembre/10251-pres-iv-cluster-17-le-point-5-septembre.pdf,https://fr.wikipedia.org/wiki/Liste_de_sondages_sur_l%27%C3%A9lection_pr%C3%A9sidentielle_fran%C3%A7aise_de_2027,primary,2026-10-09T14:35Z,sha256:9ad53dd509b922cae506aefcbbd55eaa5ae7bee8d2baa155f5c9156cea25fdc9
cluster17-2026-09-01-10251,cluster17,Le Point,2026-08-31,2026-09-01,2026-09-05,1711,online,likely,1,S2,le_pen,31.6,https://www.commission-des-sondages.fr/notices/files/notices/2026/septembre/10251-pres-iv-cluster-17-le-point-5-septembre.pdf,https://www.commission-des-sondages.fr/notices/files/notices/2026/septembre/10251-pres-iv-cluster-17-le-point-5-septembre.pdf,https://fr.wikipedia.org/wiki/Liste_de_sondages_sur_l%27%C3%A9lection_pr%C3%A9sidentielle_fran%C3%A7aise_de_2027,primary,2026-10-09T14:35Z,sha256:9ad53dd509b922cae506aefcbbd55eaa5ae7bee8d2baa155f5c9156cea25fdc9
cluster17-2026-09-01-10251,cluster17,Le Point,2026-08-31,2026-09-01,2026-09-05,1711,online,likely,1,S2,melenchon,18.2,https://www.commission-des-sondages.fr/notices/files/notices/2026/septembre/10251-pres-iv-cluster-17-le-point-5-septembre.pdf,https://www.commission-des-sondages.fr/notices/files/notices/2026/septembre/10251-pres-iv-cluster-17-le-point-5-septembre.pdf,https://fr.wikipedia.org/wiki/Liste_de_sondages_sur_l%27%C3%A9lection_pr%C3%A9sidentielle_fran%C3%A7aise_de_2027,primary,2026-10-09T14:35Z,sha256:9ad53dd509b922cae506aefcbbd55eaa5ae7bee8d2baa155f5c9156cea25fdc9
cluster17-2026-09-01-10251,cluster17,Le Point,2026-08-31,2026-09-01,2026-09-05,1711,online,likely,1,S2,retailleau,8.9,https://www.commission-des-sondages.fr/notices/files/notices/2026/septembre/10251-pres-iv-cluster-17-le-point-5-septembre.pdf,https://www.commission-des-sondages.fr/notices/files/notices/2026/septembre/10251-pres-iv-cluster-17-le-point-5-septembre.pdf,https://fr.wikipedia.org/wiki/Liste_de_sondages_sur_l%27%C3%A9lection_pr%C3%A9sidentielle_fran%C3%A7aise_de_2027,primary,2026-10-09T14:35Z,sha256:9ad53dd509b922cae506aefcbbd55eaa5ae7bee8d2baa155f5c9156cea25fdc9
cluster17-2026-09-01-10251,cluster17,Le Point,2026-08-31,2026-09-01,2026-09-05,1711,online,likely,1,S2,roussel,2.1,https://www.commission-des-sondages.fr/notices/files/notices/2026/septembre/10251-pres-iv-cluster-17-le-point-5-septembre.pdf,https://www.commission-des-sondages.fr/notices/files/notices/2026/septembre/10251-pres-iv-cluster-17-le-point-5-septembre.pdf,https://fr.wikipedia.org/wiki/Liste_de_sondages_sur_l%27%C3%A9lection_pr%C3%A9sidentielle_fran%C3%A7aise_de_2027,primary,2026-10-09T14:35Z,sha256:9ad53dd509b922cae506aefcbbd55eaa5ae7bee8d2baa155f5c9156cea25fdc9
cluster17-2026-09-01-10251,cluster17,Le Point,2026-08-31,2026-09-01,2026-09-05,1711,online,likely,1,S2,tondelier,2.5,https://www.commission-des-sondages.fr/notices/files/notices/2026/septembre/10251-pres-iv-cluster-17-le-point-5-septembre.pdf,https://www.commission-des-sondages.fr/notices/files/notices/2026/septembre/10251-pres-iv-cluster-17-le-point-5-septembre.pdf,https://fr.wikipedia.org/wiki/Liste_de_sondages_sur_l%27%C3%A9lection_pr%C3%A9sidentielle_fran%C3%A7aise_de_2027,primary,2026-10-09T14:35Z,sha256:9ad53dd509b922cae506aefcbbd55eaa5ae7bee8d2baa155f5c9156cea25fdc9
cluster17-2026-09-01-10251,cluster17,Le Point,2026-08-31,2026-09-01,2026-09-05,1711,online,likely,1,S2,villepin,4.0,https://www.commission-des-sondages.fr/notices/files/notices/2026/septembre/10251-pres-iv-cluster-17-le-point-5-septembre.pdf,https://www.commission-des-sondages.fr/notices/files/notices/2026/septembre/10251-pres-iv-cluster-17-le-point-5-septembre.pdf,https://fr.wikipedia.org/wiki/Liste_de_sondages_sur_l%27%C3%A9lection_pr%C3%A9sidentielle_fran%C3%A7aise_de_2027,primary,2026-10-09T14:35Z,sha256:9ad53dd509b922cae506aefcbbd55eaa5ae7bee8d2baa155f5c9156cea25fdc9
cluster17-2026-09-01-10251,cluster17,Le Point,2026-08-31,2026-09-01,2026-09-05,1711,online,likely,1,S2,zemmour,4.0,https://www.commission-des-sondages.fr/notices/files/notices/2026/septembre/10251-pres-iv-cluster-17-le-point-5-septembre.pdf,https://www.commission-des-sondages.fr/notices/files/notices/2026/septembre/10251-pres-iv-cluster-17-le-point-5-septembre.pdf,https://fr.wikipedia.org/wiki/Liste_de_sondages_sur_l%27%C3%A9lection_pr%C3%A9sidentielle_fran%C3%A7aise_de_2027,primary,2026-10-09T14:35Z,sha256:9ad53dd509b922cae506aefcbbd55eaa5ae7bee8d2baa155f5c9156cea25fdc9
cluster17-2026-09-01-10251,cluster17,Le Point,2026-08-31,2026-09-01,2026-09-05,1711,online,likely,1,S3,arthaud,0.8,https://www.commission-des-sondages.fr/notices/files/notices/2026/septembre/10251-pres-iv-cluster-17-le-point-5-septembre.pdf,https://www.commission-des-sondages.fr/notices/files/notices/2026/septembre/10251-pres-iv-cluster-17-le-point-5-septembre.pdf,https://fr.wikipedia.org/wiki/Liste_de_sondages_sur_l%27%C3%A9lection_pr%C3%A9sidentielle_fran%C3%A7aise_de_2027,primary,2026-10-09T14:35Z,sha256:9ad53dd509b922cae506aefcbbd55eaa5ae7bee8d2baa155f5c9156cea25fdc9
cluster17-2026-09-01-10251,cluster17,Le Point,2026-08-31,2026-09-01,2026-09-05,1711,online,likely,1,S3,dupont_aignan,2.2,https://www.commission-des-sondages.fr/notices/files/notices/2026/septembre/10251-pres-iv-cluster-17-le-point-5-septembre.pdf,https://www.commission-des-sondages.fr/notices/files/notices/2026/septembre/10251-pres-iv-cluster-17-le-point-5-septembre.pdf,https://fr.wikipedia.org/wiki/Liste_de_sondages_sur_l%27%C3%A9lection_pr%C3%A9sidentielle_fran%C3%A7aise_de_2027,primary,2026-10-09T14:35Z,sha256:9ad53dd509b922cae506aefcbbd55eaa5ae7bee8d2baa155f5c9156cea25fdc9
cluster17-2026-09-01-10251,cluster17,Le Point,2026-08-31,2026-09-01,2026-09-05,1711,online,likely,1,S3,glucksmann,10.8,https://www.commission-des-sondages.fr/notices/files/notices/2026/septembre/10251-pres-iv-cluster-17-le-point-5-septembre.pdf,https://www.commission-des-sondages.fr/notices/files/notices/2026/septembre/10251-pres-iv-cluster-17-le-point-5-septembre.pdf,https://fr.wikipedia.org/wiki/Liste_de_sondages_sur_l%27%C3%A9lection_pr%C3%A9sidentielle_fran%C3%A7aise_de_2027,primary,2026-10-09T14:35Z,sha256:9ad53dd509b922cae506aefcbbd55eaa5ae7bee8d2baa155f5c9156cea25fdc9
cluster17-2026-09-01-10251,cluster17,Le Point,2026-08-31,2026-09-01,2026-09-05,1711,online,likely,1,S3,le_pen,29.2,https://www.commission-des-sondages.fr/notices/files/notices/2026/septembre/10251-pres-iv-cluster-17-le-point-5-septembre.pdf,https://www.commission-des-sondages.fr/notices/files/notices/2026/septembre/10251-pres-iv-cluster-17-le-point-5-septembre.pdf,https://fr.wikipedia.org/wiki/Liste_de_sondages_sur_l%27%C3%A9lection_pr%C3%A9sidentielle_fran%C3%A7aise_de_2027,primary,2026-10-09T14:35Z,sha256:9ad53dd509b922cae506aefcbbd55eaa5ae7bee8d2baa155f5c9156cea25fdc9
cluster17-2026-09-01-10251,cluster17,Le Point,2026-08-31,2026-09-01,2026-09-05,1711,online,likely,1,S3,lisnard,4.2,https://www.commission-des-sondages.fr/notices/files/notices/2026/septembre/10251-pres-iv-cluster-17-le-point-5-septembre.pdf,https://www.commission-des-sondages.fr/notices/files/notices/2026/septembre/10251-pres-iv-cluster-17-le-point-5-septembre.pdf,https://fr.wikipedia.org/wiki/Liste_de_sondages_sur_l%27%C3%A9lection_pr%C3%A9sidentielle_fran%C3%A7aise_de_2027,primary,2026-10-09T14:35Z,sha256:9ad53dd509b922cae506aefcbbd55eaa5ae7bee8d2baa155f5c9156cea25fdc9
cluster17-2026-09-01-10251,cluster17,Le Point,2026-08-31,2026-09-01,2026-09-05,1711,online,likely,1,S3,melenchon,16.9,https://www.commission-des-sondages.fr/notices/files/notices/2026/septembre/10251-pres-iv-cluster-17-le-point-5-septembre.pdf,https://www.commission-des-sondages.fr/notices/files/notices/2026/septembre/10251-pres-iv-cluster-17-le-point-5-septembre.pdf,https://fr.wikipedia.org/wiki/Liste_de_sondages_sur_l%27%C3%A9lection_pr%C3%A9sidentielle_fran%C3%A7aise_de_2027,primary,2026-10-09T14:35Z,sha256:9ad53dd509b922cae506aefcbbd55eaa5ae7bee8d2baa155f5c9156cea25fdc9
cluster17-2026-09-01-10251,cluster17,Le Point,2026-08-31,2026-09-01,2026-09-05,1711,online,likely,1,S3,philippe,16.8,https://www.commission-des-sondages.fr/notices/files/notices/2026/septembre/10251-pres-iv-cluster-17-le-point-5-septembre.pdf,https://www.commission-des-sondages.fr/notices/files/notices/2026/septembre/10251-pres-iv-cluster-17-le-point-5-septembre.pdf,https://fr.wikipedia.org/wiki/Liste_de_sondages_sur_l%27%C3%A9lection_pr%C3%A9sidentielle_fran%C3%A7aise_de_2027,primary,2026-10-09T14:35Z,sha256:9ad53dd509b922cae506aefcbbd55eaa5ae7bee8d2baa155f5c9156cea25fdc9
cluster17-2026-09-01-10251,cluster17,Le Point,2026-08-31,2026-09-01,2026-09-05,1711,online,likely,1,S3,retailleau,6.5,https://www.commission-des-sondages.fr/notices/files/notices/2026/septembre/10251-pres-iv-cluster-17-le-point-5-septembre.pdf,https://www.commission-des-sondages.fr/notices/files/notices/2026/septembre/10251-pres-iv-cluster-17-le-point-5-septembre.pdf,https://fr.wikipedia.org/wiki/Liste_de_sondages_sur_l%27%C3%A9lection_pr%C3%A9sidentielle_fran%C3%A7aise_de_2027,primary,2026-10-09T14:35Z,sha256:9ad53dd509b922cae506aefcbbd55eaa5ae7bee8d2baa155f5c9156cea25fdc9
cluster17-2026-09-01-10251,cluster17,Le Point,2026-08-31,2026-09-01,2026-09-05,1711,online,likely,1,S3,roussel,1.9,https://www.commission-des-sondages.fr/notices/files/notices/2026/septembre/10251-pres-iv-cluster-17-le-point-5-septembre.pdf,https://www.commission-des-sondages.fr/notices/files/notices/2026/septembre/10251-pres-iv-cluster-17-le-point-5-septembre.pdf,https://fr.wikipedia.org/wiki/Liste_de_sondages_sur_l%27%C3%A9lection_pr%C3%A9sidentielle_fran%C3%A7aise_de_2027,primary,2026-10-09T14:35Z,sha256:9ad53dd509b922cae506aefcbbd55eaa5ae7bee8d2baa155f5c9156cea25fdc9
cluster17-2026-09-01-10251,cluster17,Le Point,2026-08-31,2026-09-01,2026-09-05,1711,online,likely,1,S3,ruffin,3.9,https://www.commission-des-sondages.fr/notices/files/notices/2026/septembre/10251-pres-iv-cluster-17-le-point-5-septembre.pdf,https://www.commission-des-sondages.fr/notices/files/notices/2026/septembre/10251-pres-iv-cluster-17-le-point-5-septembre.pdf,https://fr.wikipedia.org/wiki/Liste_de_sondages_sur_l%27%C3%A9lection_pr%C3%A9sidentielle_fran%C3%A7aise_de_2027,primary,2026-10-09T14:35Z,sha256:9ad53dd509b922cae506aefcbbd55eaa5ae7bee8d2baa155f5c9156cea25fdc9
cluster17-2026-09-01-10251,cluster17,Le Point,2026-08-31,2026-09-01,2026-09-05,1711,online,likely,1,S3,villepin,3.5,https://www.commission-des-sondages.fr/notices/files/notices/2026/septembre/10251-pres-iv-cluster-17-le-point-5-septembre.pdf,https://www.commission-des-sondages.fr/notices/files/notices/2026/septembre/10251-pres-iv-cluster-17-le-point-5-septembre.pdf,https://fr.wikipedia.org/wiki/Liste_de_sondages_sur_l%27%C3%A9lection_pr%C3%A9sidentielle_fran%C3%A7aise_de_2027,primary,2026-10-09T14:35Z,sha256:9ad53dd509b922cae506aefcbbd55eaa5ae7bee8d2baa155f5c9156cea25fdc9
cluster17-2026-09-01-10251,cluster17,Le Point,2026-08-31,2026-09-01,2026-09-05,1711,online,likely,1,S3,zemmour,3.3,https://www.commission-des-sondages.fr/notices/files/notices/2026/septembre/10251-pres-iv-cluster-17-le-point-5-septembre.pdf,https://www.commission-des-sondages.fr/notices/files/notices/2026/septembre/10251-pres-iv-cluster-17-le-point-5-septembre.pdf,https://fr.wikipedia.org/wiki/Liste_de_sondages_sur_l%27%C3%A9lection_pr%C3%A9sidentielle_fran%C3%A7aise_de_2027,primary,2026-10-09T14:35Z,sha256:9ad53dd509b922cae506aefcbbd55eaa5ae7bee8d2baa155f5c9156cea25fdc9
ipsos-bva-2026-09-02-10250,ipsos-bva,Le Parisien,2026-08-31,2026-09-02,2026-09-05,1500,online,likely,1,S1,arthaud,0.5,https://www.commission-des-sondages.fr/notices/files/notices/2026/septembre/10250-pres-iv-ipsos-bva-le-parisien-5-septembre.pdf,https://www.commission-des-sondages.fr/notices/files/notices/2026/septembre/10250-pres-iv-ipsos-bva-le-parisien-5-septembre.pdf,https://fr.wikipedia.org/wiki/Liste_de_sondages_sur_l%27%C3%A9lection_pr%C3%A9sidentielle_fran%C3%A7aise_de_2027,primary,2026-10-09T14:35Z,sha256:397fe23600af4e147e919c6b75311d7f793ea28f85eb662ac103fa8f793278bd
ipsos-bva-2026-09-02-10250,ipsos-bva,Le Parisien,2026-08-31,2026-09-02,2026-09-05,1500,online,likely,1,S1,attal,7.5,https://www.commission-des-sondages.fr/notices/files/notices/2026/septembre/10250-pres-iv-ipsos-bva-le-parisien-5-septembre.pdf,https://www.commission-des-sondages.fr/notices/files/notices/2026/septembre/10250-pres-iv-ipsos-bva-le-parisien-5-septembre.pdf,https://fr.wikipedia.org/wiki/Liste_de_sondages_sur_l%27%C3%A9lection_pr%C3%A9sidentielle_fran%C3%A7aise_de_2027,primary,2026-10-09T14:35Z,sha256:397fe23600af4e147e919c6b75311d7f793ea28f85eb662ac103fa8f793278bd
ipsos-bva-2026-09-02-10250,ipsos-bva,Le Parisien,2026-08-31,2026-09-02,2026-09-05,1500,online,likely,1,S1,dupont_aignan,2.0,https://www.commission-des-sondages.fr/notices/files/notices/2026/septembre/10250-pres-iv-ipsos-bva-le-parisien-5-septembre.pdf,https://www.commission-des-sondages.fr/notices/files/notices/2026/septembre/10250-pres-iv-ipsos-bva-le-parisien-5-septembre.pdf,https://fr.wikipedia.org/wiki/Liste_de_sondages_sur_l%27%C3%A9lection_pr%C3%A9sidentielle_fran%C3%A7aise_de_2027,primary,2026-10-09T14:35Z,sha256:397fe23600af4e147e919c6b75311d7f793ea28f85eb662ac103fa8f793278bd
ipsos-bva-2026-09-02-10250,ipsos-bva,Le Parisien,2026-08-31,2026-09-02,2026-09-05,1500,online,likely,1,S1,glucksmann,11.5,https://www.commission-des-sondages.fr/notices/files/notices/2026/septembre/10250-pres-iv-ipsos-bva-le-parisien-5-septembre.pdf,https://www.commission-des-sondages.fr/notices/files/notices/2026/septembre/10250-pres-iv-ipsos-bva-le-parisien-5-septembre.pdf,https://fr.wikipedia.org/wiki/Liste_de_sondages_sur_l%27%C3%A9lection_pr%C3%A9sidentielle_fran%C3%A7aise_de_2027,primary,2026-10-09T14:35Z,sha256:397fe23600af4e147e919c6b75311d7f793ea28f85eb662ac103fa8f793278bd
ipsos-bva-2026-09-02-10250,ipsos-bva,Le Parisien,2026-08-31,2026-09-02,2026-09-05,1500,online,likely,1,S1,le_pen,34.0,https://www.commission-des-sondages.fr/notices/files/notices/2026/septembre/10250-pres-iv-ipsos-bva-le-parisien-5-septembre.pdf,https://www.commission-des-sondages.fr/notices/files/notices/2026/septembre/10250-pres-iv-ipsos-bva-le-parisien-5-septembre.pdf,https://fr.wikipedia.org/wiki/Liste_de_sondages_sur_l%27%C3%A9lection_pr%C3%A9sidentielle_fran%C3%A7aise_de_2027,primary,2026-10-09T14:35Z,sha256:397fe23600af4e147e919c6b75311d7f793ea28f85eb662ac103fa8f793278bd
ipsos-bva-2026-09-02-10250,ipsos-bva,Le Parisien,2026-08-31,2026-09-02,2026-09-05,1500,online,likely,1,S1,melenchon,15.0,https://www.commission-des-sondages.fr/notices/files/notices/2026/septembre/10250-pres-iv-ipsos-bva-le-parisien-5-septembre.pdf,https://www.commission-des-sondages.fr/notices/files/notices/2026/septembre/10250-pres-iv-ipsos-bva-le-parisien-5-septembre.pdf,https://fr.wikipedia.org/wiki/Liste_de_sondages_sur_l%27%C3%A9lection_pr%C3%A9sidentielle_fran%C3%A7aise_de_2027,primary,2026-10-09T14:35Z,sha256:397fe23600af4e147e919c6b75311d7f793ea28f85eb662ac103fa8f793278bd
ipsos-bva-2026-09-02-10250,ipsos-bva,Le Parisien,2026-08-31,2026-09-02,2026-09-05,1500,online,likely,1,S1,philippe,14.5,https://www.commission-des-sondages.fr/notices/files/notices/2026/septembre/10250-pres-iv-ipsos-bva-le-parisien-5-septembre.pdf,https://www.commission-des-sondages.fr/notices/files/notices/2026/septembre/10250-pres-iv-ipsos-bva-le-parisien-5-septembre.pdf,https://fr.wikipedia.org/wiki/Liste_de_sondages_sur_l%27%C3%A9lection_pr%C3%A9sidentielle_fran%C3%A7aise_de_2027,primary,2026-10-09T14:35Z,sha256:397fe23600af4e147e919c6b75311d7f793ea28f85eb662ac103fa8f793278bd
ipsos-bva-2026-09-02-10250,ipsos-bva,Le Parisien,2026-08-31,2026-09-02,2026-09-05,1500,online,likely,1,S1,retailleau,6.0,https://www.commission-des-sondages.fr/notices/files/notices/2026/septembre/10250-pres-iv-ipsos-bva-le-parisien-5-septembre.pdf,https://www.commission-des-sondages.fr/notices/files/notices/2026/septembre/10250-pres-iv-ipsos-bva-le-parisien-5-septembre.pdf,https://fr.wikipedia.org/wiki/Liste_de_sondages_sur_l%27%C3%A9lection_pr%C3%A9sidentielle_fran%C3%A7aise_de_2027,primary,2026-10-09T14:35Z,sha256:397fe23600af4e147e919c6b75311d7f793ea28f85eb662ac103fa8f793278bd
ipsos-bva-2026-09-02-10250,ipsos-bva,Le Parisien,2026-08-31,2026-09-02,2026-09-05,1500,online,likely,1,S1,roussel,2.5,https://www.commission-des-sondages.fr/notices/files/notices/2026/septembre/10250-pres-iv-ipsos-bva-le-parisien-5-septembre.pdf,https://www.commission-des-sondages.fr/notices/files/notices/2026/septembre/10250-pres-iv-ipsos-bva-le-parisien-5-septembre.pdf,https://fr.wikipedia.org/wiki/Liste_de_sondages_sur_l%27%C3%A9lection_pr%C3%A9sidentielle_fran%C3%A7aise_de_2027,primary,2026-10-09T14:35Z,sha256:397fe23600af4e147e919c6b75311d7f793ea28f85eb662ac103fa8f793278bd
ipsos-bva-2026-09-02-10250,ipsos-bva,Le Parisien,2026-08-31,2026-09-02,2026-09-05,1500,online,likely,1,S1,tondelier,3.5,https://www.commission-des-sondages.fr/notices/files/notices/2026/septembre/10250-pres-iv-ipsos-bva-le-parisien-5-septembre.pdf,https://www.commission-des-sondages.fr/notices/files/notices/2026/septembre/10250-pres-iv-ipsos-bva-le-parisien-5-septembre.pdf,https://fr.wikipedia.org/wiki/Liste_de_sondages_sur_l%27%C3%A9lection_pr%C3%A9sidentielle_fran%C3%A7aise_de_2027,primary,2026-10-09T14:35Z,sha256:397fe23600af4e147e919c6b75311d7f793ea28f85eb662ac103fa8f793278bd
ipsos-bva-2026-09-02-10250,ipsos-bva,Le Parisien,2026-08-31,2026-09-02,2026-09-05,1500,online,likely,1,S1,zemmour,3.0,https://www.commission-des-sondages.fr/notices/files/notices/2026/septembre/10250-pres-iv-ipsos-bva-le-parisien-5-septembre.pdf,https://www.commission-des-sondages.fr/notices/files/notices/2026/septembre/10250-pres-iv-ipsos-bva-le-parisien-5-septembre.pdf,https://fr.wikipedia.org/wiki/Liste_de_sondages_sur_l%27%C3%A9lection_pr%C3%A9sidentielle_fran%C3%A7aise_de_2027,primary,2026-10-09T14:35Z,sha256:397fe23600af4e147e919c6b75311d7f793ea28f85eb662ac103fa8f793278bd
ipsos-bva-2026-09-02-10250,ipsos-bva,Le Parisien,2026-08-31,2026-09-02,2026-09-05,1500,online,likely,1,S2,arthaud,0.5,https://www.commission-des-sondages.fr/notices/files/notices/2026/septembre/10250-pres-iv-ipsos-bva-le-parisien-5-septembre.pdf,https://www.commission-des-sondages.fr/notices/files/notices/2026/septembre/10250-pres-iv-ipsos-bva-le-parisien-5-septembre.pdf,https://fr.wikipedia.org/wiki/Liste_de_sondages_sur_l%27%C3%A9lection_pr%C3%A9sidentielle_fran%C3%A7aise_de_2027,primary,2026-10-09T14:35Z,sha256:397fe23600af4e147e919c6b75311d7f793ea28f85eb662ac103fa8f793278bd
ipsos-bva-2026-09-02-10250,ipsos-bva,Le Parisien,2026-08-31,2026-09-02,2026-09-05,1500,online,likely,1,S2,dupont_aignan,2.0,https://www.commission-des-sondages.fr/notices/files/notices/2026/septembre/10250-pres-iv-ipsos-bva-le-parisien-5-septembre.pdf,https://www.commission-des-sondages.fr/notices/files/notices/2026/septembre/10250-pres-iv-ipsos-bva-le-parisien-5-septembre.pdf,https://fr.wikipedia.org/wiki/Liste_de_sondages_sur_l%27%C3%A9lection_pr%C3%A9sidentielle_fran%C3%A7aise_de_2027,primary,2026-10-09T14:35Z,sha256:397fe23600af4e147e919c6b75311d7f793ea28f85eb662ac103fa8f793278bd
ipsos-bva-2026-09-02-10250,ipsos-bva,Le Parisien,2026-08-31,2026-09-02,2026-09-05,1500,online,likely,1,S2,glucksmann,12.0,https://www.commission-des-sondages.fr/notices/files/notices/2026/septembre/10250-pres-iv-ipsos-bva-le-parisien-5-septembre.pdf,https://www.commission-des-sondages.fr/notices/files/notices/2026/septembre/10250-pres-iv-ipsos-bva-le-parisien-5-septembre.pdf,https://fr.wikipedia.org/wiki/Liste_de_sondages_sur_l%27%C3%A9lection_pr%C3%A9sidentielle_fran%C3%A7aise_de_2027,primary,2026-10-09T14:35Z,sha256:397fe23600af4e147e919c6b75311d7f793ea28f85eb662ac103fa8f793278bd
ipsos-bva-2026-09-02-10250,ipsos-bva,Le Parisien,2026-08-31,2026-09-02,2026-09-05,1500,online,likely,1,S2,le_pen,34.5,https://www.commission-des-sondages.fr/notices/files/notices/2026/septembre/10250-pres-iv-ipsos-bva-le-parisien-5-septembre.pdf,https://www.commission-des-sondages.fr/notices/files/notices/2026/septembre/10250-pres-iv-ipsos-bva-le-parisien-5-septembre.pdf,https://fr.wikipedia.org/wiki/Liste_de_sondages_sur_l%27%C3%A9lection_pr%C3%A9sidentielle_fran%C3%A7aise_de_2027,primary,2026-10-09T14:35Z,sha256:397fe23600af4e147e919c6b75311d7f793ea28f85eb662ac103fa8f793278bd
ipsos-bva-2026-09-02-10250,ipsos-bva,Le Parisien,2026-08-31,2026-09-02,2026-09-05,1500,online,likely,1,S2,melenchon,15.0,https://www.commission-des-sondages.fr/notices/files/notices/2026/septembre/10250-pres-iv-ipsos-bva-le-parisien-5-septembre.pdf,https://www.commission-des-sondages.fr/notices/files/notices/2026/septembre/10250-pres-iv-ipsos-bva-le-parisien-5-septembre.pdf,https://fr.wikipedia.org/wiki/Liste_de_sondages_sur_l%27%C3%A9lection_pr%C3%A9sidentielle_fran%C3%A7aise_de_2027,primary,2026-10-09T14:35Z,sha256:397fe23600af4e147e919c6b75311d7f793ea28f85eb662ac103fa8f793278bd
ipsos-bva-2026-09-02-10250,ipsos-bva,Le Parisien,2026-08-31,2026-09-02,2026-09-05,1500,online,likely,1,S2,philippe,19.0,https://www.commission-des-sondages.fr/notices/files/notices/2026/septembre/10250-pres-iv-ipsos-bva-le-parisien-5-septembre.pdf,https://www.commission-des-sondages.fr/notices/files/notices/2026/septembre/10250-pres-iv-ipsos-bva-le-parisien-5-septembre.pdf,https://fr.wikipedia.org/wiki/Liste_de_sondages_sur_l%27%C3%A9lection_pr%C3%A9sidentielle_fran%C3%A7aise_de_2027,primary,2026-10-09T14:35Z,sha256:397fe23600af4e147e919c6b75311d7f793ea28f85eb662ac103fa8f793278bd
ipsos-bva-2026-09-02-10250,ipsos-bva,Le Parisien,2026-08-31,2026-09-02,2026-09-05,1500,online,likely,1,S2,retailleau,7.5,https://www.commission-des-sondages.fr/notices/files/notices/2026/septembre/10250-pres-iv-ipsos-bva-le-parisien-5-septembre.pdf,https://www.commission-des-sondages.fr/notices/files/notices/2026/septembre/10250-pres-iv-ipsos-bva-le-parisien-5-septembre.pdf,https://fr.wikipedia.org/wiki/Liste_de_sondages_sur_l%27%C3%A9lection_pr%C3%A9sidentielle_fran%C3%A7aise_de_2027,primary,2026-10-09T14:35Z,sha256:397fe23600af4e147e919c6b75311d7f793ea28f85eb662ac103fa8f793278bd
ipsos-bva-2026-09-02-10250,ipsos-bva,Le Parisien,2026-08-31,2026-09-02,2026-09-05,1500,online,likely,1,S2,roussel,2.5,https://www.commission-des-sondages.fr/notices/files/notices/2026/septembre/10250-pres-iv-ipsos-bva-le-parisien-5-septembre.pdf,https://www.commission-des-sondages.fr/notices/files/notices/2026/septembre/10250-pres-iv-ipsos-bva-le-parisien-5-septembre.pdf,https://fr.wikipedia.org/wiki/Liste_de_sondages_sur_l%27%C3%A9lection_pr%C3%A9sidentielle_fran%C3%A7aise_de_2027,primary,2026-10-09T14:35Z,sha256:397fe23600af4e147e919c6b75311d7f793ea28f85eb662ac103fa8f793278bd
ipsos-bva-2026-09-02-10250,ipsos-bva,Le Parisien,2026-08-31,2026-09-02,2026-09-05,1500,online,likely,1,S2,tondelier,4.0,https://www.commission-des-sondages.fr/notices/files/notices/2026/septembre/10250-pres-iv-ipsos-bva-le-parisien-5-septembre.pdf,https://www.commission-des-sondages.fr/notices/files/notices/2026/septembre/10250-pres-iv-ipsos-bva-le-parisien-5-septembre.pdf,https://fr.wikipedia.org/wiki/Liste_de_sondages_sur_l%27%C3%A9lection_pr%C3%A9sidentielle_fran%C3%A7aise_de_2027,primary,2026-10-09T14:35Z,sha256:397fe23600af4e147e919c6b75311d7f793ea28f85eb662ac103fa8f793278bd
ipsos-bva-2026-09-02-10250,ipsos-bva,Le Parisien,2026-08-31,2026-09-02,2026-09-05,1500,online,likely,1,S2,zemmour,3.0,https://www.commission-des-sondages.fr/notices/files/notices/2026/septembre/10250-pres-iv-ipsos-bva-le-parisien-5-septembre.pdf,https://www.commission-des-sondages.fr/notices/files/notices/2026/septembre/10250-pres-iv-ipsos-bva-le-parisien-5-septembre.pdf,https://fr.wikipedia.org/wiki/Liste_de_sondages_sur_l%27%C3%A9lection_pr%C3%A9sidentielle_fran%C3%A7aise_de_2027,primary,2026-10-09T14:35Z,sha256:397fe23600af4e147e919c6b75311d7f793ea28f85eb662ac103fa8f793278bd
ipsos-bva-2026-09-02-10250,ipsos-bva,Le Parisien,2026-08-31,2026-09-02,2026-09-05,1500,online,likely,1,S3,arthaud,0.5,https://www.commission-des-sondages.fr/notices/files/notices/2026/septembre/10250-pres-iv-ipsos-bva-le-parisien-5-septembre.pdf,https://www.commission-des-sondages.fr/notices/files/notices/2026/septembre/10250-pres-iv-ipsos-bva-le-parisien-5-septembre.pdf,https://fr.wikipedia.org/wiki/Liste_de_sondages_sur_l%27%C3%A9lection_pr%C3%A9sidentielle_fran%C3%A7aise_de_2027,primary,2026-10-09T14:35Z,sha256:397fe23600af4e147e919c6b75311d7f793ea28f85eb662ac103fa8f793278bd
ipsos-bva-2026-09-02-10250,ipsos-bva,Le Parisien,2026-08-31,2026-09-02,2026-09-05,1500,online,likely,1,S3,attal,14.0,https://www.commission-des-sondages.fr/notices/files/notices/2026/septembre/10250-pres-iv-ipsos-bva-le-parisien-5-septembre.pdf,https://www.commission-des-sondages.fr/notices/files/notices/2026/septembre/10250-pres-iv-ipsos-bva-le-parisien-5-septembre.pdf,https://fr.wikipedia.org/wiki/Liste_de_sondages_sur_l%27%C3%A9lection_pr%C3%A9sidentielle_fran%C3%A7aise_de_2027,primary,2026-10-09T14:35Z,sha256:397fe23600af4e147e919c6b75311d7f793ea28f85eb662ac103fa8f793278bd
ipsos-bva-2026-09-02-10250,ipsos-bva,Le Parisien,2026-08-31,2026-09-02,2026-09-05,1500,online,likely,1,S3,dupont_aignan,2.5,https://www.commission-des-sondages.fr/notices/files/notices/2026/septembre/10250-pres-iv-ipsos-bva-le-parisien-5-septembre.pdf,https://www.commission-des-sondages.fr/notices/files/notices/2026/septembre/10250-pres-iv-ipsos-bva-le-parisien-5-septembre.pdf,https://fr.wikipedia.org/wiki/Liste_de_sondages_sur_l%27%C3%A9lection_pr%C3%A9sidentielle_fran%C3%A7aise_de_2027,primary,2026-10-09T14:35Z,sha256:397fe23600af4e147e919c6b75311d7f793ea28f85eb662ac103fa8f793278bd
ipsos-bva-2026-09-02-10250,ipsos-bva,Le Parisien,2026-08-31,2026-09-02,2026-09-05,1500,online,likely,1,S3,glucksmann,14.0,https://www.commission-des-sondages.fr/notices/files/notices/2026/septembre/10250-pres-iv-ipsos-bva-le-parisien-5-septembre.pdf,https://www.commission-des-sondages.fr/notices/files/notices/2026/septembre/10250-pres-iv-ipsos-bva-le-parisien-5-septembre.pdf,https://fr.wikipedia.org/wiki/Liste_de_sondages_sur_l%27%C3%A9lection_pr%C3%A9sidentielle_fran%C3%A7aise_de_2027,primary,2026-10-09T14:35Z,sha256:397fe23600af4e147e919c6b75311d7f793ea28f85eb662ac103fa8f793278bd
ipsos-bva-2026-09-02-10250,ipsos-bva,Le Parisien,2026-08-31,2026-09-02,2026-09-05,1500,online,likely,1,S3,le_pen,35.0,https://www.commission-des-sondages.fr/notices/files/notices/2026/septembre/10250-pres-iv-ipsos-bva-le-parisien-5-septembre.pdf,https://www.commission-des-sondages.fr/notices/files/notices/2026/septembre/10250-pres-iv-ipsos-bva-le-parisien-5-septembre.pdf,https://fr.wikipedia.org/wiki/Liste_de_sondages_sur_l%27%C3%A9lection_pr%C3%A9sidentielle_fran%C3%A7aise_de_2027,primary,2026-10-09T14:35Z,sha256:397fe23600af4e147e919c6b75311d7f793ea28f85eb662ac103fa8f793278bd
ipsos-bva-2026-09-02-10250,ipsos-bva,Le Parisien,2026-08-31,2026-09-02,2026-09-05,1500,online,likely,1,S3,melenchon,15.0,https://www.commission-des-sondages.fr/notices/files/notices/2026/septembre/10250-pres-iv-ipsos-bva-le-parisien-5-septembre.pdf,https://www.commission-des-sondages.fr/notices/files/notices/2026/septembre/10250-pres-iv-ipsos-bva-le-parisien-5-septembre.pdf,https://fr.wikipedia.org/wiki/Liste_de_sondages_sur_l%27%C3%A9lection_pr%C3%A9sidentielle_fran%C3%A7aise_de_2027,primary,2026-10-09T14:35Z,sha256:397fe23600af4e147e919c6b75311d7f793ea28f85eb662ac103fa8f793278bd
ipsos-bva-2026-09-02-10250,ipsos-bva,Le Parisien,2026-08-31,2026-09-02,2026-09-05,1500,online,likely,1,S3,retailleau,9.5,https://www.commission-des-sondages.fr/notices/files/notices/2026/septembre/10250-pres-iv-ipsos-bva-le-parisien-5-septembre.pdf,https://www.commission-des-sondages.fr/notices/files/notices/2026/septembre/10250-pres-iv-ipsos-bva-le-parisien-5-septembre.pdf,https://fr.wikipedia.org/wiki/Liste_de_sondages_sur_l%27%C3%A9lection_pr%C3%A9sidentielle_fran%C3%A7aise_de_2027,primary,2026-10-09T14:35Z,sha256:397fe23600af4e147e919c6b75311d7f793ea28f85eb662ac103fa8f793278bd
ipsos-bva-2026-09-02-10250,ipsos-bva,Le Parisien,2026-08-31,2026-09-02,2026-09-05,1500,online,likely,1,S3,roussel,2.5,https://www.commission-des-sondages.fr/notices/files/notices/2026/septembre/10250-pres-iv-ipsos-bva-le-parisien-5-septembre.pdf,https://www.commission-des-sondages.fr/notices/files/notices/2026/septembre/10250-pres-iv-ipsos-bva-le-parisien-5-septembre.pdf,https://fr.wikipedia.org/wiki/Liste_de_sondages_sur_l%27%C3%A9lection_pr%C3%A9sidentielle_fran%C3%A7aise_de_2027,primary,2026-10-09T14:35Z,sha256:397fe23600af4e147e919c6b75311d7f793ea28f85eb662ac103fa8f793278bd
ipsos-bva-2026-09-02-10250,ipsos-bva,Le Parisien,2026-08-31,2026-09-02,2026-09-05,1500,online,likely,1,S3,tondelier,4.0,https://www.commission-des-sondages.fr/notices/files/notices/2026/septembre/10250-pres-iv-ipsos-bva-le-parisien-5-septembre.pdf,https://www.commission-des-sondages.fr/notices/files/notices/2026/septembre/10250-pres-iv-ipsos-bva-le-parisien-5-septembre.pdf,https://fr.wikipedia.org/wiki/Liste_de_sondages_sur_l%27%C3%A9lection_pr%C3%A9sidentielle_fran%C3%A7aise_de_2027,primary,2026-10-09T14:35Z,sha256:397fe23600af4e147e919c6b75311d7f793ea28f85eb662ac103fa8f793278bd
ipsos-bva-2026-09-02-10250,ipsos-bva,Le Parisien,2026-08-31,2026-09-02,2026-09-05,1500,online,likely,1,S3,zemmour,3.0,https://www.commission-des-sondages.fr/notices/files/notices/2026/septembre/10250-pres-iv-ipsos-bva-le-parisien-5-septembre.pdf,https://www.commission-des-sondages.fr/notices/files/notices/2026/septembre/10250-pres-iv-ipsos-bva-le-parisien-5-septembre.pdf,https://fr.wikipedia.org/wiki/Liste_de_sondages_sur_l%27%C3%A9lection_pr%C3%A9sidentielle_fran%C3%A7aise_de_2027,primary,2026-10-09T14:35Z,sha256:397fe23600af4e147e919c6b75311d7f793ea28f85eb662ac103fa8f793278bd
ipsos-bva-2026-09-02-10250,ipsos-bva,Le Parisien,2026-08-31,2026-09-02,2026-09-05,1500,online,likely,1,S4,arthaud,1.0,https://www.commission-des-sondages.fr/notices/files/notices/2026/septembre/10250-pres-iv-ipsos-bva-le-parisien-5-septembre.pdf,https://www.commission-des-sondages.fr/notices/files/notices/2026/septembre/10250-pres-iv-ipsos-bva-le-parisien-5-septembre.pdf,https://fr.wikipedia.org/wiki/Liste_de_sondages_sur_l%27%C3%A9lection_pr%C3%A9sidentielle_fran%C3%A7aise_de_2027,primary,2026-10-09T14:35Z,sha256:397fe23600af4e147e919c6b75311d7f793ea28f85eb662ac103fa8f793278bd
ipsos-bva-2026-09-02-10250,ipsos-bva,Le Parisien,2026-08-31,2026-09-02,2026-09-05,1500,online,likely,1,S4,attal,8.5,https://www.commission-des-sondages.fr/notices/files/notices/2026/septembre/10250-pres-iv-ipsos-bva-le-parisien-5-septembre.pdf,https://www.commission-des-sondages.fr/notices/files/notices/2026/septembre/10250-pres-iv-ipsos-bva-le-parisien-5-septembre.pdf,https://fr.wikipedia.org/wiki/Liste_de_sondages_sur_l%27%C3%A9lection_pr%C3%A9sidentielle_fran%C3%A7aise_de_2027,primary,2026-10-09T14:35Z,sha256:397fe23600af4e147e919c6b75311d7f793ea28f85eb662ac103fa8f793278bd
ipsos-bva-2026-09-02-10250,ipsos-bva,Le Parisien,2026-08-31,2026-09-02,2026-09-05,1500,online,likely,1,S4,dupont_aignan,2.0,https://www.commission-des-sondages.fr/notices/files/notices/2026/septembre/10250-pres-iv-ipsos-bva-le-parisien-5-septembre.pdf,https://www.commission-des-sondages.fr/notices/files/notices/2026/septembre/10250-pres-iv-ipsos-bva-le-parisien-5-septembre.pdf,https://fr.wikipedia.org/wiki/Liste_de_sondages_sur_l%27%C3%A9lection_pr%C3%A9sidentielle_fran%C3%A7aise_de_2027,primary,2026-10-09T14:35Z,sha256:397fe23600af4e147e919c6b75311d7f793ea28f85eb662ac103fa8f793278bd
ipsos-bva-2026-09-02-10250,ipsos-bva,Le Parisien,2026-08-31,2026-09-02,2026-09-05,1500,online,likely,1,S4,faure,4.5,https://www.commission-des-sondages.fr/notices/files/notices/2026/septembre/10250-pres-iv-ipsos-bva-le-parisien-5-septembre.pdf,https://www.commission-des-sondages.fr/notices/files/notices/2026/septembre/10250-pres-iv-ipsos-bva-le-parisien-5-septembre.pdf,https://fr.wikipedia.org/wiki/Liste_de_sondages_sur_l%27%C3%A9lection_pr%C3%A9sidentielle_fran%C3%A7aise_de_2027,primary,2026-10-09T14:35Z,sha256:397fe23600af4e147e919c6b75311d7f793ea28f85eb662ac103fa8f793278bd
ipsos-bva-2026-09-02-10250,ipsos-bva,Le Parisien,2026-08-31,2026-09-02,2026-09-05,1500,online,likely,1,S4,le_pen,34.5,https://www.commission-des-sondages.fr/notices/files/notices/2026/septembre/10250-pres-iv-ipsos-bva-le-parisien-5-septembre.pdf,https://www.commission-des-sondages.fr/notices/files/notices/2026/septembre/10250-pres-iv-ipsos-bva-le-parisien-5-septembre.pdf,https://fr.wikipedia.org/wiki/Liste_de_sondages_sur_l%27%C3%A9lection_pr%C3%A9sidentielle_fran%C3%A7aise_de_2027,primary,2026-10-09T14:35Z,sha256:397fe23600af4e147e919c6b75311d7f793ea28f85eb662ac103fa8f793278bd
ipsos-bva-2026-09-02-10250,ipsos-bva,Le Parisien,2026-08-31,2026-09-02,2026-09-05,1500,online,likely,1,S4,melenchon,16.0,https://www.commission-des-sondages.fr/notices/files/notices/2026/septembre/10250-pres-iv-ipsos-bva-le-parisien-5-septembre.pdf,https://www.commission-des-sondages.fr/notices/files/notices/2026/septembre/10250-pres-iv-ipsos-bva-le-parisien-5-septembre.pdf,https://fr.wikipedia.org/wiki/Liste_de_sondages_sur_l%27%C3%A9lection_pr%C3%A9sidentielle_fran%C3%A7aise_de_2027,primary,2026-10-09T14:35Z,sha256:397fe23600af4e147e919c6b75311d7f793ea28f85eb662ac103fa8f793278bd
ipsos-bva-2026-09-02-10250,ipsos-bva,Le Parisien,2026-08-31,2026-09-02,2026-09-05,1500,online,likely,1,S4,philippe,16.5,https://www.commission-des-sondages.fr/notices/files/notices/2026/septembre/10250-pres-iv-ipsos-bva-le-parisien-5-septembre.pdf,https://www.commission-des-sondages.fr/notices/files/notices/2026/septembre/10250-pres-iv-ipsos-bva-le-parisien-5-septembre.pdf,https://fr.wikipedia.org/wiki/Liste_de_sondages_sur_l%27%C3%A9lection_pr%C3%A9sidentielle_fran%C3%A7aise_de_2027,primary,2026-10-09T14:35Z,sha256:397fe23600af4e147e919c6b75311d7f793ea28f85eb662ac103fa8f793278bd
ipsos-bva-2026-09-02-10250,ipsos-bva,Le Parisien,2026-08-31,2026-09-02,2026-09-05,1500,online,likely,1,S4,retailleau,6.0,https://www.commission-des-sondages.fr/notices/files/notices/2026/septembre/10250-pres-iv-ipsos-bva-le-parisien-5-septembre.pdf,https://www.commission-des-sondages.fr/notices/files/notices/2026/septembre/10250-pres-iv-ipsos-bva-le-parisien-5-septembre.pdf,https://fr.wikipedia.org/wiki/Liste_de_sondages_sur_l%27%C3%A9lection_pr%C3%A9sidentielle_fran%C3%A7aise_de_2027,primary,2026-10-09T14:35Z,sha256:397fe23600af4e147e919c6b75311d7f793ea28f85eb662ac103fa8f793278bd
ipsos-bva-2026-09-02-10250,ipsos-bva,Le Parisien,2026-08-31,2026-09-02,2026-09-05,1500,online,likely,1,S4,roussel,3.0,https://www.commission-des-sondages.fr/notices/files/notices/2026/septembre/10250-pres-iv-ipsos-bva-le-parisien-5-septembre.pdf,https://www.commission-des-sondages.fr/notices/files/notices/2026/septembre/10250-pres-iv-ipsos-bva-le-parisien-5-septembre.pdf,https://fr.wikipedia.org/wiki/Liste_de_sondages_sur_l%27%C3%A9lection_pr%C3%A9sidentielle_fran%C3%A7aise_de_2027,primary,2026-10-09T14:35Z,sha256:397fe23600af4e147e919c6b75311d7f793ea28f85eb662ac103fa8f793278bd
ipsos-bva-2026-09-02-10250,ipsos-bva,Le Parisien,2026-08-31,2026-09-02,2026-09-05,1500,online,likely,1,S4,tondelier,5.0,https://www.commission-des-sondages.fr/notices/files/notices/2026/septembre/10250-pres-iv-ipsos-bva-le-parisien-5-septembre.pdf,https://www.commission-des-sondages.fr/notices/files/notices/2026/septembre/10250-pres-iv-ipsos-bva-le-parisien-5-septembre.pdf,https://fr.wikipedia.org/wiki/Liste_de_sondages_sur_l%27%C3%A9lection_pr%C3%A9sidentielle_fran%C3%A7aise_de_2027,primary,2026-10-09T14:35Z,sha256:397fe23600af4e147e919c6b75311d7f793ea28f85eb662ac103fa8f793278bd
ipsos-bva-2026-09-02-10250,ipsos-bva,Le Parisien,2026-08-31,2026-09-02,2026-09-05,1500,online,likely,1,S4,zemmour,3.0,https://www.commission-des-sondages.fr/notices/files/notices/2026/septembre/10250-pres-iv-ipsos-bva-le-parisien-5-septembre.pdf,https://www.commission-des-sondages.fr/notices/files/notices/2026/septembre/10250-pres-iv-ipsos-bva-le-parisien-5-septembre.pdf,https://fr.wikipedia.org/wiki/Liste_de_sondages_sur_l%27%C3%A9lection_pr%C3%A9sidentielle_fran%C3%A7aise_de_2027,primary,2026-10-09T14:35Z,sha256:397fe23600af4e147e919c6b75311d7f793ea28f85eb662ac103fa8f793278bd
ipsos-bva-2026-09-02-10250,ipsos-bva,Le Parisien,2026-08-31,2026-09-02,2026-09-05,1500,online,likely,1,S5,arthaud,1.0,https://www.commission-des-sondages.fr/notices/files/notices/2026/septembre/10250-pres-iv-ipsos-bva-le-parisien-5-septembre.pdf,https://www.commission-des-sondages.fr/notices/files/notices/2026/septembre/10250-pres-iv-ipsos-bva-le-parisien-5-septembre.pdf,https://fr.wikipedia.org/wiki/Liste_de_sondages_sur_l%27%C3%A9lection_pr%C3%A9sidentielle_fran%C3%A7aise_de_2027,primary,2026-10-09T14:35Z,sha256:397fe23600af4e147e919c6b75311d7f793ea28f85eb662ac103fa8f793278bd
ipsos-bva-2026-09-02-10250,ipsos-bva,Le Parisien,2026-08-31,2026-09-02,2026-09-05,1500,online,likely,1,S5,dupont_aignan,2.0,https://www.commission-des-sondages.fr/notices/files/notices/2026/septembre/10250-pres-iv-ipsos-bva-le-parisien-5-septembre.pdf,https://www.commission-des-sondages.fr/notices/files/notices/2026/septembre/10250-pres-iv-ipsos-bva-le-parisien-5-septembre.pdf,https://fr.wikipedia.org/wiki/Liste_de_sondages_sur_l%27%C3%A9lection_pr%C3%A9sidentielle_fran%C3%A7aise_de_2027,primary,2026-10-09T14:35Z,sha256:397fe23600af4e147e919c6b75311d7f793ea28f85eb662ac103fa8f793278bd
ipsos-bva-2026-09-02-10250,ipsos-bva,Le Parisien,2026-08-31,2026-09-02,2026-09-05,1500,online,likely,1,S5,faure,4.5,https://www.commission-des-sondages.fr/notices/files/notices/2026/septembre/10250-pres-iv-ipsos-bva-le-parisien-5-septembre.pdf,https://www.commission-des-sondages.fr/notices/files/notices/2026/septembre/10250-pres-iv-ipsos-bva-le-parisien-5-septembre.pdf,https://fr.wikipedia.org/wiki/Liste_de_sondages_sur_l%27%C3%A9lection_pr%C3%A9sidentielle_fran%C3%A7aise_de_2027,primary,2026-10-09T14:35Z,sha256:397fe23600af4e147e919c6b75311d7f793ea28f85eb662ac103fa8f793278bd
ipsos-bva-2026-09-02-10250,ipsos-bva,Le Parisien,2026-08-31,2026-09-02,2026-09-05,1500,online,likely,1,S5,le_pen,34.5,https://www.commission-des-sondages.fr/notices/files/notices/2026/septembre/10250-pres-iv-ipsos-bva-le-parisien-5-septembre.pdf,https://www.commission-des-sondages.fr/notices/files/notices/2026/septembre/10250-pres-iv-ipsos-bva-le-parisien-5-septembre.pdf,https://fr.wikipedia.org/wiki/Liste_de_sondages_sur_l%27%C3%A9lection_pr%C3%A9sidentielle_fran%C3%A7aise_de_2027,primary,2026-10-09T14:35Z,sha256:397fe23600af4e147e919c6b75311d7f793ea28f85eb662ac103fa8f793278bd
ipsos-bva-2026-09-02-10250,ipsos-bva,Le Parisien,2026-08-31,2026-09-02,2026-09-05,1500,online,likely,1,S5,melenchon,16.5,https://www.commission-des-sondages.fr/notices/files/notices/2026/septembre/10250-pres-iv-ipsos-bva-le-parisien-5-septembre.pdf,https://www.commission-des-sondages.fr/notices/files/notices/2026/septembre/10250-pres-iv-ipsos-bva-le-parisien-5-septembre.pdf,https://fr.wikipedia.org/wiki/Liste_de_sondages_sur_l%27%C3%A9lection_pr%C3%A9sidentielle_fran%C3%A7aise_de_2027,primary,2026-10-09T14:35Z,sha256:397fe23600af4e147e919c6b75311d7f793ea28f85eb662ac103fa8f793278bd
ipsos-bva-2026-09-02-10250,ipsos-bva,Le Parisien,2026-08-31,2026-09-02,2026-09-05,1500,online,likely,1,S5,philippe,22.5,https://www.commission-des-sondages.fr/notices/files/notices/2026/septembre/10250-pres-iv-ipsos-bva-le-parisien-5-septembre.pdf,https://www.commission-des-sondages.fr/notices/files/notices/2026/septembre/10250-pres-iv-ipsos-bva-le-parisien-5-septembre.pdf,https://fr.wikipedia.org/wiki/Liste_de_sondages_sur_l%27%C3%A9lection_pr%C3%A9sidentielle_fran%C3%A7aise_de_2027,primary,2026-10-09T14:35Z,sha256:397fe23600af4e147e919c6b75311d7f793ea28f85eb662ac103fa8f793278bd
ipsos-bva-2026-09-02-10250,ipsos-bva,Le Parisien,2026-08-31,2026-09-02,2026-09-05,1500,online,likely,1,S5,retailleau,7.5,https://www.commission-des-sondages.fr/notices/files/notices/2026/septembre/10250-pres-iv-ipsos-bva-le-parisien-5-septembre.pdf,https://www.commission-des-sondages.fr/notices/files/notices/2026/septembre/10250-pres-iv-ipsos-bva-le-parisien-5-septembre.pdf,https://fr.wikipedia.org/wiki/Liste_de_sondages_sur_l%27%C3%A9lection_pr%C3%A9sidentielle_fran%C3%A7aise_de_2027,primary,2026-10-09T14:35Z,sha256:397fe23600af4e147e919c6b75311d7f793ea28f85eb662ac103fa8f793278bd
ipsos-bva-2026-09-02-10250,ipsos-bva,Le Parisien,2026-08-31,2026-09-02,2026-09-05,1500,online,likely,1,S5,roussel,3.5,https://www.commission-des-sondages.fr/notices/files/notices/2026/septembre/10250-pres-iv-ipsos-bva-le-parisien-5-septembre.pdf,https://www.commission-des-sondages.fr/notices/files/notices/2026/septembre/10250-pres-iv-ipsos-bva-le-parisien-5-septembre.pdf,https://fr.wikipedia.org/wiki/Liste_de_sondages_sur_l%27%C3%A9lection_pr%C3%A9sidentielle_fran%C3%A7aise_de_2027,primary,2026-10-09T14:35Z,sha256:397fe23600af4e147e919c6b75311d7f793ea28f85eb662ac103fa8f793278bd
ipsos-bva-2026-09-02-10250,ipsos-bva,Le Parisien,2026-08-31,2026-09-02,2026-09-05,1500,online,likely,1,S5,tondelier,5.0,https://www.commission-des-sondages.fr/notices/files/notices/2026/septembre/10250-pres-iv-ipsos-bva-le-parisien-5-septembre.pdf,https://www.commission-des-sondages.fr/notices/files/notices/2026/septembre/10250-pres-iv-ipsos-bva-le-parisien-5-septembre.pdf,https://fr.wikipedia.org/wiki/Liste_de_sondages_sur_l%27%C3%A9lection_pr%C3%A9sidentielle_fran%C3%A7aise_de_2027,primary,2026-10-09T14:35Z,sha256:397fe23600af4e147e919c6b75311d7f793ea28f85eb662ac103fa8f793278bd
ipsos-bva-2026-09-02-10250,ipsos-bva,Le Parisien,2026-08-31,2026-09-02,2026-09-05,1500,online,likely,1,S5,zemmour,3.0,https://www.commission-des-sondages.fr/notices/files/notices/2026/septembre/10250-pres-iv-ipsos-bva-le-parisien-5-septembre.pdf,https://www.commission-des-sondages.fr/notices/files/notices/2026/septembre/10250-pres-iv-ipsos-bva-le-parisien-5-septembre.pdf,https://fr.wikipedia.org/wiki/Liste_de_sondages_sur_l%27%C3%A9lection_pr%C3%A9sidentielle_fran%C3%A7aise_de_2027,primary,2026-10-09T14:35Z,sha256:397fe23600af4e147e919c6b75311d7f793ea28f85eb662ac103fa8f793278bd
ipsos-bva-2026-09-02-10250,ipsos-bva,Le Parisien,2026-08-31,2026-09-02,2026-09-05,1500,online,likely,1,S6,arthaud,1.0,https://www.commission-des-sondages.fr/notices/files/notices/2026/septembre/10250-pres-iv-ipsos-bva-le-parisien-5-septembre.pdf,https://www.commission-des-sondages.fr/notices/files/notices/2026/septembre/10250-pres-iv-ipsos-bva-le-parisien-5-septembre.pdf,https://fr.wikipedia.org/wiki/Liste_de_sondages_sur_l%27%C3%A9lection_pr%C3%A9sidentielle_fran%C3%A7aise_de_2027,primary,2026-10-09T14:35Z,sha256:397fe23600af4e147e919c6b75311d7f793ea28f85eb662ac103fa8f793278bd
ipsos-bva-2026-09-02-10250,ipsos-bva,Le Parisien,2026-08-31,2026-09-02,2026-09-05,1500,online,likely,1,S6,attal,15.5,https://www.commission-des-sondages.fr/notices/files/notices/2026/septembre/10250-pres-iv-ipsos-bva-le-parisien-5-septembre.pdf,https://www.commission-des-sondages.fr/notices/files/notices/2026/septembre/10250-pres-iv-ipsos-bva-le-parisien-5-septembre.pdf,https://fr.wikipedia.org/wiki/Liste_de_sondages_sur_l%27%C3%A9lection_pr%C3%A9sidentielle_fran%C3%A7aise_de_2027,primary,2026-10-09T14:35Z,sha256:397fe23600af4e147e919c6b75311d7f793ea28f85eb662ac103fa8f793278bd
ipsos-bva-2026-09-02-10250,ipsos-bva,Le Parisien,2026-08-31,2026-09-02,2026-09-05,1500,online,likely,1,S6,dupont_aignan,2.5,https://www.commission-des-sondages.fr/notices/files/notices/2026/septembre/10250-pres-iv-ipsos-bva-le-parisien-5-septembre.pdf,https://www.commission-des-sondages.fr/notices/files/notices/2026/septembre/10250-pres-iv-ipsos-bva-le-parisien-5-septembre.pdf,https://fr.wikipedia.org/wiki/Liste_de_sondages_sur_l%27%C3%A9lection_pr%C3%A9sidentielle_fran%C3%A7aise_de_2027,primary,2026-10-09T14:35Z,sha256:397fe23600af4e147e919c6b75311d7f793ea28f85eb662ac103fa8f793278bd
ipsos-bva-2026-09-02-10250,ipsos-bva,Le Parisien,2026-08-31,2026-09-02,2026-09-05,1500,online,likely,1,S6,faure,5.5,https://www.commission-des-sondages.fr/notices/files/notices/2026/septembre/10250-pres-iv-ipsos-bva-le-parisien-5-septembre.pdf,https://www.commission-des-sondages.fr/notices/files/notices/2026/septembre/10250-pres-iv-ipsos-bva-le-parisien-5-septembre.pdf,https://fr.wikipedia.org/wiki/Liste_de_sondages_sur_l%27%C3%A9lection_pr%C3%A9sidentielle_fran%C3%A7aise_de_2027,primary,2026-10-09T14:35Z,sha256:397fe23600af4e147e919c6b75311d7f793ea28f85eb662ac103fa8f793278bd
ipsos-bva-2026-09-02-10250,ipsos-bva,Le Parisien,2026-08-31,2026-09-02,2026-09-05,1500,online,likely,1,S6,le_pen,36.0,https://www.commission-des-sondages.fr/notices/files/notices/2026/septembre/10250-pres-iv-ipsos-bva-le-parisien-5-septembre.pdf,https://www.commission-des-sondages.fr/notices/files/notices/2026/septembre/10250-pres-iv-ipsos-bva-le-parisien-5-septembre.pdf,https://fr.wikipedia.org/wiki/Liste_de_sondages_sur_l%27%C3%A9lection_pr%C3%A9sidentielle_fran%C3%A7aise_de_2027,primary,2026-10-09T14:35Z,sha256:397fe23600af4e147e919c6b75311d7f793ea28f85eb662ac103fa8f793278bd
ipsos-bva-2026-09-02-10250,ipsos-bva,Le Parisien,2026-08-31,2026-09-02,2026-09-05,1500,online,likely,1,S6,melenchon,17.0,https://www.commission-des-sondages.fr/notices/files/notices/2026/septembre/10250-pres-iv-ipsos-bva-le-parisien-5-septembre.pdf,https://www.commission-des-sondages.fr/notices/files/notices/2026/septembre/10250-pres-iv-ipsos-bva-le-parisien-5-septembre.pdf,https://fr.wikipedia.org/wiki/Liste_de_sondages_sur_l%27%C3%A9lection_pr%C3%A9sidentielle_fran%C3%A7aise_de_2027,primary,2026-10-09T14:35Z,sha256:397fe23600af4e147e919c6b75311d7f793ea28f85eb662ac103fa8f793278bd
ipsos-bva-2026-09-02-10250,ipsos-bva,Le Parisien,2026-08-31,2026-09-02,2026-09-05,1500,online,likely,1,S6,retailleau,10.0,https://www.commission-des-sondages.fr/notices/files/notices/2026/septembre/10250-pres-iv-ipsos-bva-le-parisien-5-septembre.pdf,https://www.commission-des-sondages.fr/notices/files/notices/2026/septembre/10250-pres-iv-ipsos-bva-le-parisien-5-septembre.pdf,https://fr.wikipedia.org/wiki/Liste_de_sondages_sur_l%27%C3%A9lection_pr%C3%A9sidentielle_fran%C3%A7aise_de_2027,primary,2026-10-09T14:35Z,sha256:397fe23600af4e147e919c6b75311d7f793ea28f85eb662ac103fa8f793278bd
ipsos-bva-2026-09-02-10250,ipsos-bva,Le Parisien,2026-08-31,2026-09-02,2026-09-05,1500,online,likely,1,S6,roussel,3.5,https://www.commission-des-sondages.fr/notices/files/notices/2026/septembre/10250-pres-iv-ipsos-bva-le-parisien-5-septembre.pdf,https://www.commission-des-sondages.fr/notices/files/notices/2026/septembre/10250-pres-iv-ipsos-bva-le-parisien-5-septembre.pdf,https://fr.wikipedia.org/wiki/Liste_de_sondages_sur_l%27%C3%A9lection_pr%C3%A9sidentielle_fran%C3%A7aise_de_2027,primary,2026-10-09T14:35Z,sha256:397fe23600af4e147e919c6b75311d7f793ea28f85eb662ac103fa8f793278bd
ipsos-bva-2026-09-02-10250,ipsos-bva,Le Parisien,2026-08-31,2026-09-02,2026-09-05,1500,online,likely,1,S6,tondelier,5.5,https://www.commission-des-sondages.fr/notices/files/notices/2026/septembre/10250-pres-iv-ipsos-bva-le-parisien-5-septembre.pdf,https://www.commission-des-sondages.fr/notices/files/notices/2026/septembre/10250-pres-iv-ipsos-bva-le-parisien-5-septembre.pdf,https://fr.wikipedia.org/wiki/Liste_de_sondages_sur_l%27%C3%A9lection_pr%C3%A9sidentielle_fran%C3%A7aise_de_2027,primary,2026-10-09T14:35Z,sha256:397fe23600af4e147e919c6b75311d7f793ea28f85eb662ac103fa8f793278bd
ipsos-bva-2026-09-02-10250,ipsos-bva,Le Parisien,2026-08-31,2026-09-02,2026-09-05,1500,online,likely,1,S6,zemmour,3.5,https://www.commission-des-sondages.fr/notices/files/notices/2026/septembre/10250-pres-iv-ipsos-bva-le-parisien-5-septembre.pdf,https://www.commission-des-sondages.fr/notices/files/notices/2026/septembre/10250-pres-iv-ipsos-bva-le-parisien-5-septembre.pdf,https://fr.wikipedia.org/wiki/Liste_de_sondages_sur_l%27%C3%A9lection_pr%C3%A9sidentielle_fran%C3%A7aise_de_2027,primary,2026-10-09T14:35Z,sha256:397fe23600af4e147e919c6b75311d7f793ea28f85eb662ac103fa8f793278bd
opinionway-2026-09-03-10252,opinionway,JDD,2026-09-02,2026-09-03,2026-09-07,1003,online,registered,1,S1,arthaud,1.0,https://www.commission-des-sondages.fr/notices/files/notices/2026/septembre/10252-pres-iv-opinionway-jdd-7-septembre.pdf,https://www.commission-des-sondages.fr/notices/files/notices/2026/septembre/10252-pres-iv-opinionway-jdd-7-septembre.pdf,https://fr.wikipedia.org/wiki/Liste_de_sondages_sur_l%27%C3%A9lection_pr%C3%A9sidentielle_fran%C3%A7aise_de_2027,primary,2026-10-09T14:35Z,sha256:83ea2f166e3db8e9052570a746dfc31f273881553c1859b9d2b2859b346f507a
opinionway-2026-09-03-10252,opinionway,JDD,2026-09-02,2026-09-03,2026-09-07,1003,online,registered,1,S1,attal,13.0,https://www.commission-des-sondages.fr/notices/files/notices/2026/septembre/10252-pres-iv-opinionway-jdd-7-septembre.pdf,https://www.commission-des-sondages.fr/notices/files/notices/2026/septembre/10252-pres-iv-opinionway-jdd-7-septembre.pdf,https://fr.wikipedia.org/wiki/Liste_de_sondages_sur_l%27%C3%A9lection_pr%C3%A9sidentielle_fran%C3%A7aise_de_2027,primary,2026-10-09T14:35Z,sha256:83ea2f166e3db8e9052570a746dfc31f273881553c1859b9d2b2859b346f507a
opinionway-2026-09-03-10252,opinionway,JDD,2026-09-02,2026-09-03,2026-09-07,1003,online,registered,1,S1,glucksmann,13.0,https://www.commission-des-sondages.fr/notices/files/notices/2026/septembre/10252-pres-iv-opinionway-jdd-7-septembre.pdf,https://www.commission-des-sondages.fr/notices/files/notices/2026/septembre/10252-pres-iv-opinionway-jdd-7-septembre.pdf,https://fr.wikipedia.org/wiki/Liste_de_sondages_sur_l%27%C3%A9lection_pr%C3%A9sidentielle_fran%C3%A7aise_de_2027,primary,2026-10-09T14:35Z,sha256:83ea2f166e3db8e9052570a746dfc31f273881553c1859b9d2b2859b346f507a
opinionway-2026-09-03-10252,opinionway,JDD,2026-09-02,2026-09-03,2026-09-07,1003,online,registered,1,S1,le_pen,35.0,https://www.commission-des-sondages.fr/notices/files/notices/2026/septembre/10252-pres-iv-opinionway-jdd-7-septembre.pdf,https://www.commission-des-sondages.fr/notices/files/notices/2026/septembre/10252-pres-iv-opinionway-jdd-7-septembre.pdf,https://fr.wikipedia.org/wiki/Liste_de_sondages_sur_l%27%C3%A9lection_pr%C3%A9sidentielle_fran%C3%A7aise_de_2027,primary,2026-10-09T14:35Z,sha256:83ea2f166e3db8e9052570a746dfc31f273881553c1859b9d2b2859b346f507a
opinionway-2026-09-03-10252,opinionway,JDD,2026-09-02,2026-09-03,2026-09-07,1003,online,registered,1,S1,melenchon,17.0,https://www.commission-des-sondages.fr/notices/files/notices/2026/septembre/10252-pres-iv-opinionway-jdd-7-septembre.pdf,https://www.commission-des-sondages.fr/notices/files/notices/2026/septembre/10252-pres-iv-opinionway-jdd-7-septembre.pdf,https://fr.wikipedia.org/wiki/Liste_de_sondages_sur_l%27%C3%A9lection_pr%C3%A9sidentielle_fran%C3%A7aise_de_2027,primary,2026-10-09T14:35Z,sha256:83ea2f166e3db8e9052570a746dfc31f273881553c1859b9d2b2859b346f507a
opinionway-2026-09-03-10252,opinionway,JDD,2026-09-02,2026-09-03,2026-09-07,1003,online,registered,1,S1,retailleau,11.0,https://www.commission-des-sondages.fr/notices/files/notices/2026/septembre/10252-pres-iv-opinionway-jdd-7-septembre.pdf,https://www.commission-des-sondages.fr/notices/files/notices/2026/septembre/10252-pres-iv-opinionway-jdd-7-septembre.pdf,https://fr.wikipedia.org/wiki/Liste_de_sondages_sur_l%27%C3%A9lection_pr%C3%A9sidentielle_fran%C3%A7aise_de_2027,primary,2026-10-09T14:35Z,sha256:83ea2f166e3db8e9052570a746dfc31f273881553c1859b9d2b2859b346f507a
opinionway-2026-09-03-10252,opinionway,JDD,2026-09-02,2026-09-03,2026-09-07,1003,online,registered,1,S1,roussel,3.0,https://www.commission-des-sondages.fr/notices/files/notices/2026/septembre/10252-pres-iv-opinionway-jdd-7-septembre.pdf,https://www.commission-des-sondages.fr/notices/files/notices/2026/septembre/10252-pres-iv-opinionway-jdd-7-septembre.pdf,https://fr.wikipedia.org/wiki/Liste_de_sondages_sur_l%27%C3%A9lection_pr%C3%A9sidentielle_fran%C3%A7aise_de_2027,primary,2026-10-09T14:35Z,sha256:83ea2f166e3db8e9052570a746dfc31f273881553c1859b9d2b2859b346f507a
opinionway-2026-09-03-10252,opinionway,JDD,2026-09-02,2026-09-03,2026-09-07,1003,online,registered,1,S1,tondelier,4.0,https://www.commission-des-sondages.fr/notices/files/notices/2026/septembre/10252-pres-iv-opinionway-jdd-7-septembre.pdf,https://www.commission-des-sondages.fr/notices/files/notices/2026/septembre/10252-pres-iv-opinionway-jdd-7-septembre.pdf,https://fr.wikipedia.org/wiki/Liste_de_sondages_sur_l%27%C3%A9lection_pr%C3%A9sidentielle_fran%C3%A7aise_de_2027,primary,2026-10-09T14:35Z,sha256:83ea2f166e3db8e9052570a746dfc31f273881553c1859b9d2b2859b346f507a
opinionway-2026-09-03-10252,opinionway,JDD,2026-09-02,2026-09-03,2026-09-07,1003,online,registered,1,S1,zemmour,3.0,https://www.commission-des-sondages.fr/notices/files/notices/2026/septembre/10252-pres-iv-opinionway-jdd-7-septembre.pdf,https://www.commission-des-sondages.fr/notices/files/notices/2026/septembre/10252-pres-iv-opinionway-jdd-7-septembre.pdf,https://fr.wikipedia.org/wiki/Liste_de_sondages_sur_l%27%C3%A9lection_pr%C3%A9sidentielle_fran%C3%A7aise_de_2027,primary,2026-10-09T14:35Z,sha256:83ea2f166e3db8e9052570a746dfc31f273881553c1859b9d2b2859b346f507a
opinionway-2026-09-03-10252,opinionway,JDD,2026-09-02,2026-09-03,2026-09-07,1003,online,registered,1,S2,arthaud,1.0,https://www.commission-des-sondages.fr/notices/files/notices/2026/septembre/10252-pres-iv-opinionway-jdd-7-septembre.pdf,https://www.commission-des-sondages.fr/notices/files/notices/2026/septembre/10252-pres-iv-opinionway-jdd-7-septembre.pdf,https://fr.wikipedia.org/wiki/Liste_de_sondages_sur_l%27%C3%A9lection_pr%C3%A9sidentielle_fran%C3%A7aise_de_2027,primary,2026-10-09T14:35Z,sha256:83ea2f166e3db8e9052570a746dfc31f273881553c1859b9d2b2859b346f507a
opinionway-2026-09-03-10252,opinionway,JDD,2026-09-02,2026-09-03,2026-09-07,1003,online,registered,1,S2,glucksmann,12.0,https://www.commission-des-sondages.fr/notices/files/notices/2026/septembre/10252-pres-iv-opinionway-jdd-7-septembre.pdf,https://www.commission-des-sondages.fr/notices/files/notices/2026/septembre/10252-pres-iv-opinionway-jdd-7-septembre.pdf,https://fr.wikipedia.org/wiki/Liste_de_sondages_sur_l%27%C3%A9lection_pr%C3%A9sidentielle_fran%C3%A7aise_de_2027,primary,2026-10-09T14:35Z,sha256:83ea2f166e3db8e9052570a746dfc31f273881553c1859b9d2b2859b346f507a
opinionway-2026-09-03-10252,opinionway,JDD,2026-09-02,2026-09-03,2026-09-07,1003,online,registered,1,S2,le_pen,33.0,https://www.commission-des-sondages.fr/notices/files/notices/2026/septembre/10252-pres-iv-opinionway-jdd-7-septembre.pdf,https://www.commission-des-sondages.fr/notices/files/notices/2026/septembre/10252-pres-iv-opinionway-jdd-7-septembre.pdf,https://fr.wikipedia.org/wiki/Liste_de_sondages_sur_l%27%C3%A9lection_pr%C3%A9sidentielle_fran%C3%A7aise_de_2027,primary,2026-10-09T14:35Z,sha256:83ea2f166e3db8e9052570a746dfc31f273881553c1859b9d2b2859b346f507a
opinionway-2026-09-03-10252,opinionway,JDD,2026-09-02,2026-09-03,2026-09-07,1003,online,registered,1,S2,melenchon,16.0,https://www.commission-des-sondages.fr/notices/files/notices/2026/septembre/10252-pres-iv-opinionway-jdd-7-septembre.pdf,https://www.commission-des-sondages.fr/notices/files/notices/2026/septembre/10252-pres-iv-opinionway-jdd-7-septembre.pdf,https://fr.wikipedia.org/wiki/Liste_de_sondages_sur_l%27%C3%A9lection_pr%C3%A9sidentielle_fran%C3%A7aise_de_2027,primary,2026-10-09T14:35Z,sha256:83ea2f166e3db8e9052570a746dfc31f273881553c1859b9d2b2859b346f507a
opinionway-2026-09-03-10252,opinionway,JDD,2026-09-02,2026-09-03,2026-09-07,1003,online,registered,1,S2,philippe,20.0,https://www.commission-des-sondages.fr/notices/files/notices/2026/septembre/10252-pres-iv-opinionway-jdd-7-septembre.pdf,https://www.commission-des-sondages.fr/notices/files/notices/2026/septembre/10252-pres-iv-opinionway-jdd-7-septembre.pdf,https://fr.wikipedia.org/wiki/Liste_de_sondages_sur_l%27%C3%A9lection_pr%C3%A9sidentielle_fran%C3%A7aise_de_2027,primary,2026-10-09T14:35Z,sha256:83ea2f166e3db8e9052570a746dfc31f273881553c1859b9d2b2859b346f507a
opinionway-2026-09-03-10252,opinionway,JDD,2026-09-02,2026-09-03,2026-09-07,1003,online,registered,1,S2,retailleau,8.0,https://www.commission-des-sondages.fr/notices/files/notices/2026/septembre/10252-pres-iv-opinionway-jdd-7-septembre.pdf,https://www.commission-des-sondages.fr/notices/files/notices/2026/septembre/10252-pres-iv-opinionway-jdd-7-septembre.pdf,https://fr.wikipedia.org/wiki/Liste_de_sondages_sur_l%27%C3%A9lection_pr%C3%A9sidentielle_fran%C3%A7aise_de_2027,primary,2026-10-09T14:35Z,sha256:83ea2f166e3db8e9052570a746dfc31f273881553c1859b9d2b2859b346f507a
opinionway-2026-09-03-10252,opinionway,JDD,2026-09-02,2026-09-03,2026-09-07,1003,online,registered,1,S2,roussel,3.0,https://www.commission-des-sondages.fr/notices/files/notices/2026/septembre/10252-pres-iv-opinionway-jdd-7-septembre.pdf,https://www.commission-des-sondages.fr/notices/files/notices/2026/septembre/10252-pres-iv-opinionway-jdd-7-septembre.pdf,https://fr.wikipedia.org/wiki/Liste_de_sondages_sur_l%27%C3%A9lection_pr%C3%A9sidentielle_fran%C3%A7aise_de_2027,primary,2026-10-09T14:35Z,sha256:83ea2f166e3db8e9052570a746dfc31f273881553c1859b9d2b2859b346f507a
opinionway-2026-09-03-10252,opinionway,JDD,2026-09-02,2026-09-03,2026-09-07,1003,online,registered,1,S2,tondelier,4.0,https://www.commission-des-sondages.fr/notices/files/notices/2026/septembre/10252-pres-iv-opinionway-jdd-7-septembre.pdf,https://www.commission-des-sondages.fr/notices/files/notices/2026/septembre/10252-pres-iv-opinionway-jdd-7-septembre.pdf,https://fr.wikipedia.org/wiki/Liste_de_sondages_sur_l%27%C3%A9lection_pr%C3%A9sidentielle_fran%C3%A7aise_de_2027,primary,2026-10-09T14:35Z,sha256:83ea2f166e3db8e9052570a746dfc31f273881553c1859b9d2b2859b346f507a
opinionway-2026-09-03-10252,opinionway,JDD,2026-09-02,2026-09-03,2026-09-07,1003,online,registered,1,S2,zemmour,3.0,https://www.commission-des-sondages.fr/notices/files/notices/2026/septembre/10252-pres-iv-opinionway-jdd-7-septembre.pdf,https://www.commission-des-sondages.fr/notices/files/notices/2026/septembre/10252-pres-iv-opinionway-jdd-7-septembre.pdf,https://fr.wikipedia.org/wiki/Liste_de_sondages_sur_l%27%C3%A9lection_pr%C3%A9sidentielle_fran%C3%A7aise_de_2027,primary,2026-10-09T14:35Z,sha256:83ea2f166e3db8e9052570a746dfc31f273881553c1859b9d2b2859b346f507a
opinionway-2026-09-03-10252,opinionway,JDD,2026-09-02,2026-09-03,2026-09-07,1003,online,registered,1,S3,arthaud,1.0,https://www.commission-des-sondages.fr/notices/files/notices/2026/septembre/10252-pres-iv-opinionway-jdd-7-septembre.pdf,https://www.commission-des-sondages.fr/notices/files/notices/2026/septembre/10252-pres-iv-opinionway-jdd-7-septembre.pdf,https://fr.wikipedia.org/wiki/Liste_de_sondages_sur_l%27%C3%A9lection_pr%C3%A9sidentielle_fran%C3%A7aise_de_2027,primary,2026-10-09T14:35Z,sha256:83ea2f166e3db8e9052570a746dfc31f273881553c1859b9d2b2859b346f507a
opinionway-2026-09-03-10252,opinionway,JDD,2026-09-02,2026-09-03,2026-09-07,1003,online,registered,1,S3,attal,7.0,https://www.commission-des-sondages.fr/notices/files/notices/2026/septembre/10252-pres-iv-opinionway-jdd-7-septembre.pdf,https://www.commission-des-sondages.fr/notices/files/notices/2026/septembre/10252-pres-iv-opinionway-jdd-7-septembre.pdf,https://fr.wikipedia.org/wiki/Liste_de_sondages_sur_l%27%C3%A9lection_pr%C3%A9sidentielle_fran%C3%A7aise_de_2027,primary,2026-10-09T14:35Z,sha256:83ea2f166e3db8e9052570a746dfc31f273881553c1859b9d2b2859b346f507a
opinionway-2026-09-03-10252,opinionway,JDD,2026-09-02,2026-09-03,2026-09-07,1003,online,registered,1,S3,glucksmann,11.0,https://www.commission-des-sondages.fr/notices/files/notices/2026/septembre/10252-pres-iv-opinionway-jdd-7-septembre.pdf,https://www.commission-des-sondages.fr/notices/files/notices/2026/septembre/10252-pres-iv-opinionway-jdd-7-septembre.pdf,https://fr.wikipedia.org/wiki/Liste_de_sondages_sur_l%27%C3%A9lection_pr%C3%A9sidentielle_fran%C3%A7aise_de_2027,primary,2026-10-09T14:35Z,sha256:83ea2f166e3db8e9052570a746dfc31f273881553c1859b9d2b2859b346f507a
opinionway-2026-09-03-10252,opinionway,JDD,2026-09-02,2026-09-03,2026-09-07,1003,online,registered,1,S3,le_pen,34.0,https://www.commission-des-sondages.fr/notices/files/notices/2026/septembre/10252-pres-iv-opinionway-jdd-7-septembre.pdf,https://www.commission-des-sondages.fr/notices/files/notices/2026/septembre/10252-pres-iv-opinionway-jdd-7-septembre.pdf,https://fr.wikipedia.org/wiki/Liste_de_sondages_sur_l%27%C3%A9lection_pr%C3%A9sidentielle_fran%C3%A7aise_de_2027,primary,2026-10-09T14:35Z,sha256:83ea2f166e3db8e9052570a746dfc31f273881553c1859b9d2b2859b346f507a
opinionway-2026-09-03-10252,opinionway,JDD,2026-09-02,2026-09-03,2026-09-07,1003,online,registered,1,S3,melenchon,17.0,https://www.commission-des-sondages.fr/notices/files/notices/2026/septembre/10252-pres-iv-opinionway-jdd-7-septembre.pdf,https://www.commission-des-sondages.fr/notices/files/notices/2026/septembre/10252-pres-iv-opinionway-jdd-7-septembre.pdf,https://fr.wikipedia.org/wiki/Liste_de_sondages_sur_l%27%C3%A9lection_pr%C3%A9sidentielle_fran%C3%A7aise_de_2027,primary,2026-10-09T14:35Z,sha256:83ea2f166e3db8e9052570a746dfc31f273881553c1859b9d2b2859b346f507a
opinionway-2026-09-03-10252,opinionway,JDD,2026-09-02,2026-09-03,2026-09-07,1003,online,registered,1,S3,philippe,15.0,https://www.commission-des-sondages.fr/notices/files/notices/2026/septembre/10252-pres-iv-opinionway-jdd-7-septembre.pdf,https://www.commission-des-sondages.fr/notices/files/notices/2026/septembre/10252-pres-iv-opinionway-jdd-7-septembre.pdf,https://fr.wikipedia.org/wiki/Liste_de_sondages_sur_l%27%C3%A9lection_pr%C3%A9sidentielle_fran%C3%A7aise_de_2027,primary,2026-10-09T14:35Z,sha256:83ea2f166e3db8e9052570a746dfc31f273881553c1859b9d2b2859b346f507a
opinionway-2026-09-03-10252,opinionway,JDD,2026-09-02,2026-09-03,2026-09-07,1003,online,registered,1,S3,retailleau,7.0,https://www.commission-des-sondages.fr/notices/files/notices/2026/septembre/10252-pres-iv-opinionway-jdd-7-septembre.pdf,https://www.commission-des-sondages.fr/notices/files/notices/2026/septembre/10252-pres-iv-opinionway-jdd-7-septembre.pdf,https://fr.wikipedia.org/wiki/Liste_de_sondages_sur_l%27%C3%A9lection_pr%C3%A9sidentielle_fran%C3%A7aise_de_2027,primary,2026-10-09T14:35Z,sha256:83ea2f166e3db8e9052570a746dfc31f273881553c1859b9d2b2859b346f507a
opinionway-2026-09-03-10252,opinionway,JDD,2026-09-02,2026-09-03,2026-09-07,1003,online,registered,1,S3,roussel,2.0,https://www.commission-des-sondages.fr/notices/files/notices/2026/septembre/10252-pres-iv-opinionway-jdd-7-septembre.pdf,https://www.commission-des-sondages.fr/notices/files/notices/2026/septembre/10252-pres-iv-opinionway-jdd-7-septembre.pdf,https://fr.wikipedia.org/wiki/Liste_de_sondages_sur_l%27%C3%A9lection_pr%C3%A9sidentielle_fran%C3%A7aise_de_2027,primary,2026-10-09T14:35Z,sha256:83ea2f166e3db8e9052570a746dfc31f273881553c1859b9d2b2859b346f507a
opinionway-2026-09-03-10252,opinionway,JDD,2026-09-02,2026-09-03,2026-09-07,1003,online,registered,1,S3,tondelier,3.0,https://www.commission-des-sondages.fr/notices/files/notices/2026/septembre/10252-pres-iv-opinionway-jdd-7-septembre.pdf,https://www.commission-des-sondages.fr/notices/files/notices/2026/septembre/10252-pres-iv-opinionway-jdd-7-septembre.pdf,https://fr.wikipedia.org/wiki/Liste_de_sondages_sur_l%27%C3%A9lection_pr%C3%A9sidentielle_fran%C3%A7aise_de_2027,primary,2026-10-09T14:35Z,sha256:83ea2f166e3db8e9052570a746dfc31f273881553c1859b9d2b2859b346f507a
opinionway-2026-09-03-10252,opinionway,JDD,2026-09-02,2026-09-03,2026-09-07,1003,online,registered,1,S3,zemmour,3.0,https://www.commission-des-sondages.fr/notices/files/notices/2026/septembre/10252-pres-iv-opinionway-jdd-7-septembre.pdf,https://www.commission-des-sondages.fr/notices/files/notices/2026/septembre/10252-pres-iv-opinionway-jdd-7-septembre.pdf,https://fr.wikipedia.org/wiki/Liste_de_sondages_sur_l%27%C3%A9lection_pr%C3%A9sidentielle_fran%C3%A7aise_de_2027,primary,2026-10-09T14:35Z,sha256:83ea2f166e3db8e9052570a746dfc31f273881553c1859b9d2b2859b346f507a
opinionway-2026-09-03-10252,opinionway,JDD,2026-09-02,2026-09-03,2026-09-07,1003,online,registered,2,H1,attal,45.0,https://www.commission-des-sondages.fr/notices/files/notices/2026/septembre/10252-pres-iv-opinionway-jdd-7-septembre.pdf,https://www.commission-des-sondages.fr/notices/files/notices/2026/septembre/10252-pres-iv-opinionway-jdd-7-septembre.pdf,https://fr.wikipedia.org/wiki/Liste_de_sondages_sur_l%27%C3%A9lection_pr%C3%A9sidentielle_fran%C3%A7aise_de_2027,primary,2026-10-09T14:35Z,sha256:83ea2f166e3db8e9052570a746dfc31f273881553c1859b9d2b2859b346f507a
opinionway-2026-09-03-10252,opinionway,JDD,2026-09-02,2026-09-03,2026-09-07,1003,online,registered,2,H1,le_pen,55.0,https://www.commission-des-sondages.fr/notices/files/notices/2026/septembre/10252-pres-iv-opinionway-jdd-7-septembre.pdf,https://www.commission-des-sondages.fr/notices/files/notices/2026/septembre/10252-pres-iv-opinionway-jdd-7-septembre.pdf,https://fr.wikipedia.org/wiki/Liste_de_sondages_sur_l%27%C3%A9lection_pr%C3%A9sidentielle_fran%C3%A7aise_de_2027,primary,2026-10-09T14:35Z,sha256:83ea2f166e3db8e9052570a746dfc31f273881553c1859b9d2b2859b346f507a
opinionway-2026-09-03-10252,opinionway,JDD,2026-09-02,2026-09-03,2026-09-07,1003,online,registered,2,H2,le_pen,66.0,https://www.commission-des-sondages.fr/notices/files/notices/2026/septembre/10252-pres-iv-opinionway-jdd-7-septembre.pdf,https://www.commission-des-sondages.fr/notices/files/notices/2026/septembre/10252-pres-iv-opinionway-jdd-7-septembre.pdf,https://fr.wikipedia.org/wiki/Liste_de_sondages_sur_l%27%C3%A9lection_pr%C3%A9sidentielle_fran%C3%A7aise_de_2027,primary,2026-10-09T14:35Z,sha256:83ea2f166e3db8e9052570a746dfc31f273881553c1859b9d2b2859b346f507a
opinionway-2026-09-03-10252,opinionway,JDD,2026-09-02,2026-09-03,2026-09-07,1003,online,registered,2,H2,melenchon,34.0,https://www.commission-des-sondages.fr/notices/files/notices/2026/septembre/10252-pres-iv-opinionway-jdd-7-septembre.pdf,https://www.commission-des-sondages.fr/notices/files/notices/2026/septembre/10252-pres-iv-opinionway-jdd-7-septembre.pdf,https://fr.wikipedia.org/wiki/Liste_de_sondages_sur_l%27%C3%A9lection_pr%C3%A9sidentielle_fran%C3%A7aise_de_2027,primary,2026-10-09T14:35Z,sha256:83ea2f166e3db8e9052570a746dfc31f273881553c1859b9d2b2859b346f507a
opinionway-2026-09-03-10252,opinionway,JDD,2026-09-02,2026-09-03,2026-09-07,1003,online,registered,2,H3,le_pen,52.0,https://www.commission-des-sondages.fr/notices/files/notices/2026/septembre/10252-pres-iv-opinionway-jdd-7-septembre.pdf,https://www.commission-des-sondages.fr/notices/files/notices/2026/septembre/10252-pres-iv-opinionway-jdd-7-septembre.pdf,https://fr.wikipedia.org/wiki/Liste_de_sondages_sur_l%27%C3%A9lection_pr%C3%A9sidentielle_fran%C3%A7aise_de_2027,primary,2026-10-09T14:35Z,sha256:83ea2f166e3db8e9052570a746dfc31f273881553c1859b9d2b2859b346f507a
opinionway-2026-09-03-10252,opinionway,JDD,2026-09-02,2026-09-03,2026-09-07,1003,online,registered,2,H3,philippe,48.0,https://www.commission-des-sondages.fr/notices/files/notices/2026/septembre/10252-pres-iv-opinionway-jdd-7-septembre.pdf,https://www.commission-des-sondages.fr/notices/files/notices/2026/septembre/10252-pres-iv-opinionway-jdd-7-septembre.pdf,https://fr.wikipedia.org/wiki/Liste_de_sondages_sur_l%27%C3%A9lection_pr%C3%A9sidentielle_fran%C3%A7aise_de_2027,primary,2026-10-09T14:35Z,sha256:83ea2f166e3db8e9052570a746dfc31f273881553c1859b9d2b2859b346f507a
opinionway-2026-09-09-10259,opinionway,Les Echos / Radio Classique,2026-09-08,2026-09-09,2026-09-10,1001,online,registered,1,S1,arthaud,0.5,https://www.commission-des-sondages.fr/notices/files/notices/2026/septembre/10259-pres-presitrack-v2-opinionway-les-echos-10-septembre.pdf,https://www.commission-des-sondages.fr/notices/files/notices/2026/septembre/10259-pres-presitrack-v2-opinionway-les-echos-10-septembre.pdf,https://fr.wikipedia.org/wiki/Liste_de_sondages_sur_l%27%C3%A9lection_pr%C3%A9sidentielle_fran%C3%A7aise_de_2027,primary,2026-10-09T14:35Z,sha256:2f7dda59691f5341536459098bc190b7a6e2d11a0075eb158352a927c0764cbb
opinionway-2026-09-09-10259,opinionway,Les Echos / Radio Classique,2026-09-08,2026-09-09,2026-09-10,1001,online,registered,1,S1,attal,8.0,https://www.commission-des-sondages.fr/notices/files/notices/2026/septembre/10259-pres-presitrack-v2-opinionway-les-echos-10-septembre.pdf,https://www.commission-des-sondages.fr/notices/files/notices/2026/septembre/10259-pres-presitrack-v2-opinionway-les-echos-10-septembre.pdf,https://fr.wikipedia.org/wiki/Liste_de_sondages_sur_l%27%C3%A9lection_pr%C3%A9sidentielle_fran%C3%A7aise_de_2027,primary,2026-10-09T14:35Z,sha256:2f7dda59691f5341536459098bc190b7a6e2d11a0075eb158352a927c0764cbb
opinionway-2026-09-09-10259,opinionway,Les Echos / Radio Classique,2026-09-08,2026-09-09,2026-09-10,1001,online,registered,1,S1,dupont_aignan,2.0,https://www.commission-des-sondages.fr/notices/files/notices/2026/septembre/10259-pres-presitrack-v2-opinionway-les-echos-10-septembre.pdf,https://www.commission-des-sondages.fr/notices/files/notices/2026/septembre/10259-pres-presitrack-v2-opinionway-les-echos-10-septembre.pdf,https://fr.wikipedia.org/wiki/Liste_de_sondages_sur_l%27%C3%A9lection_pr%C3%A9sidentielle_fran%C3%A7aise_de_2027,primary,2026-10-09T14:35Z,sha256:2f7dda59691f5341536459098bc190b7a6e2d11a0075eb158352a927c0764cbb
opinionway-2026-09-09-10259,opinionway,Les Echos / Radio Classique,2026-09-08,2026-09-09,2026-09-10,1001,online,registered,1,S1,glucksmann,9.0,https://www.commission-des-sondages.fr/notices/files/notices/2026/septembre/10259-pres-presitrack-v2-opinionway-les-echos-10-septembre.pdf,https://www.commission-des-sondages.fr/notices/files/notices/2026/septembre/10259-pres-presitrack-v2-opinionway-les-echos-10-septembre.pdf,https://fr.wikipedia.org/wiki/Liste_de_sondages_sur_l%27%C3%A9lection_pr%C3%A9sidentielle_fran%C3%A7aise_de_2027,primary,2026-10-09T14:35Z,sha256:2f7dda59691f5341536459098bc190b7a6e2d11a0075eb158352a927c0764cbb
opinionway-2026-09-09-10259,opinionway,Les Echos / Radio Classique,2026-09-08,2026-09-09,2026-09-10,1001,online,registered,1,S1,le_pen,34.0,https://www.commission-des-sondages.fr/notices/files/notices/2026/septembre/10259-pres-presitrack-v2-opinionway-les-echos-10-septembre.pdf,https://www.commission-des-sondages.fr/notices/files/notices/2026/septembre/10259-pres-presitrack-v2-opinionway-les-echos-10-septembre.pdf,https://fr.wikipedia.org/wiki/Liste_de_sondages_sur_l%27%C3%A9lection_pr%C3%A9sidentielle_fran%C3%A7aise_de_2027,primary,2026-10-09T14:35Z,sha256:2f7dda59691f5341536459098bc190b7a6e2d11a0075eb158352a927c0764cbb
opinionway-2026-09-09-10259,opinionway,Les Echos / Radio Classique,2026-09-08,2026-09-09,2026-09-10,1001,online,registered,1,S1,melenchon,15.0,https://www.commission-des-sondages.fr/notices/files/notices/2026/septembre/10259-pres-presitrack-v2-opinionway-les-echos-10-septembre.pdf,https://www.commission-des-sondages.fr/notices/files/notices/2026/septembre/10259-pres-presitrack-v2-opinionway-les-echos-10-septembre.pdf,https://fr.wikipedia.org/wiki/Liste_de_sondages_sur_l%27%C3%A9lection_pr%C3%A9sidentielle_fran%C3%A7aise_de_2027,primary,2026-10-09T14:35Z,sha256:2f7dda59691f5341536459098bc190b7a6e2d11a0075eb158352a927c0764cbb
opinionway-2026-09-09-10259,opinionway,Les Echos / Radio Classique,2026-09-08,2026-09-09,2026-09-10,1001,online,registered,1,S1,philippe,15.0,https://www.commission-des-sondages.fr/notices/files/notices/2026/septembre/10259-pres-presitrack-v2-opinionway-les-echos-10-septembre.pdf,https://www.commission-des-sondages.fr/notices/files/notices/2026/septembre/10259-pres-presitrack-v2-opinionway-les-echos-10-septembre.pdf,https://fr.wikipedia.org/wiki/Liste_de_sondages_sur_l%27%C3%A9lection_pr%C3%A9sidentielle_fran%C3%A7aise_de_2027,primary,2026-10-09T14:35Z,sha256:2f7dda59691f5341536459098bc190b7a6e2d11a0075eb158352a927c0764cbb
opinionway-2026-09-09-10259,opinionway,Les Echos / Radio Classique,2026-09-08,2026-09-09,2026-09-10,1001,online,registered,1,S1,retailleau,8.0,https://www.commission-des-sondages.fr/notices/files/notices/2026/septembre/10259-pres-presitrack-v2-opinionway-les-echos-10-septembre.pdf,https://www.commission-des-sondages.fr/notices/files/notices/2026/septembre/10259-pres-presitrack-v2-opinionway-les-echos-10-septembre.pdf,https://fr.wikipedia.org/wiki/Liste_de_sondages_sur_l%27%C3%A9lection_pr%C3%A9sidentielle_fran%C3%A7aise_de_2027,primary,2026-10-09T14:35Z,sha256:2f7dda59691f5341536459098bc190b7a6e2d11a0075eb158352a927c0764cbb
opinionway-2026-09-09-10259,opinionway,Les Echos / Radio Classique,2026-09-08,2026-09-09,2026-09-10,1001,online,registered,1,S1,roussel,2.0,https://www.commission-des-sondages.fr/notices/files/notices/2026/septembre/10259-pres-presitrack-v2-opinionway-les-echos-10-septembre.pdf,https://www.commission-des-sondages.fr/notices/files/notices/2026/septembre/10259-pres-presitrack-v2-opinionway-les-echos-10-septembre.pdf,https://fr.wikipedia.org/wiki/Liste_de_sondages_sur_l%27%C3%A9lection_pr%C3%A9sidentielle_fran%C3%A7aise_de_2027,primary,2026-10-09T14:35Z,sha256:2f7dda59691f5341536459098bc190b7a6e2d11a0075eb158352a927c0764cbb
opinionway-2026-09-09-10259,opinionway,Les Echos / Radio Classique,2026-09-08,2026-09-09,2026-09-10,1001,online,registered,1,S1,tondelier,3.0,https://www.commission-des-sondages.fr/notices/files/notices/2026/septembre/10259-pres-presitrack-v2-opinionway-les-echos-10-septembre.pdf,https://www.commission-des-sondages.fr/notices/files/notices/2026/septembre/10259-pres-presitrack-v2-opinionway-les-echos-10-septembre.pdf,https://fr.wikipedia.org/wiki/Liste_de_sondages_sur_l%27%C3%A9lection_pr%C3%A9sidentielle_fran%C3%A7aise_de_2027,primary,2026-10-09T14:35Z,sha256:2f7dda59691f5341536459098bc190b7a6e2d11a0075eb158352a927c0764cbb
opinionway-2026-09-09-10259,opinionway,Les Echos / Radio Classique,2026-09-08,2026-09-09,2026-09-10,1001,online,registered,1,S1,zemmour,4.0,https://www.commission-des-sondages.fr/notices/files/notices/2026/septembre/10259-pres-presitrack-v2-opinionway-les-echos-10-septembre.pdf,https://www.commission-des-sondages.fr/notices/files/notices/2026/septembre/10259-pres-presitrack-v2-opinionway-les-echos-10-septembre.pdf,https://fr.wikipedia.org/wiki/Liste_de_sondages_sur_l%27%C3%A9lection_pr%C3%A9sidentielle_fran%C3%A7aise_de_2027,primary,2026-10-09T14:35Z,sha256:2f7dda59691f5341536459098bc190b7a6e2d11a0075eb158352a927c0764cbb
opinionway-2026-09-09-10259,opinionway,Les Echos / Radio Classique,2026-09-08,2026-09-09,2026-09-10,1001,online,registered,1,S2,arthaud,1.0,https://www.commission-des-sondages.fr/notices/files/notices/2026/septembre/10259-pres-presitrack-v2-opinionway-les-echos-10-septembre.pdf,https://www.commission-des-sondages.fr/notices/files/notices/2026/septembre/10259-pres-presitrack-v2-opinionway-les-echos-10-septembre.pdf,https://fr.wikipedia.org/wiki/Liste_de_sondages_sur_l%27%C3%A9lection_pr%C3%A9sidentielle_fran%C3%A7aise_de_2027,primary,2026-10-09T14:35Z,sha256:2f7dda59691f5341536459098bc190b7a6e2d11a0075eb158352a927c0764cbb
opinionway-2026-09-09-10259,opinionway,Les Echos / Radio Classique,2026-09-08,2026-09-09,2026-09-10,1001,online,registered,1,S2,attal,14.0,https://www.commission-des-sondages.fr/notices/files/notices/2026/septembre/10259-pres-presitrack-v2-opinionway-les-echos-10-septembre.pdf,https://www.commission-des-sondages.fr/notices/files/notices/2026/septembre/10259-pres-presitrack-v2-opinionway-les-echos-10-septembre.pdf,https://fr.wikipedia.org/wiki/Liste_de_sondages_sur_l%27%C3%A9lection_pr%C3%A9sidentielle_fran%C3%A7aise_de_2027,primary,2026-10-09T14:35Z,sha256:2f7dda59691f5341536459098bc190b7a6e2d11a0075eb158352a927c0764cbb
opinionway-2026-09-09-10259,opinionway,Les Echos / Radio Classique,2026-09-08,2026-09-09,2026-09-10,1001,online,registered,1,S2,dupont_aignan,2.0,https://www.commission-des-sondages.fr/notices/files/notices/2026/septembre/10259-pres-presitrack-v2-opinionway-les-echos-10-septembre.pdf,https://www.commission-des-sondages.fr/notices/files/notices/2026/septembre/10259-pres-presitrack-v2-opinionway-les-echos-10-septembre.pdf,https://fr.wikipedia.org/wiki/Liste_de_sondages_sur_l%27%C3%A9lection_pr%C3%A9sidentielle_fran%C3%A7aise_de_2027,primary,2026-10-09T14:35Z,sha256:2f7dda59691f5341536459098bc190b7a6e2d11a0075eb158352a927c0764cbb
opinionway-2026-09-09-10259,opinionway,Les Echos / Radio Classique,2026-09-08,2026-09-09,2026-09-10,1001,online,registered,1,S2,glucksmann,12.0,https://www.commission-des-sondages.fr/notices/files/notices/2026/septembre/10259-pres-presitrack-v2-opinionway-les-echos-10-septembre.pdf,https://www.commission-des-sondages.fr/notices/files/notices/2026/septembre/10259-pres-presitrack-v2-opinionway-les-echos-10-septembre.pdf,https://fr.wikipedia.org/wiki/Liste_de_sondages_sur_l%27%C3%A9lection_pr%C3%A9sidentielle_fran%C3%A7aise_de_2027,primary,2026-10-09T14:35Z,sha256:2f7dda59691f5341536459098bc190b7a6e2d11a0075eb158352a927c0764cbb
opinionway-2026-09-09-10259,opinionway,Les Echos / Radio Classique,2026-09-08,2026-09-09,2026-09-10,1001,online,registered,1,S2,le_pen,34.0,https://www.commission-des-sondages.fr/notices/files/notices/2026/septembre/10259-pres-presitrack-v2-opinionway-les-echos-10-septembre.pdf,https://www.commission-des-sondages.fr/notices/files/notices/2026/septembre/10259-pres-presitrack-v2-opinionway-les-echos-10-septembre.pdf,https://fr.wikipedia.org/wiki/Liste_de_sondages_sur_l%27%C3%A9lection_pr%C3%A9sidentielle_fran%C3%A7aise_de_2027,primary,2026-10-09T14:35Z,sha256:2f7dda59691f5341536459098bc190b7a6e2d11a0075eb158352a927c0764cbb
opinionway-2026-09-09-10259,opinionway,Les Echos / Radio Classique,2026-09-08,2026-09-09,2026-09-10,1001,online,registered,1,S2,melenchon,15.0,https://www.commission-des-sondages.fr/notices/files/notices/2026/septembre/10259-pres-presitrack-v2-opinionway-les-echos-10-septembre.pdf,https://www.commission-des-sondages.fr/notices/files/notices/2026/septembre/10259-pres-presitrack-v2-opinionway-les-echos-10-septembre.pdf,https://fr.wikipedia.org/wiki/Liste_de_sondages_sur_l%27%C3%A9lection_pr%C3%A9sidentielle_fran%C3%A7aise_de_2027,primary,2026-10-09T14:35Z,sha256:2f7dda59691f5341536459098bc190b7a6e2d11a0075eb158352a927c0764cbb
opinionway-2026-09-09-10259,opinionway,Les Echos / Radio Classique,2026-09-08,2026-09-09,2026-09-10,1001,online,registered,1,S2,retailleau,12.0,https://www.commission-des-sondages.fr/notices/files/notices/2026/septembre/10259-pres-presitrack-v2-opinionway-les-echos-10-septembre.pdf,https://www.commission-des-sondages.fr/notices/files/notices/2026/septembre/10259-pres-presitrack-v2-opinionway-les-echos-10-septembre.pdf,https://fr.wikipedia.org/wiki/Liste_de_sondages_sur_l%27%C3%A9lection_pr%C3%A9sidentielle_fran%C3%A7aise_de_2027,primary,2026-10-09T14:35Z,sha256:2f7dda59691f5341536459098bc190b7a6e2d11a0075eb158352a927c0764cbb
opinionway-2026-09-09-10259,opinionway,Les Echos / Radio Classique,2026-09-08,2026-09-09,2026-09-10,1001,online,registered,1,S2,roussel,2.0,https://www.commission-des-sondages.fr/notices/files/notices/2026/septembre/10259-pres-presitrack-v2-opinionway-les-echos-10-septembre.pdf,https://www.commission-des-sondages.fr/notices/files/notices/2026/septembre/10259-pres-presitrack-v2-opinionway-les-echos-10-septembre.pdf,https://fr.wikipedia.org/wiki/Liste_de_sondages_sur_l%27%C3%A9lection_pr%C3%A9sidentielle_fran%C3%A7aise_de_2027,primary,2026-10-09T14:35Z,sha256:2f7dda59691f5341536459098bc190b7a6e2d11a0075eb158352a927c0764cbb
opinionway-2026-09-09-10259,opinionway,Les Echos / Radio Classique,2026-09-08,2026-09-09,2026-09-10,1001,online,registered,1,S2,tondelier,4.0,https://www.commission-des-sondages.fr/notices/files/notices/2026/septembre/10259-pres-presitrack-v2-opinionway-les-echos-10-septembre.pdf,https://www.commission-des-sondages.fr/notices/files/notices/2026/septembre/10259-pres-presitrack-v2-opinionway-les-echos-10-septembre.pdf,https://fr.wikipedia.org/wiki/Liste_de_sondages_sur_l%27%C3%A9lection_pr%C3%A9sidentielle_fran%C3%A7aise_de_2027,primary,2026-10-09T14:35Z,sha256:2f7dda59691f5341536459098bc190b7a6e2d11a0075eb158352a927c0764cbb
opinionway-2026-09-09-10259,opinionway,Les Echos / Radio Classique,2026-09-08,2026-09-09,2026-09-10,1001,online,registered,1,S2,zemmour,4.0,https://www.commission-des-sondages.fr/notices/files/notices/2026/septembre/10259-pres-presitrack-v2-opinionway-les-echos-10-septembre.pdf,https://www.commission-des-sondages.fr/notices/files/notices/2026/septembre/10259-pres-presitrack-v2-opinionway-les-echos-10-septembre.pdf,https://fr.wikipedia.org/wiki/Liste_de_sondages_sur_l%27%C3%A9lection_pr%C3%A9sidentielle_fran%C3%A7aise_de_2027,primary,2026-10-09T14:35Z,sha256:2f7dda59691f5341536459098bc190b7a6e2d11a0075eb158352a927c0764cbb
opinionway-2026-09-09-10259,opinionway,Les Echos / Radio Classique,2026-09-08,2026-09-09,2026-09-10,1001,online,registered,1,S3,arthaud,1.0,https://www.commission-des-sondages.fr/notices/files/notices/2026/septembre/10259-pres-presitrack-v2-opinionway-les-echos-10-septembre.pdf,https://www.commission-des-sondages.fr/notices/files/notices/2026/septembre/10259-pres-presitrack-v2-opinionway-les-echos-10-septembre.pdf,https://fr.wikipedia.org/wiki/Liste_de_sondages_sur_l%27%C3%A9lection_pr%C3%A9sidentielle_fran%C3%A7aise_de_2027,primary,2026-10-09T14:35Z,sha256:2f7dda59691f5341536459098bc190b7a6e2d11a0075eb158352a927c0764cbb
opinionway-2026-09-09-10259,opinionway,Les Echos / Radio Classique,2026-09-08,2026-09-09,2026-09-10,1001,online,registered,1,S3,dupont_aignan,3.0,https://www.commission-des-sondages.fr/notices/files/notices/2026/septembre/10259-pres-presitrack-v2-opinionway-les-echos-10-septembre.pdf,https://www.commission-des-sondages.fr/notices/files/notices/2026/septembre/10259-pres-presitrack-v2-opinionway-les-echos-10-septembre.pdf,https://fr.wikipedia.org/wiki/Liste_de_sondages_sur_l%27%C3%A9lection_pr%C3%A9sidentielle_fran%C3%A7aise_de_2027,primary,2026-10-09T14:35Z,sha256:2f7dda59691f5341536459098bc190b7a6e2d11a0075eb158352a927c0764cbb
opinionway-2026-09-09-10259,opinionway,Les Echos / Radio Classique,2026-09-08,2026-09-09,2026-09-10,1001,online,registered,1,S3,glucksmann,10.0,https://www.commission-des-sondages.fr/notices/files/notices/2026/septembre/10259-pres-presitrack-v2-opinionway-les-echos-10-septembre.pdf,https://www.commission-des-sondages.fr/notices/files/notices/2026/septembre/10259-pres-presitrack-v2-opinionway-les-echos-10-septembre.pdf,https://fr.wikipedia.org/wiki/Liste_de_sondages_sur_l%27%C3%A9lection_pr%C3%A9sidentielle_fran%C3%A7aise_de_2027,primary,2026-10-09T14:35Z,sha256:2f7dda59691f5341536459098bc190b7a6e2d11a0075eb158352a927c0764cbb
opinionway-2026-09-09-10259,opinionway,Les Echos / Radio Classique,2026-09-08,2026-09-09,2026-09-10,1001,online,registered,1,S3,le_pen,34.0,https://www.commission-des-sondages.fr/notices/files/notices/2026/septembre/10259-pres-presitrack-v2-opinionway-les-echos-10-septembre.pdf,https://www.commission-des-sondages.fr/notices/files/notices/2026/septembre/10259-pres-presitrack-v2-opinionway-les-echos-10-septembre.pdf,https://fr.wikipedia.org/wiki/Liste_de_sondages_sur_l%27%C3%A9lection_pr%C3%A9sidentielle_fran%C3%A7aise_de_2027,primary,2026-10-09T14:35Z,sha256:2f7dda59691f5341536459098bc190b7a6e2d11a0075eb158352a927c0764cbb
opinionway-2026-09-09-10259,opinionway,Les Echos / Radio Classique,2026-09-08,2026-09-09,2026-09-10,1001,online,registered,1,S3,melenchon,15.0,https://www.commission-des-sondages.fr/notices/files/notices/2026/septembre/10259-pres-presitrack-v2-opinionway-les-echos-10-septembre.pdf,https://www.commission-des-sondages.fr/notices/files/notices/2026/septembre/10259-pres-presitrack-v2-opinionway-les-echos-10-septembre.pdf,https://fr.wikipedia.org/wiki/Liste_de_sondages_sur_l%27%C3%A9lection_pr%C3%A9sidentielle_fran%C3%A7aise_de_2027,primary,2026-10-09T14:35Z,sha256:2f7dda59691f5341536459098bc190b7a6e2d11a0075eb158352a927c0764cbb
opinionway-2026-09-09-10259,opinionway,Les Echos / Radio Classique,2026-09-08,2026-09-09,2026-09-10,1001,online,registered,1,S3,philippe,19.0,https://www.commission-des-sondages.fr/notices/files/notices/2026/septembre/10259-pres-presitrack-v2-opinionway-les-echos-10-septembre.pdf,https://www.commission-des-sondages.fr/notices/files/notices/2026/septembre/10259-pres-presitrack-v2-opinionway-les-echos-10-septembre.pdf,https://fr.wikipedia.org/wiki/Liste_de_sondages_sur_l%27%C3%A9lection_pr%C3%A9sidentielle_fran%C3%A7aise_de_2027,primary,2026-10-09T14:35Z,sha256:2f7dda59691f5341536459098bc190b7a6e2d11a0075eb158352a927c0764cbb
opinionway-2026-09-09-10259,opinionway,Les Echos / Radio Classique,2026-09-08,2026-09-09,2026-09-10,1001,online,registered,1,S3,retailleau,10.0,https://www.commission-des-sondages.fr/notices/files/notices/2026/septembre/10259-pres-presitrack-v2-opinionway-les-echos-10-septembre.pdf,https://www.commission-des-sondages.fr/notices/files/notices/2026/septembre/10259-pres-presitrack-v2-opinionway-les-echos-10-septembre.pdf,https://fr.wikipedia.org/wiki/Liste_de_sondages_sur_l%27%C3%A9lection_pr%C3%A9sidentielle_fran%C3%A7aise_de_2027,primary,2026-10-09T14:35Z,sha256:2f7dda59691f5341536459098bc190b7a6e2d11a0075eb158352a927c0764cbb
opinionway-2026-09-09-10259,opinionway,Les Echos / Radio Classique,2026-09-08,2026-09-09,2026-09-10,1001,online,registered,1,S3,roussel,1.0,https://www.commission-des-sondages.fr/notices/files/notices/2026/septembre/10259-pres-presitrack-v2-opinionway-les-echos-10-septembre.pdf,https://www.commission-des-sondages.fr/notices/files/notices/2026/septembre/10259-pres-presitrack-v2-opinionway-les-echos-10-septembre.pdf,https://fr.wikipedia.org/wiki/Liste_de_sondages_sur_l%27%C3%A9lection_pr%C3%A9sidentielle_fran%C3%A7aise_de_2027,primary,2026-10-09T14:35Z,sha256:2f7dda59691f5341536459098bc190b7a6e2d11a0075eb158352a927c0764cbb
opinionway-2026-09-09-10259,opinionway,Les Echos / Radio Classique,2026-09-08,2026-09-09,2026-09-10,1001,online,registered,1,S3,tondelier,3.0,https://www.commission-des-sondages.fr/notices/files/notices/2026/septembre/10259-pres-presitrack-v2-opinionway-les-echos-10-septembre.pdf,https://www.commission-des-sondages.fr/notices/files/notices/2026/septembre/10259-pres-presitrack-v2-opinionway-les-echos-10-septembre.pdf,https://fr.wikipedia.org/wiki/Liste_de_sondages_sur_l%27%C3%A9lection_pr%C3%A9sidentielle_fran%C3%A7aise_de_2027,primary,2026-10-09T14:35Z,sha256:2f7dda59691f5341536459098bc190b7a6e2d11a0075eb158352a927c0764cbb
opinionway-2026-09-09-10259,opinionway,Les Echos / Radio Classique,2026-09-08,2026-09-09,2026-09-10,1001,online,registered,1,S3,zemmour,4.0,https://www.commission-des-sondages.fr/notices/files/notices/2026/septembre/10259-pres-presitrack-v2-opinionway-les-echos-10-septembre.pdf,https://www.commission-des-sondages.fr/notices/files/notices/2026/septembre/10259-pres-presitrack-v2-opinionway-les-echos-10-septembre.pdf,https://fr.wikipedia.org/wiki/Liste_de_sondages_sur_l%27%C3%A9lection_pr%C3%A9sidentielle_fran%C3%A7aise_de_2027,primary,2026-10-09T14:35Z,sha256:2f7dda59691f5341536459098bc190b7a6e2d11a0075eb158352a927c0764cbb
opinionway-2026-09-10-10260,opinionway,CNews,2026-09-09,2026-09-10,2026-09-11,1001,online,registered,1,S1,arthaud,1.0,https://www.commission-des-sondages.fr/notices/files/notices/2026/septembre/10260-pres-iv-opinionway-cnews-11-septembre.pdf,https://www.commission-des-sondages.fr/notices/files/notices/2026/septembre/10260-pres-iv-opinionway-cnews-11-septembre.pdf,https://fr.wikipedia.org/wiki/Liste_de_sondages_sur_l%27%C3%A9lection_pr%C3%A9sidentielle_fran%C3%A7aise_de_2027,primary,2026-10-09T14:35Z,sha256:16750cd0a893e10d09629d9b745e138113e60a5d117c52822a9a607aba4d616f
opinionway-2026-09-10-10260,opinionway,CNews,2026-09-09,2026-09-10,2026-09-11,1001,online,registered,1,S1,attal,8.0,https://www.commission-des-sondages.fr/notices/files/notices/2026/septembre/10260-pres-iv-opinionway-cnews-11-septembre.pdf,https://www.commission-des-sondages.fr/notices/files/notices/2026/septembre/10260-pres-iv-opinionway-cnews-11-septembre.pdf,https://fr.wikipedia.org/wiki/Liste_de_sondages_sur_l%27%C3%A9lection_pr%C3%A9sidentielle_fran%C3%A7aise_de_2027,primary,2026-10-09T14:35Z,sha256:16750cd0a893e10d09629d9b745e138113e60a5d117c52822a9a607aba4d616f
opinionway-2026-09-10-10260,opinionway,CNews,2026-09-09,2026-09-10,2026-09-11,1001,online,registered,1,S1,bouamrane,1.0,https://www.commission-des-sondages.fr/notices/files/notices/2026/septembre/10260-pres-iv-opinionway-cnews-11-septembre.pdf,https://www.commission-des-sondages.fr/notices/files/notices/2026/septembre/10260-pres-iv-opinionway-cnews-11-septembre.pdf,https://fr.wikipedia.org/wiki/Liste_de_sondages_sur_l%27%C3%A9lection_pr%C3%A9sidentielle_fran%C3%A7aise_de_2027,primary,2026-10-09T14:35Z,sha256:16750cd0a893e10d09629d9b745e138113e60a5d117c52822a9a607aba4d616f
opinionway-2026-09-10-10260,opinionway,CNews,2026-09-09,2026-09-10,2026-09-11,1001,online,registered,1,S1,dupont_aignan,2.0,https://www.commission-des-sondages.fr/notices/files/notices/2026/septembre/10260-pres-iv-opinionway-cnews-11-septembre.pdf,https://www.commission-des-sondages.fr/notices/files/notices/2026/septembre/10260-pres-iv-opinionway-cnews-11-septembre.pdf,https://fr.wikipedia.org/wiki/Liste_de_sondages_sur_l%27%C3%A9lection_pr%C3%A9sidentielle_fran%C3%A7aise_de_2027,primary,2026-10-09T14:35Z,sha256:16750cd0a893e10d09629d9b745e138113e60a5d117c52822a9a607aba4d616f
opinionway-2026-09-10-10260,opinionway,CNews,2026-09-09,2026-09-10,2026-09-11,1001,online,registered,1,S1,hollande,7.0,https://www.commission-des-sondages.fr/notices/files/notices/2026/septembre/10260-pres-iv-opinionway-cnews-11-septembre.pdf,https://www.commission-des-sondages.fr/notices/files/notices/2026/septembre/10260-pres-iv-opinionway-cnews-11-septembre.pdf,https://fr.wikipedia.org/wiki/Liste_de_sondages_sur_l%27%C3%A9lection_pr%C3%A9sidentielle_fran%C3%A7aise_de_2027,primary,2026-10-09T14:35Z,sha256:16750cd0a893e10d09629d9b745e138113e60a5d117c52822a9a607aba4d616f
opinionway-2026-09-10-10260,opinionway,CNews,2026-09-09,2026-09-10,2026-09-11,1001,online,registered,1,S1,le_pen,32.0,https://www.commission-des-sondages.fr/notices/files/notices/2026/septembre/10260-pres-iv-opinionway-cnews-11-septembre.pdf,https://www.commission-des-sondages.fr/notices/files/notices/2026/septembre/10260-pres-iv-opinionway-cnews-11-septembre.pdf,https://fr.wikipedia.org/wiki/Liste_de_sondages_sur_l%27%C3%A9lection_pr%C3%A9sidentielle_fran%C3%A7aise_de_2027,primary,2026-10-09T14:35Z,sha256:16750cd0a893e10d09629d9b745e138113e60a5d117c52822a9a607aba4d616f
opinionway-2026-09-10-10260,opinionway,CNews,2026-09-09,2026-09-10,2026-09-11,1001,online,registered,1,S1,lisnard,2.0,https://www.commission-des-sondages.fr/notices/files/notices/2026/septembre/10260-pres-iv-opinionway-cnews-11-septembre.pdf,https://www.commission-des-sondages.fr/notices/files/notices/2026/septembre/10260-pres-iv-opinionway-cnews-11-septembre.pdf,https://fr.wikipedia.org/wiki/Liste_de_sondages_sur_l%27%C3%A9lection_pr%C3%A9sidentielle_fran%C3%A7aise_de_2027,primary,2026-10-09T14:35Z,sha256:16750cd0a893e10d09629d9b745e138113e60a5d117c52822a9a607aba4d616f
opinionway-2026-09-10-10260,opinionway,CNews,2026-09-09,2026-09-10,2026-09-11,1001,online,registered,1,S1,melenchon,16.0,https://www.commission-des-sondages.fr/notices/files/notices/2026/septembre/10260-pres-iv-opinionway-cnews-11-septembre.pdf,https://www.commission-des-sondages.fr/notices/files/notices/2026/septembre/10260-pres-iv-opinionway-cnews-11-septembre.pdf,https://fr.wikipedia.org/wiki/Liste_de_sondages_sur_l%27%C3%A9lection_pr%C3%A9sidentielle_fran%C3%A7aise_de_2027,primary,2026-10-09T14:35Z,sha256:16750cd0a893e10d09629d9b745e138113e60a5d117c52822a9a607aba4d616f
opinionway-2026-09-10-10260,opinionway,CNews,2026-09-09,2026-09-10,2026-09-11,1001,online,registered,1,S1,philippe,16.0,https://www.commission-des-sondages.fr/notices/files/notices/2026/septembre/10260-pres-iv-opinionway-cnews-11-septembre.pdf,https://www.commission-des-sondages.fr/notices/files/notices/2026/septembre/10260-pres-iv-opinionway-cnews-11-septembre.pdf,https://fr.wikipedia.org/wiki/Liste_de_sondages_sur_l%27%C3%A9lection_pr%C3%A9sidentielle_fran%C3%A7aise_de_2027,primary,2026-10-09T14:35Z,sha256:16750cd0a893e10d09629d9b745e138113e60a5d117c52822a9a607aba4d616f
opinionway-2026-09-10-10260,opinionway,CNews,2026-09-09,2026-09-10,2026-09-11,1001,online,registered,1,S1,retailleau,7.0,https://www.commission-des-sondages.fr/notices/files/notices/2026/septembre/10260-pres-iv-opinionway-cnews-11-septembre.pdf,https://www.commission-des-sondages.fr/notices/files/notices/2026/septembre/10260-pres-iv-opinionway-cnews-11-septembre.pdf,https://fr.wikipedia.org/wiki/Liste_de_sondages_sur_l%27%C3%A9lection_pr%C3%A9sidentielle_fran%C3%A7aise_de_2027,primary,2026-10-09T14:35Z,sha256:16750cd0a893e10d09629d9b745e138113e60a5d117c52822a9a607aba4d616f
opinionway-2026-09-10-10260,opinionway,CNews,2026-09-09,2026-09-10,2026-09-11,1001,online,registered,1,S1,roussel,3.0,https://www.commission-des-sondages.fr/notices/files/notices/2026/septembre/10260-pres-iv-opinionway-cnews-11-septembre.pdf,https://www.commission-des-sondages.fr/notices/files/notices/2026/septembre/10260-pres-iv-opinionway-cnews-11-septembre.pdf,https://fr.wikipedia.org/wiki/Liste_de_sondages_sur_l%27%C3%A9lection_pr%C3%A9sidentielle_fran%C3%A7aise_de_2027,primary,2026-10-09T14:35Z,sha256:16750cd0a893e10d09629d9b745e138113e60a5d117c52822a9a607aba4d616f
opinionway-2026-09-10-10260,opinionway,CNews,2026-09-09,2026-09-10,2026-09-11,1001,online,registered,1,S1,tondelier,3.0,https://www.commission-des-sondages.fr/notices/files/notices/2026/septembre/10260-pres-iv-opinionway-cnews-11-septembre.pdf,https://www.commission-des-sondages.fr/notices/files/notices/2026/septembre/10260-pres-iv-opinionway-cnews-11-septembre.pdf,https://fr.wikipedia.org/wiki/Liste_de_sondages_sur_l%27%C3%A9lection_pr%C3%A9sidentielle_fran%C3%A7aise_de_2027,primary,2026-10-09T14:35Z,sha256:16750cd0a893e10d09629d9b745e138113e60a5d117c52822a9a607aba4d616f
opinionway-2026-09-10-10260,opinionway,CNews,2026-09-09,2026-09-10,2026-09-11,1001,online,registered,1,S1,zemmour,2.0,https://www.commission-des-sondages.fr/notices/files/notices/2026/septembre/10260-pres-iv-opinionway-cnews-11-septembre.pdf,https://www.commission-des-sondages.fr/notices/files/notices/2026/septembre/10260-pres-iv-opinionway-cnews-11-septembre.pdf,https://fr.wikipedia.org/wiki/Liste_de_sondages_sur_l%27%C3%A9lection_pr%C3%A9sidentielle_fran%C3%A7aise_de_2027,primary,2026-10-09T14:35Z,sha256:16750cd0a893e10d09629d9b745e138113e60a5d117c52822a9a607aba4d616f
opinionway-2026-09-10-10260,opinionway,CNews,2026-09-09,2026-09-10,2026-09-11,1001,online,registered,1,S2,arthaud,1.0,https://www.commission-des-sondages.fr/notices/files/notices/2026/septembre/10260-pres-iv-opinionway-cnews-11-septembre.pdf,https://www.commission-des-sondages.fr/notices/files/notices/2026/septembre/10260-pres-iv-opinionway-cnews-11-septembre.pdf,https://fr.wikipedia.org/wiki/Liste_de_sondages_sur_l%27%C3%A9lection_pr%C3%A9sidentielle_fran%C3%A7aise_de_2027,primary,2026-10-09T14:35Z,sha256:16750cd0a893e10d09629d9b745e138113e60a5d117c52822a9a607aba4d616f
opinionway-2026-09-10-10260,opinionway,CNews,2026-09-09,2026-09-10,2026-09-11,1001,online,registered,1,S2,attal,8.0,https://www.commission-des-sondages.fr/notices/files/notices/2026/septembre/10260-pres-iv-opinionway-cnews-11-septembre.pdf,https://www.commission-des-sondages.fr/notices/files/notices/2026/septembre/10260-pres-iv-opinionway-cnews-11-septembre.pdf,https://fr.wikipedia.org/wiki/Liste_de_sondages_sur_l%27%C3%A9lection_pr%C3%A9sidentielle_fran%C3%A7aise_de_2027,primary,2026-10-09T14:35Z,sha256:16750cd0a893e10d09629d9b745e138113e60a5d117c52822a9a607aba4d616f
opinionway-2026-09-10-10260,opinionway,CNews,2026-09-09,2026-09-10,2026-09-11,1001,online,registered,1,S2,bouamrane,1.0,https://www.commission-des-sondages.fr/notices/files/notices/2026/septembre/10260-pres-iv-opinionway-cnews-11-septembre.pdf,https://www.commission-des-sondages.fr/notices/files/notices/2026/septembre/10260-pres-iv-opinionway-cnews-11-septembre.pdf,https://fr.wikipedia.org/wiki/Liste_de_sondages_sur_l%27%C3%A9lection_pr%C3%A9sidentielle_fran%C3%A7aise_de_2027,primary,2026-10-09T14:35Z,sha256:16750cd0a893e10d09629d9b745e138113e60a5d117c52822a9a607aba4d616f
opinionway-2026-09-10-10260,opinionway,CNews,2026-09-09,2026-09-10,2026-09-11,1001,online,registered,1,S2,dupont_aignan,3.0,https://www.commission-des-sondages.fr/notices/files/notices/2026/septembre/10260-pres-iv-opinionway-cnews-11-septembre.pdf,https://www.commission-des-sondages.fr/notices/files/notices/2026/septembre/10260-pres-iv-opinionway-cnews-11-septembre.pdf,https://fr.wikipedia.org/wiki/Liste_de_sondages_sur_l%27%C3%A9lection_pr%C3%A9sidentielle_fran%C3%A7aise_de_2027,primary,2026-10-09T14:35Z,sha256:16750cd0a893e10d09629d9b745e138113e60a5d117c52822a9a607aba4d616f
opinionway-2026-09-10-10260,opinionway,CNews,2026-09-09,2026-09-10,2026-09-11,1001,online,registered,1,S2,le_pen,33.0,https://www.commission-des-sondages.fr/notices/files/notices/2026/septembre/10260-pres-iv-opinionway-cnews-11-septembre.pdf,https://www.commission-des-sondages.fr/notices/files/notices/2026/septembre/10260-pres-iv-opinionway-cnews-11-septembre.pdf,https://fr.wikipedia.org/wiki/Liste_de_sondages_sur_l%27%C3%A9lection_pr%C3%A9sidentielle_fran%C3%A7aise_de_2027,primary,2026-10-09T14:35Z,sha256:16750cd0a893e10d09629d9b745e138113e60a5d117c52822a9a607aba4d616f
opinionway-2026-09-10-10260,opinionway,CNews,2026-09-09,2026-09-10,2026-09-11,1001,online,registered,1,S2,lisnard,2.0,https://www.commission-des-sondages.fr/notices/files/notices/2026/septembre/10260-pres-iv-opinionway-cnews-11-septembre.pdf,https://www.commission-des-sondages.fr/notices/files/notices/2026/septembre/10260-pres-iv-opinionway-cnews-11-septembre.pdf,https://fr.wikipedia.org/wiki/Liste_de_sondages_sur_l%27%C3%A9lection_pr%C3%A9sidentielle_fran%C3%A7aise_de_2027,primary,2026-10-09T14:35Z,sha256:16750cd0a893e10d09629d9b745e138113e60a5d117c52822a9a607aba4d616f
opinionway-2026-09-10-10260,opinionway,CNews,2026-09-09,2026-09-10,2026-09-11,1001,online,registered,1,S2,melenchon,17.0,https://www.commission-des-sondages.fr/notices/files/notices/2026/septembre/10260-pres-iv-opinionway-cnews-11-septembre.pdf,https://www.commission-des-sondages.fr/notices/files/notices/2026/septembre/10260-pres-iv-opinionway-cnews-11-septembre.pdf,https://fr.wikipedia.org/wiki/Liste_de_sondages_sur_l%27%C3%A9lection_pr%C3%A9sidentielle_fran%C3%A7aise_de_2027,primary,2026-10-09T14:35Z,sha256:16750cd0a893e10d09629d9b745e138113e60a5d117c52822a9a607aba4d616f
opinionway-2026-09-10-10260,opinionway,CNews,2026-09-09,2026-09-10,2026-09-11,1001,online,registered,1,S2,philippe,16.0,https://www.commission-des-sondages.fr/notices/files/notices/2026/septembre/10260-pres-iv-opinionway-cnews-11-septembre.pdf,https://www.commission-des-sondages.fr/notices/files/notices/2026/septembre/10260-pres-iv-opinionway-cnews-11-septembre.pdf,https://fr.wikipedia.org/wiki/Liste_de_sondages_sur_l%27%C3%A9lection_pr%C3%A9sidentielle_fran%C3%A7aise_de_2027,primary,2026-10-09T14:35Z,sha256:16750cd0a893e10d09629d9b745e138113e60a5d117c52822a9a607aba4d616f
opinionway-2026-09-10-10260,opinionway,CNews,2026-09-09,2026-09-10,2026-09-11,1001,online,registered,1,S2,retailleau,7.0,https://www.commission-des-sondages.fr/notices/files/notices/2026/septembre/10260-pres-iv-opinionway-cnews-11-septembre.pdf,https://www.commission-des-sondages.fr/notices/files/notices/2026/septembre/10260-pres-iv-opinionway-cnews-11-septembre.pdf,https://fr.wikipedia.org/wiki/Liste_de_sondages_sur_l%27%C3%A9lection_pr%C3%A9sidentielle_fran%C3%A7aise_de_2027,primary,2026-10-09T14:35Z,sha256:16750cd0a893e10d09629d9b745e138113e60a5d117c52822a9a607aba4d616f
opinionway-2026-09-10-10260,opinionway,CNews,2026-09-09,2026-09-10,2026-09-11,1001,online,registered,1,S2,roussel,4.0,https://www.commission-des-sondages.fr/notices/files/notices/2026/septembre/10260-pres-iv-opinionway-cnews-11-septembre.pdf,https://www.commission-des-sondages.fr/notices/files/notices/2026/septembre/10260-pres-iv-opinionway-cnews-11-septembre.pdf,https://fr.wikipedia.org/wiki/Liste_de_sondages_sur_l%27%C3%A9lection_pr%C3%A9sidentielle_fran%C3%A7aise_de_2027,primary,2026-10-09T14:35Z,sha256:16750cd0a893e10d09629d9b745e138113e60a5d117c52822a9a607aba4d616f
opinionway-2026-09-10-10260,opinionway,CNews,2026-09-09,2026-09-10,2026-09-11,1001,online,registered,1,S2,royal,3.0,https://www.commission-des-sondages.fr/notices/files/notices/2026/septembre/10260-pres-iv-opinionway-cnews-11-septembre.pdf,https://www.commission-des-sondages.fr/notices/files/notices/2026/septembre/10260-pres-iv-opinionway-cnews-11-septembre.pdf,https://fr.wikipedia.org/wiki/Liste_de_sondages_sur_l%27%C3%A9lection_pr%C3%A9sidentielle_fran%C3%A7aise_de_2027,primary,2026-10-09T14:35Z,sha256:16750cd0a893e10d09629d9b745e138113e60a5d117c52822a9a607aba4d616f
opinionway-2026-09-10-10260,opinionway,CNews,2026-09-09,2026-09-10,2026-09-11,1001,online,registered,1,S2,tondelier,3.0,https://www.commission-des-sondages.fr/notices/files/notices/2026/septembre/10260-pres-iv-opinionway-cnews-11-septembre.pdf,https://www.commission-des-sondages.fr/notices/files/notices/2026/septembre/10260-pres-iv-opinionway-cnews-11-septembre.pdf,https://fr.wikipedia.org/wiki/Liste_de_sondages_sur_l%27%C3%A9lection_pr%C3%A9sidentielle_fran%C3%A7aise_de_2027,primary,2026-10-09T14:35Z,sha256:16750cd0a893e10d09629d9b745e138113e60a5d117c52822a9a607aba4d616f
opinionway-2026-09-10-10260,opinionway,CNews,2026-09-09,2026-09-10,2026-09-11,1001,online,registered,1,S2,zemmour,2.0,https://www.commission-des-sondages.fr/notices/files/notices/2026/septembre/10260-pres-iv-opinionway-cnews-11-septembre.pdf,https://www.commission-des-sondages.fr/notices/files/notices/2026/septembre/10260-pres-iv-opinionway-cnews-11-septembre.pdf,https://fr.wikipedia.org/wiki/Liste_de_sondages_sur_l%27%C3%A9lection_pr%C3%A9sidentielle_fran%C3%A7aise_de_2027,primary,2026-10-09T14:35Z,sha256:16750cd0a893e10d09629d9b745e138113e60a5d117c52822a9a607aba4d616f
opinionway-2026-09-10-10260,opinionway,CNews,2026-09-09,2026-09-10,2026-09-11,1001,online,registered,1,S3,arthaud,0.5,https://www.commission-des-sondages.fr/notices/files/notices/2026/septembre/10260-pres-iv-opinionway-cnews-11-septembre.pdf,https://www.commission-des-sondages.fr/notices/files/notices/2026/septembre/10260-pres-iv-opinionway-cnews-11-septembre.pdf,https://fr.wikipedia.org/wiki/Liste_de_sondages_sur_l%27%C3%A9lection_pr%C3%A9sidentielle_fran%C3%A7aise_de_2027,primary,2026-10-09T14:35Z,sha256:16750cd0a893e10d09629d9b745e138113e60a5d117c52822a9a607aba4d616f
opinionway-2026-09-10-10260,opinionway,CNews,2026-09-09,2026-09-10,2026-09-11,1001,online,registered,1,S3,attal,7.0,https://www.commission-des-sondages.fr/notices/files/notices/2026/septembre/10260-pres-iv-opinionway-cnews-11-septembre.pdf,https://www.commission-des-sondages.fr/notices/files/notices/2026/septembre/10260-pres-iv-opinionway-cnews-11-septembre.pdf,https://fr.wikipedia.org/wiki/Liste_de_sondages_sur_l%27%C3%A9lection_pr%C3%A9sidentielle_fran%C3%A7aise_de_2027,primary,2026-10-09T14:35Z,sha256:16750cd0a893e10d09629d9b745e138113e60a5d117c52822a9a607aba4d616f
opinionway-2026-09-10-10260,opinionway,CNews,2026-09-09,2026-09-10,2026-09-11,1001,online,registered,1,S3,bouamrane,0.5,https://www.commission-des-sondages.fr/notices/files/notices/2026/septembre/10260-pres-iv-opinionway-cnews-11-septembre.pdf,https://www.commission-des-sondages.fr/notices/files/notices/2026/septembre/10260-pres-iv-opinionway-cnews-11-septembre.pdf,https://fr.wikipedia.org/wiki/Liste_de_sondages_sur_l%27%C3%A9lection_pr%C3%A9sidentielle_fran%C3%A7aise_de_2027,primary,2026-10-09T14:35Z,sha256:16750cd0a893e10d09629d9b745e138113e60a5d117c52822a9a607aba4d616f
opinionway-2026-09-10-10260,opinionway,CNews,2026-09-09,2026-09-10,2026-09-11,1001,online,registered,1,S3,dupont_aignan,2.0,https://www.commission-des-sondages.fr/notices/files/notices/2026/septembre/10260-pres-iv-opinionway-cnews-11-septembre.pdf,https://www.commission-des-sondages.fr/notices/files/notices/2026/septembre/10260-pres-iv-opinionway-cnews-11-septembre.pdf,https://fr.wikipedia.org/wiki/Liste_de_sondages_sur_l%27%C3%A9lection_pr%C3%A9sidentielle_fran%C3%A7aise_de_2027,primary,2026-10-09T14:35Z,sha256:16750cd0a893e10d09629d9b745e138113e60a5d117c52822a9a607aba4d616f
opinionway-2026-09-10-10260,opinionway,CNews,2026-09-09,2026-09-10,2026-09-11,1001,online,registered,1,S3,glucksmann,9.0,https://www.commission-des-sondages.fr/notices/files/notices/2026/septembre/10260-pres-iv-opinionway-cnews-11-septembre.pdf,https://www.commission-des-sondages.fr/notices/files/notices/2026/septembre/10260-pres-iv-opinionway-cnews-11-septembre.pdf,https://fr.wikipedia.org/wiki/Liste_de_sondages_sur_l%27%C3%A9lection_pr%C3%A9sidentielle_fran%C3%A7aise_de_2027,primary,2026-10-09T14:35Z,sha256:16750cd0a893e10d09629d9b745e138113e60a5d117c52822a9a607aba4d616f
opinionway-2026-09-10-10260,opinionway,CNews,2026-09-09,2026-09-10,2026-09-11,1001,online,registered,1,S3,le_pen,34.0,https://www.commission-des-sondages.fr/notices/files/notices/2026/septembre/10260-pres-iv-opinionway-cnews-11-septembre.pdf,https://www.commission-des-sondages.fr/notices/files/notices/2026/septembre/10260-pres-iv-opinionway-cnews-11-septembre.pdf,https://fr.wikipedia.org/wiki/Liste_de_sondages_sur_l%27%C3%A9lection_pr%C3%A9sidentielle_fran%C3%A7aise_de_2027,primary,2026-10-09T14:35Z,sha256:16750cd0a893e10d09629d9b745e138113e60a5d117c52822a9a607aba4d616f
opinionway-2026-09-10-10260,opinionway,CNews,2026-09-09,2026-09-10,2026-09-11,1001,online,registered,1,S3,lisnard,2.0,https://www.commission-des-sondages.fr/notices/files/notices/2026/septembre/10260-pres-iv-opinionway-cnews-11-septembre.pdf,https://www.commission-des-sondages.fr/notices/files/notices/2026/septembre/10260-pres-iv-opinionway-cnews-11-septembre.pdf,https://fr.wikipedia.org/wiki/Liste_de_sondages_sur_l%27%C3%A9lection_pr%C3%A9sidentielle_fran%C3%A7aise_de_2027,primary,2026-10-09T14:35Z,sha256:16750cd0a893e10d09629d9b745e138113e60a5d117c52822a9a607aba4d616f
opinionway-2026-09-10-10260,opinionway,CNews,2026-09-09,2026-09-10,2026-09-11,1001,online,registered,1,S3,melenchon,17.0,https://www.commission-des-sondages.fr/notices/files/notices/2026/septembre/10260-pres-iv-opinionway-cnews-11-septembre.pdf,https://www.commission-des-sondages.fr/notices/files/notices/2026/septembre/10260-pres-iv-opinionway-cnews-11-septembre.pdf,https://fr.wikipedia.org/wiki/Liste_de_sondages_sur_l%27%C3%A9lection_pr%C3%A9sidentielle_fran%C3%A7aise_de_2027,primary,2026-10-09T14:35Z,sha256:16750cd0a893e10d09629d9b745e138113e60a5d117c52822a9a607aba4d616f
opinionway-2026-09-10-10260,opinionway,CNews,2026-09-09,2026-09-10,2026-09-11,1001,online,registered,1,S3,philippe,15.0,https://www.commission-des-sondages.fr/notices/files/notices/2026/septembre/10260-pres-iv-opinionway-cnews-11-septembre.pdf,https://www.commission-des-sondages.fr/notices/files/notices/2026/septembre/10260-pres-iv-opinionway-cnews-11-septembre.pdf,https://fr.wikipedia.org/wiki/Liste_de_sondages_sur_l%27%C3%A9lection_pr%C3%A9sidentielle_fran%C3%A7aise_de_2027,primary,2026-10-09T14:35Z,sha256:16750cd0a893e10d09629d9b745e138113e60a5d117c52822a9a607aba4d616f
opinionway-2026-09-10-10260,opinionway,CNews,2026-09-09,2026-09-10,2026-09-11,1001,online,registered,1,S3,retailleau,7.0,https://www.commission-des-sondages.fr/notices/files/notices/2026/septembre/10260-pres-iv-opinionway-cnews-11-septembre.pdf,https://www.commission-des-sondages.fr/notices/files/notices/2026/septembre/10260-pres-iv-opinionway-cnews-11-septembre.pdf,https://fr.wikipedia.org/wiki/Liste_de_sondages_sur_l%27%C3%A9lection_pr%C3%A9sidentielle_fran%C3%A7aise_de_2027,primary,2026-10-09T14:35Z,sha256:16750cd0a893e10d09629d9b745e138113e60a5d117c52822a9a607aba4d616f
opinionway-2026-09-10-10260,opinionway,CNews,2026-09-09,2026-09-10,2026-09-11,1001,online,registered,1,S3,roussel,2.0,https://www.commission-des-sondages.fr/notices/files/notices/2026/septembre/10260-pres-iv-opinionway-cnews-11-septembre.pdf,https://www.commission-des-sondages.fr/notices/files/notices/2026/septembre/10260-pres-iv-opinionway-cnews-11-septembre.pdf,https://fr.wikipedia.org/wiki/Liste_de_sondages_sur_l%27%C3%A9lection_pr%C3%A9sidentielle_fran%C3%A7aise_de_2027,primary,2026-10-09T14:35Z,sha256:16750cd0a893e10d09629d9b745e138113e60a5d117c52822a9a607aba4d616f
opinionway-2026-09-10-10260,opinionway,CNews,2026-09-09,2026-09-10,2026-09-11,1001,online,registered,1,S3,tondelier,3.0,https://www.commission-des-sondages.fr/notices/files/notices/2026/septembre/10260-pres-iv-opinionway-cnews-11-septembre.pdf,https://www.commission-des-sondages.fr/notices/files/notices/2026/septembre/10260-pres-iv-opinionway-cnews-11-septembre.pdf,https://fr.wikipedia.org/wiki/Liste_de_sondages_sur_l%27%C3%A9lection_pr%C3%A9sidentielle_fran%C3%A7aise_de_2027,primary,2026-10-09T14:35Z,sha256:16750cd0a893e10d09629d9b745e138113e60a5d117c52822a9a607aba4d616f
opinionway-2026-09-10-10260,opinionway,CNews,2026-09-09,2026-09-10,2026-09-11,1001,online,registered,1,S3,zemmour,2.0,https://www.commission-des-sondages.fr/notices/files/notices/2026/septembre/10260-pres-iv-opinionway-cnews-11-septembre.pdf,https://www.commission-des-sondages.fr/notices/files/notices/2026/septembre/10260-pres-iv-opinionway-cnews-11-septembre.pdf,https://fr.wikipedia.org/wiki/Liste_de_sondages_sur_l%27%C3%A9lection_pr%C3%A9sidentielle_fran%C3%A7aise_de_2027,primary,2026-10-09T14:35Z,sha256:16750cd0a893e10d09629d9b745e138113e60a5d117c52822a9a607aba4d616f
opinionway-2026-09-10-10260,opinionway,CNews,2026-09-09,2026-09-10,2026-09-11,1001,online,registered,2,H1,le_pen,67.0,https://www.commission-des-sondages.fr/notices/files/notices/2026/septembre/10260-pres-iv-opinionway-cnews-11-septembre.pdf,https://www.commission-des-sondages.fr/notices/files/notices/2026/septembre/10260-pres-iv-opinionway-cnews-11-septembre.pdf,https://fr.wikipedia.org/wiki/Liste_de_sondages_sur_l%27%C3%A9lection_pr%C3%A9sidentielle_fran%C3%A7aise_de_2027,primary,2026-10-09T14:35Z,sha256:16750cd0a893e10d09629d9b745e138113e60a5d117c52822a9a607aba4d616f
opinionway-2026-09-10-10260,opinionway,CNews,2026-09-09,2026-09-10,2026-09-11,1001,online,registered,2,H1,melenchon,33.0,https://www.commission-des-sondages.fr/notices/files/notices/2026/septembre/10260-pres-iv-opinionway-cnews-11-septembre.pdf,https://www.commission-des-sondages.fr/notices/files/notices/2026/septembre/10260-pres-iv-opinionway-cnews-11-septembre.pdf,https://fr.wikipedia.org/wiki/Liste_de_sondages_sur_l%27%C3%A9lection_pr%C3%A9sidentielle_fran%C3%A7aise_de_2027,primary,2026-10-09T14:35Z,sha256:16750cd0a893e10d09629d9b745e138113e60a5d117c52822a9a607aba4d616f
opinionway-2026-09-10-10260,opinionway,CNews,2026-09-09,2026-09-10,2026-09-11,1001,online,registered,2,H2,le_pen,55.0,https://www.commission-des-sondages.fr/notices/files/notices/2026/septembre/10260-pres-iv-opinionway-cnews-11-septembre.pdf,https://www.commission-des-sondages.fr/notices/files/notices/2026/septembre/10260-pres-iv-opinionway-cnews-11-septembre.pdf,https://fr.wikipedia.org/wiki/Liste_de_sondages_sur_l%27%C3%A9lection_pr%C3%A9sidentielle_fran%C3%A7aise_de_2027,primary,2026-10-09T14:35Z,sha256:16750cd0a893e10d09629d9b745e138113e60a5d117c52822a9a607aba4d616f
opinionway-2026-09-10-10260,opinionway,CNews,2026-09-09,2026-09-10,2026-09-11,1001,online,registered,2,H2,philippe,45.0,https://www.commission-des-sondages.fr/notices/files/notices/2026/septembre/10260-pres-iv-opinionway-cnews-11-septembre.pdf,https://www.commission-des-sondages.fr/notices/files/notices/2026/septembre/10260-pres-iv-opinionway-cnews-11-septembre.pdf,https://fr.wikipedia.org/wiki/Liste_de_sondages_sur_l%27%C3%A9lection_pr%C3%A9sidentielle_fran%C3%A7aise_de_2027,primary,2026-10-09T14:35Z,sha256:16750cd0a893e10d09629d9b745e138113e60a5d117c52822a9a607aba4d616f
ipsos-bva-2026-09-09-10262,ipsos-bva,Le Monde / CEVIPOF / Fondation Jean-Jaures / Institut Montaigne,2026-09-03,2026-09-09,2026-09-13,13060,online,likely,1,S1,arthaud,0.5,https://www.commission-des-sondages.fr/notices/files/notices/2026/septembre/10262-pres-enquete-electorale-ipsos-bva-le-monde-13-septembre.pdf,https://www.commission-des-sondages.fr/notices/files/notices/2026/septembre/10262-pres-enquete-electorale-ipsos-bva-le-monde-13-septembre.pdf,https://fr.wikipedia.org/wiki/Liste_de_sondages_sur_l%27%C3%A9lection_pr%C3%A9sidentielle_fran%C3%A7aise_de_2027,primary,2026-10-09T14:35Z,sha256:3f86a2403d4264be6d6478383bbc3526a2fb117c0c6f045b08b10241078405d4
ipsos-bva-2026-09-09-10262,ipsos-bva,Le Monde / CEVIPOF / Fondation Jean-Jaures / Institut Montaigne,2026-09-03,2026-09-09,2026-09-13,13060,online,likely,1,S1,attal,6.0,https://www.commission-des-sondages.fr/notices/files/notices/2026/septembre/10262-pres-enquete-electorale-ipsos-bva-le-monde-13-septembre.pdf,https://www.commission-des-sondages.fr/notices/files/notices/2026/septembre/10262-pres-enquete-electorale-ipsos-bva-le-monde-13-septembre.pdf,https://fr.wikipedia.org/wiki/Liste_de_sondages_sur_l%27%C3%A9lection_pr%C3%A9sidentielle_fran%C3%A7aise_de_2027,primary,2026-10-09T14:35Z,sha256:3f86a2403d4264be6d6478383bbc3526a2fb117c0c6f045b08b10241078405d4
ipsos-bva-2026-09-09-10262,ipsos-bva,Le Monde / CEVIPOF / Fondation Jean-Jaures / Institut Montaigne,2026-09-03,2026-09-09,2026-09-13,13060,online,likely,1,S1,dupont_aignan,2.0,https://www.commission-des-sondages.fr/notices/files/notices/2026/septembre/10262-pres-enquete-electorale-ipsos-bva-le-monde-13-septembre.pdf,https://www.commission-des-sondages.fr/notices/files/notices/2026/septembre/10262-pres-enquete-electorale-ipsos-bva-le-monde-13-septembre.pdf,https://fr.wikipedia.org/wiki/Liste_de_sondages_sur_l%27%C3%A9lection_pr%C3%A9sidentielle_fran%C3%A7aise_de_2027,primary,2026-10-09T14:35Z,sha256:3f86a2403d4264be6d6478383bbc3526a2fb117c0c6f045b08b10241078405d4
ipsos-bva-2026-09-09-10262,ipsos-bva,Le Monde / CEVIPOF / Fondation Jean-Jaures / Institut Montaigne,2026-09-03,2026-09-09,2026-09-13,13060,online,likely,1,S1,glucksmann,11.5,https://www.commission-des-sondages.fr/notices/files/notices/2026/septembre/10262-pres-enquete-electorale-ipsos-bva-le-monde-13-septembre.pdf,https://www.commission-des-sondages.fr/notices/files/notices/2026/septembre/10262-pres-enquete-electorale-ipsos-bva-le-monde-13-septembre.pdf,https://fr.wikipedia.org/wiki/Liste_de_sondages_sur_l%27%C3%A9lection_pr%C3%A9sidentielle_fran%C3%A7aise_de_2027,primary,2026-10-09T14:35Z,sha256:3f86a2403d4264be6d6478383bbc3526a2fb117c0c6f045b08b10241078405d4
ipsos-bva-2026-09-09-10262,ipsos-bva,Le Monde / CEVIPOF / Fondation Jean-Jaures / Institut Montaigne,2026-09-03,2026-09-09,2026-09-13,13060,online,likely,1,S1,le_pen,33.0,https://www.commission-des-sondages.fr/notices/files/notices/2026/septembre/10262-pres-enquete-electorale-ipsos-bva-le-monde-13-septembre.pdf,https://www.commission-des-sondages.fr/notices/files/notices/2026/septembre/10262-pres-enquete-electorale-ipsos-bva-le-monde-13-septembre.pdf,https://fr.wikipedia.org/wiki/Liste_de_sondages_sur_l%27%C3%A9lection_pr%C3%A9sidentielle_fran%C3%A7aise_de_2027,primary,2026-10-09T14:35Z,sha256:3f86a2403d4264be6d6478383bbc3526a2fb117c0c6f045b08b10241078405d4
ipsos-bva-2026-09-09-10262,ipsos-bva,Le Monde / CEVIPOF / Fondation Jean-Jaures / Institut Montaigne,2026-09-03,2026-09-09,2026-09-13,13060,online,likely,1,S1,melenchon,15.5,https://www.commission-des-sondages.fr/notices/files/notices/2026/septembre/10262-pres-enquete-electorale-ipsos-bva-le-monde-13-septembre.pdf,https://www.commission-des-sondages.fr/notices/files/notices/2026/septembre/10262-pres-enquete-electorale-ipsos-bva-le-monde-13-septembre.pdf,https://fr.wikipedia.org/wiki/Liste_de_sondages_sur_l%27%C3%A9lection_pr%C3%A9sidentielle_fran%C3%A7aise_de_2027,primary,2026-10-09T14:35Z,sha256:3f86a2403d4264be6d6478383bbc3526a2fb117c0c6f045b08b10241078405d4
ipsos-bva-2026-09-09-10262,ipsos-bva,Le Monde / CEVIPOF / Fondation Jean-Jaures / Institut Montaigne,2026-09-03,2026-09-09,2026-09-13,13060,online,likely,1,S1,philippe,14.0,https://www.commission-des-sondages.fr/notices/files/notices/2026/septembre/10262-pres-enquete-electorale-ipsos-bva-le-monde-13-septembre.pdf,https://www.commission-des-sondages.fr/notices/files/notices/2026/septembre/10262-pres-enquete-electorale-ipsos-bva-le-monde-13-septembre.pdf,https://fr.wikipedia.org/wiki/Liste_de_sondages_sur_l%27%C3%A9lection_pr%C3%A9sidentielle_fran%C3%A7aise_de_2027,primary,2026-10-09T14:35Z,sha256:3f86a2403d4264be6d6478383bbc3526a2fb117c0c6f045b08b10241078405d4
ipsos-bva-2026-09-09-10262,ipsos-bva,Le Monde / CEVIPOF / Fondation Jean-Jaures / Institut Montaigne,2026-09-03,2026-09-09,2026-09-13,13060,online,likely,1,S1,retailleau,7.0,https://www.commission-des-sondages.fr/notices/files/notices/2026/septembre/10262-pres-enquete-electorale-ipsos-bva-le-monde-13-septembre.pdf,https://www.commission-des-sondages.fr/notices/files/notices/2026/septembre/10262-pres-enquete-electorale-ipsos-bva-le-monde-13-septembre.pdf,https://fr.wikipedia.org/wiki/Liste_de_sondages_sur_l%27%C3%A9lection_pr%C3%A9sidentielle_fran%C3%A7aise_de_2027,primary,2026-10-09T14:35Z,sha256:3f86a2403d4264be6d6478383bbc3526a2fb117c0c6f045b08b10241078405d4
ipsos-bva-2026-09-09-10262,ipsos-bva,Le Monde / CEVIPOF / Fondation Jean-Jaures / Institut Montaigne,2026-09-03,2026-09-09,2026-09-13,13060,online,likely,1,S1,roussel,2.5,https://www.commission-des-sondages.fr/notices/files/notices/2026/septembre/10262-pres-enquete-electorale-ipsos-bva-le-monde-13-septembre.pdf,https://www.commission-des-sondages.fr/notices/files/notices/2026/septembre/10262-pres-enquete-electorale-ipsos-bva-le-monde-13-septembre.pdf,https://fr.wikipedia.org/wiki/Liste_de_sondages_sur_l%27%C3%A9lection_pr%C3%A9sidentielle_fran%C3%A7aise_de_2027,primary,2026-10-09T14:35Z,sha256:3f86a2403d4264be6d6478383bbc3526a2fb117c0c6f045b08b10241078405d4
ipsos-bva-2026-09-09-10262,ipsos-bva,Le Monde / CEVIPOF / Fondation Jean-Jaures / Institut Montaigne,2026-09-03,2026-09-09,2026-09-13,13060,online,likely,1,S1,tondelier,4.0,https://www.commission-des-sondages.fr/notices/files/notices/2026/septembre/10262-pres-enquete-electorale-ipsos-bva-le-monde-13-septembre.pdf,https://www.commission-des-sondages.fr/notices/files/notices/2026/septembre/10262-pres-enquete-electorale-ipsos-bva-le-monde-13-septembre.pdf,https://fr.wikipedia.org/wiki/Liste_de_sondages_sur_l%27%C3%A9lection_pr%C3%A9sidentielle_fran%C3%A7aise_de_2027,primary,2026-10-09T14:35Z,sha256:3f86a2403d4264be6d6478383bbc3526a2fb117c0c6f045b08b10241078405d4
ipsos-bva-2026-09-09-10262,ipsos-bva,Le Monde / CEVIPOF / Fondation Jean-Jaures / Institut Montaigne,2026-09-03,2026-09-09,2026-09-13,13060,online,likely,1,S1,zemmour,4.0,https://www.commission-des-sondages.fr/notices/files/notices/2026/septembre/10262-pres-enquete-electorale-ipsos-bva-le-monde-13-septembre.pdf,https://www.commission-des-sondages.fr/notices/files/notices/2026/septembre/10262-pres-enquete-electorale-ipsos-bva-le-monde-13-septembre.pdf,https://fr.wikipedia.org/wiki/Liste_de_sondages_sur_l%27%C3%A9lection_pr%C3%A9sidentielle_fran%C3%A7aise_de_2027,primary,2026-10-09T14:35Z,sha256:3f86a2403d4264be6d6478383bbc3526a2fb117c0c6f045b08b10241078405d4
ipsos-bva-2026-09-09-10262,ipsos-bva,Le Monde / CEVIPOF / Fondation Jean-Jaures / Institut Montaigne,2026-09-03,2026-09-09,2026-09-13,13060,online,likely,1,S2,arthaud,0.5,https://www.commission-des-sondages.fr/notices/files/notices/2026/septembre/10262-pres-enquete-electorale-ipsos-bva-le-monde-13-septembre.pdf,https://www.commission-des-sondages.fr/notices/files/notices/2026/septembre/10262-pres-enquete-electorale-ipsos-bva-le-monde-13-septembre.pdf,https://fr.wikipedia.org/wiki/Liste_de_sondages_sur_l%27%C3%A9lection_pr%C3%A9sidentielle_fran%C3%A7aise_de_2027,primary,2026-10-09T14:35Z,sha256:3f86a2403d4264be6d6478383bbc3526a2fb117c0c6f045b08b10241078405d4
ipsos-bva-2026-09-09-10262,ipsos-bva,Le Monde / CEVIPOF / Fondation Jean-Jaures / Institut Montaigne,2026-09-03,2026-09-09,2026-09-13,13060,online,likely,1,S2,dupont_aignan,2.0,https://www.commission-des-sondages.fr/notices/files/notices/2026/septembre/10262-pres-enquete-electorale-ipsos-bva-le-monde-13-septembre.pdf,https://www.commission-des-sondages.fr/notices/files/notices/2026/septembre/10262-pres-enquete-electorale-ipsos-bva-le-monde-13-septembre.pdf,https://fr.wikipedia.org/wiki/Liste_de_sondages_sur_l%27%C3%A9lection_pr%C3%A9sidentielle_fran%C3%A7aise_de_2027,primary,2026-10-09T14:35Z,sha256:3f86a2403d4264be6d6478383bbc3526a2fb117c0c6f045b08b10241078405d4
ipsos-bva-2026-09-09-10262,ipsos-bva,Le Monde / CEVIPOF / Fondation Jean-Jaures / Institut Montaigne,2026-09-03,2026-09-09,2026-09-13,13060,online,likely,1,S2,glucksmann,12.5,https://www.commission-des-sondages.fr/notices/files/notices/2026/septembre/10262-pres-enquete-electorale-ipsos-bva-le-monde-13-septembre.pdf,https://www.commission-des-sondages.fr/notices/files/notices/2026/septembre/10262-pres-enquete-electorale-ipsos-bva-le-monde-13-septembre.pdf,https://fr.wikipedia.org/wiki/Liste_de_sondages_sur_l%27%C3%A9lection_pr%C3%A9sidentielle_fran%C3%A7aise_de_2027,primary,2026-10-09T14:35Z,sha256:3f86a2403d4264be6d6478383bbc3526a2fb117c0c6f045b08b10241078405d4
ipsos-bva-2026-09-09-10262,ipsos-bva,Le Monde / CEVIPOF / Fondation Jean-Jaures / Institut Montaigne,2026-09-03,2026-09-09,2026-09-13,13060,online,likely,1,S2,le_pen,33.5,https://www.commission-des-sondages.fr/notices/files/notices/2026/septembre/10262-pres-enquete-electorale-ipsos-bva-le-monde-13-septembre.pdf,https://www.commission-des-sondages.fr/notices/files/notices/2026/septembre/10262-pres-enquete-electorale-ipsos-bva-le-monde-13-septembre.pdf,https://fr.wikipedia.org/wiki/Liste_de_sondages_sur_l%27%C3%A9lection_pr%C3%A9sidentielle_fran%C3%A7aise_de_2027,primary,2026-10-09T14:35Z,sha256:3f86a2403d4264be6d6478383bbc3526a2fb117c0c6f045b08b10241078405d4
ipsos-bva-2026-09-09-10262,ipsos-bva,Le Monde / CEVIPOF / Fondation Jean-Jaures / Institut Montaigne,2026-09-03,2026-09-09,2026-09-13,13060,online,likely,1,S2,melenchon,15.5,https://www.commission-des-sondages.fr/notices/files/notices/2026/septembre/10262-pres-enquete-electorale-ipsos-bva-le-monde-13-septembre.pdf,https://www.commission-des-sondages.fr/notices/files/notices/2026/septembre/10262-pres-enquete-electorale-ipsos-bva-le-monde-13-septembre.pdf,https://fr.wikipedia.org/wiki/Liste_de_sondages_sur_l%27%C3%A9lection_pr%C3%A9sidentielle_fran%C3%A7aise_de_2027,primary,2026-10-09T14:35Z,sha256:3f86a2403d4264be6d6478383bbc3526a2fb117c0c6f045b08b10241078405d4
ipsos-bva-2026-09-09-10262,ipsos-bva,Le Monde / CEVIPOF / Fondation Jean-Jaures / Institut Montaigne,2026-09-03,2026-09-09,2026-09-13,13060,online,likely,1,S2,philippe,17.5,https://www.commission-des-sondages.fr/notices/files/notices/2026/septembre/10262-pres-enquete-electorale-ipsos-bva-le-monde-13-septembre.pdf,https://www.commission-des-sondages.fr/notices/files/notices/2026/septembre/10262-pres-enquete-electorale-ipsos-bva-le-monde-13-septembre.pdf,https://fr.wikipedia.org/wiki/Liste_de_sondages_sur_l%27%C3%A9lection_pr%C3%A9sidentielle_fran%C3%A7aise_de_2027,primary,2026-10-09T14:35Z,sha256:3f86a2403d4264be6d6478383bbc3526a2fb117c0c6f045b08b10241078405d4
ipsos-bva-2026-09-09-10262,ipsos-bva,Le Monde / CEVIPOF / Fondation Jean-Jaures / Institut Montaigne,2026-09-03,2026-09-09,2026-09-13,13060,online,likely,1,S2,retailleau,8.0,https://www.commission-des-sondages.fr/notices/files/notices/2026/septembre/10262-pres-enquete-electorale-ipsos-bva-le-monde-13-septembre.pdf,https://www.commission-des-sondages.fr/notices/files/notices/2026/septembre/10262-pres-enquete-electorale-ipsos-bva-le-monde-13-septembre.pdf,https://fr.wikipedia.org/wiki/Liste_de_sondages_sur_l%27%C3%A9lection_pr%C3%A9sidentielle_fran%C3%A7aise_de_2027,primary,2026-10-09T14:35Z,sha256:3f86a2403d4264be6d6478383bbc3526a2fb117c0c6f045b08b10241078405d4
ipsos-bva-2026-09-09-10262,ipsos-bva,Le Monde / CEVIPOF / Fondation Jean-Jaures / Institut Montaigne,2026-09-03,2026-09-09,2026-09-13,13060,online,likely,1,S2,roussel,2.5,https://www.commission-des-sondages.fr/notices/files/notices/2026/septembre/10262-pres-enquete-electorale-ipsos-bva-le-monde-13-septembre.pdf,https://www.commission-des-sondages.fr/notices/files/notices/2026/septembre/10262-pres-enquete-electorale-ipsos-bva-le-monde-13-septembre.pdf,https://fr.wikipedia.org/wiki/Liste_de_sondages_sur_l%27%C3%A9lection_pr%C3%A9sidentielle_fran%C3%A7aise_de_2027,primary,2026-10-09T14:35Z,sha256:3f86a2403d4264be6d6478383bbc3526a2fb117c0c6f045b08b10241078405d4
ipsos-bva-2026-09-09-10262,ipsos-bva,Le Monde / CEVIPOF / Fondation Jean-Jaures / Institut Montaigne,2026-09-03,2026-09-09,2026-09-13,13060,online,likely,1,S2,tondelier,4.0,https://www.commission-des-sondages.fr/notices/files/notices/2026/septembre/10262-pres-enquete-electorale-ipsos-bva-le-monde-13-septembre.pdf,https://www.commission-des-sondages.fr/notices/files/notices/2026/septembre/10262-pres-enquete-electorale-ipsos-bva-le-monde-13-septembre.pdf,https://fr.wikipedia.org/wiki/Liste_de_sondages_sur_l%27%C3%A9lection_pr%C3%A9sidentielle_fran%C3%A7aise_de_2027,primary,2026-10-09T14:35Z,sha256:3f86a2403d4264be6d6478383bbc3526a2fb117c0c6f045b08b10241078405d4
ipsos-bva-2026-09-09-10262,ipsos-bva,Le Monde / CEVIPOF / Fondation Jean-Jaures / Institut Montaigne,2026-09-03,2026-09-09,2026-09-13,13060,online,likely,1,S2,zemmour,4.0,https://www.commission-des-sondages.fr/notices/files/notices/2026/septembre/10262-pres-enquete-electorale-ipsos-bva-le-monde-13-septembre.pdf,https://www.commission-des-sondages.fr/notices/files/notices/2026/septembre/10262-pres-enquete-electorale-ipsos-bva-le-monde-13-septembre.pdf,https://fr.wikipedia.org/wiki/Liste_de_sondages_sur_l%27%C3%A9lection_pr%C3%A9sidentielle_fran%C3%A7aise_de_2027,primary,2026-10-09T14:35Z,sha256:3f86a2403d4264be6d6478383bbc3526a2fb117c0c6f045b08b10241078405d4
ipsos-bva-2026-09-09-10262,ipsos-bva,Le Monde / CEVIPOF / Fondation Jean-Jaures / Institut Montaigne,2026-09-03,2026-09-09,2026-09-13,13060,online,likely,1,S3,arthaud,0.5,https://www.commission-des-sondages.fr/notices/files/notices/2026/septembre/10262-pres-enquete-electorale-ipsos-bva-le-monde-13-septembre.pdf,https://www.commission-des-sondages.fr/notices/files/notices/2026/septembre/10262-pres-enquete-electorale-ipsos-bva-le-monde-13-septembre.pdf,https://fr.wikipedia.org/wiki/Liste_de_sondages_sur_l%27%C3%A9lection_pr%C3%A9sidentielle_fran%C3%A7aise_de_2027,primary,2026-10-09T14:35Z,sha256:3f86a2403d4264be6d6478383bbc3526a2fb117c0c6f045b08b10241078405d4
ipsos-bva-2026-09-09-10262,ipsos-bva,Le Monde / CEVIPOF / Fondation Jean-Jaures / Institut Montaigne,2026-09-03,2026-09-09,2026-09-13,13060,online,likely,1,S3,attal,13.0,https://www.commission-des-sondages.fr/notices/files/notices/2026/septembre/10262-pres-enquete-electorale-ipsos-bva-le-monde-13-septembre.pdf,https://www.commission-des-sondages.fr/notices/files/notices/2026/septembre/10262-pres-enquete-electorale-ipsos-bva-le-monde-13-septembre.pdf,https://fr.wikipedia.org/wiki/Liste_de_sondages_sur_l%27%C3%A9lection_pr%C3%A9sidentielle_fran%C3%A7aise_de_2027,primary,2026-10-09T14:35Z,sha256:3f86a2403d4264be6d6478383bbc3526a2fb117c0c6f045b08b10241078405d4
ipsos-bva-2026-09-09-10262,ipsos-bva,Le Monde / CEVIPOF / Fondation Jean-Jaures / Institut Montaigne,2026-09-03,2026-09-09,2026-09-13,13060,online,likely,1,S3,dupont_aignan,2.0,https://www.commission-des-sondages.fr/notices/files/notices/2026/septembre/10262-pres-enquete-electorale-ipsos-bva-le-monde-13-septembre.pdf,https://www.commission-des-sondages.fr/notices/files/notices/2026/septembre/10262-pres-enquete-electorale-ipsos-bva-le-monde-13-septembre.pdf,https://fr.wikipedia.org/wiki/Liste_de_sondages_sur_l%27%C3%A9lection_pr%C3%A9sidentielle_fran%C3%A7aise_de_2027,primary,2026-10-09T14:35Z,sha256:3f86a2403d4264be6d6478383bbc3526a2fb117c0c6f045b08b10241078405d4
ipsos-bva-2026-09-09-10262,ipsos-bva,Le Monde / CEVIPOF / Fondation Jean-Jaures / Institut Montaigne,2026-09-03,2026-09-09,2026-09-13,13060,online,likely,1,S3,glucksmann,13.5,https://www.commission-des-sondages.fr/notices/files/notices/2026/septembre/10262-pres-enquete-electorale-ipsos-bva-le-monde-13-septembre.pdf,https://www.commission-des-sondages.fr/notices/files/notices/2026/septembre/10262-pres-enquete-electorale-ipsos-bva-le-monde-13-septembre.pdf,https://fr.wikipedia.org/wiki/Liste_de_sondages_sur_l%27%C3%A9lection_pr%C3%A9sidentielle_fran%C3%A7aise_de_2027,primary,2026-10-09T14:35Z,sha256:3f86a2403d4264be6d6478383bbc3526a2fb117c0c6f045b08b10241078405d4
ipsos-bva-2026-09-09-10262,ipsos-bva,Le Monde / CEVIPOF / Fondation Jean-Jaures / Institut Montaigne,2026-09-03,2026-09-09,2026-09-13,13060,online,likely,1,S3,le_pen,34.0,https://www.commission-des-sondages.fr/notices/files/notices/2026/septembre/10262-pres-enquete-electorale-ipsos-bva-le-monde-13-septembre.pdf,https://www.commission-des-sondages.fr/notices/files/notices/2026/septembre/10262-pres-enquete-electorale-ipsos-bva-le-monde-13-septembre.pdf,https://fr.wikipedia.org/wiki/Liste_de_sondages_sur_l%27%C3%A9lection_pr%C3%A9sidentielle_fran%C3%A7aise_de_2027,primary,2026-10-09T14:35Z,sha256:3f86a2403d4264be6d6478383bbc3526a2fb117c0c6f045b08b10241078405d4
ipsos-bva-2026-09-09-10262,ipsos-bva,Le Monde / CEVIPOF / Fondation Jean-Jaures / Institut Montaigne,2026-09-03,2026-09-09,2026-09-13,13060,online,likely,1,S3,melenchon,15.5,https://www.commission-des-sondages.fr/notices/files/notices/2026/septembre/10262-pres-enquete-electorale-ipsos-bva-le-monde-13-septembre.pdf,https://www.commission-des-sondages.fr/notices/files/notices/2026/septembre/10262-pres-enquete-electorale-ipsos-bva-le-monde-13-septembre.pdf,https://fr.wikipedia.org/wiki/Liste_de_sondages_sur_l%27%C3%A9lection_pr%C3%A9sidentielle_fran%C3%A7aise_de_2027,primary,2026-10-09T14:35Z,sha256:3f86a2403d4264be6d6478383bbc3526a2fb117c0c6f045b08b10241078405d4
ipsos-bva-2026-09-09-10262,ipsos-bva,Le Monde / CEVIPOF / Fondation Jean-Jaures / Institut Montaigne,2026-09-03,2026-09-09,2026-09-13,13060,online,likely,1,S3,retailleau,10.0,https://www.commission-des-sondages.fr/notices/files/notices/2026/septembre/10262-pres-enquete-electorale-ipsos-bva-le-monde-13-septembre.pdf,https://www.commission-des-sondages.fr/notices/files/notices/2026/septembre/10262-pres-enquete-electorale-ipsos-bva-le-monde-13-septembre.pdf,https://fr.wikipedia.org/wiki/Liste_de_sondages_sur_l%27%C3%A9lection_pr%C3%A9sidentielle_fran%C3%A7aise_de_2027,primary,2026-10-09T14:35Z,sha256:3f86a2403d4264be6d6478383bbc3526a2fb117c0c6f045b08b10241078405d4
ipsos-bva-2026-09-09-10262,ipsos-bva,Le Monde / CEVIPOF / Fondation Jean-Jaures / Institut Montaigne,2026-09-03,2026-09-09,2026-09-13,13060,online,likely,1,S3,roussel,2.5,https://www.commission-des-sondages.fr/notices/files/notices/2026/septembre/10262-pres-enquete-electorale-ipsos-bva-le-monde-13-septembre.pdf,https://www.commission-des-sondages.fr/notices/files/notices/2026/septembre/10262-pres-enquete-electorale-ipsos-bva-le-monde-13-septembre.pdf,https://fr.wikipedia.org/wiki/Liste_de_sondages_sur_l%27%C3%A9lection_pr%C3%A9sidentielle_fran%C3%A7aise_de_2027,primary,2026-10-09T14:35Z,sha256:3f86a2403d4264be6d6478383bbc3526a2fb117c0c6f045b08b10241078405d4
ipsos-bva-2026-09-09-10262,ipsos-bva,Le Monde / CEVIPOF / Fondation Jean-Jaures / Institut Montaigne,2026-09-03,2026-09-09,2026-09-13,13060,online,likely,1,S3,tondelier,4.5,https://www.commission-des-sondages.fr/notices/files/notices/2026/septembre/10262-pres-enquete-electorale-ipsos-bva-le-monde-13-septembre.pdf,https://www.commission-des-sondages.fr/notices/files/notices/2026/septembre/10262-pres-enquete-electorale-ipsos-bva-le-monde-13-septembre.pdf,https://fr.wikipedia.org/wiki/Liste_de_sondages_sur_l%27%C3%A9lection_pr%C3%A9sidentielle_fran%C3%A7aise_de_2027,primary,2026-10-09T14:35Z,sha256:3f86a2403d4264be6d6478383bbc3526a2fb117c0c6f045b08b10241078405d4
ipsos-bva-2026-09-09-10262,ipsos-bva,Le Monde / CEVIPOF / Fondation Jean-Jaures / Institut Montaigne,2026-09-03,2026-09-09,2026-09-13,13060,online,likely,1,S3,zemmour,4.5,https://www.commission-des-sondages.fr/notices/files/notices/2026/septembre/10262-pres-enquete-electorale-ipsos-bva-le-monde-13-septembre.pdf,https://www.commission-des-sondages.fr/notices/files/notices/2026/septembre/10262-pres-enquete-electorale-ipsos-bva-le-monde-13-septembre.pdf,https://fr.wikipedia.org/wiki/Liste_de_sondages_sur_l%27%C3%A9lection_pr%C3%A9sidentielle_fran%C3%A7aise_de_2027,primary,2026-10-09T14:35Z,sha256:3f86a2403d4264be6d6478383bbc3526a2fb117c0c6f045b08b10241078405d4
ipsos-bva-2026-09-09-10262,ipsos-bva,Le Monde / CEVIPOF / Fondation Jean-Jaures / Institut Montaigne,2026-09-03,2026-09-09,2026-09-13,13060,online,likely,1,S4,arthaud,0.5,https://www.commission-des-sondages.fr/notices/files/notices/2026/septembre/10262-pres-enquete-electorale-ipsos-bva-le-monde-13-septembre.pdf,https://www.commission-des-sondages.fr/notices/files/notices/2026/septembre/10262-pres-enquete-electorale-ipsos-bva-le-monde-13-septembre.pdf,https://fr.wikipedia.org/wiki/Liste_de_sondages_sur_l%27%C3%A9lection_pr%C3%A9sidentielle_fran%C3%A7aise_de_2027,primary,2026-10-09T14:35Z,sha256:3f86a2403d4264be6d6478383bbc3526a2fb117c0c6f045b08b10241078405d4
ipsos-bva-2026-09-09-10262,ipsos-bva,Le Monde / CEVIPOF / Fondation Jean-Jaures / Institut Montaigne,2026-09-03,2026-09-09,2026-09-13,13060,online,likely,1,S4,attal,7.5,https://www.commission-des-sondages.fr/notices/files/notices/2026/septembre/10262-pres-enquete-electorale-ipsos-bva-le-monde-13-septembre.pdf,https://www.commission-des-sondages.fr/notices/files/notices/2026/septembre/10262-pres-enquete-electorale-ipsos-bva-le-monde-13-septembre.pdf,https://fr.wikipedia.org/wiki/Liste_de_sondages_sur_l%27%C3%A9lection_pr%C3%A9sidentielle_fran%C3%A7aise_de_2027,primary,2026-10-09T14:35Z,sha256:3f86a2403d4264be6d6478383bbc3526a2fb117c0c6f045b08b10241078405d4
ipsos-bva-2026-09-09-10262,ipsos-bva,Le Monde / CEVIPOF / Fondation Jean-Jaures / Institut Montaigne,2026-09-03,2026-09-09,2026-09-13,13060,online,likely,1,S4,dupont_aignan,2.0,https://www.commission-des-sondages.fr/notices/files/notices/2026/septembre/10262-pres-enquete-electorale-ipsos-bva-le-monde-13-septembre.pdf,https://www.commission-des-sondages.fr/notices/files/notices/2026/septembre/10262-pres-enquete-electorale-ipsos-bva-le-monde-13-septembre.pdf,https://fr.wikipedia.org/wiki/Liste_de_sondages_sur_l%27%C3%A9lection_pr%C3%A9sidentielle_fran%C3%A7aise_de_2027,primary,2026-10-09T14:35Z,sha256:3f86a2403d4264be6d6478383bbc3526a2fb117c0c6f045b08b10241078405d4
ipsos-bva-2026-09-09-10262,ipsos-bva,Le Monde / CEVIPOF / Fondation Jean-Jaures / Institut Montaigne,2026-09-03,2026-09-09,2026-09-13,13060,online,likely,1,S4,faure,4.5,https://www.commission-des-sondages.fr/notices/files/notices/2026/septembre/10262-pres-enquete-electorale-ipsos-bva-le-monde-13-septembre.pdf,https://www.commission-des-sondages.fr/notices/files/notices/2026/septembre/10262-pres-enquete-electorale-ipsos-bva-le-monde-13-septembre.pdf,https://fr.wikipedia.org/wiki/Liste_de_sondages_sur_l%27%C3%A9lection_pr%C3%A9sidentielle_fran%C3%A7aise_de_2027,primary,2026-10-09T14:35Z,sha256:3f86a2403d4264be6d6478383bbc3526a2fb117c0c6f045b08b10241078405d4
ipsos-bva-2026-09-09-10262,ipsos-bva,Le Monde / CEVIPOF / Fondation Jean-Jaures / Institut Montaigne,2026-09-03,2026-09-09,2026-09-13,13060,online,likely,1,S4,le_pen,34.0,https://www.commission-des-sondages.fr/notices/files/notices/2026/septembre/10262-pres-enquete-electorale-ipsos-bva-le-monde-13-septembre.pdf,https://www.commission-des-sondages.fr/notices/files/notices/2026/septembre/10262-pres-enquete-electorale-ipsos-bva-le-monde-13-septembre.pdf,https://fr.wikipedia.org/wiki/Liste_de_sondages_sur_l%27%C3%A9lection_pr%C3%A9sidentielle_fran%C3%A7aise_de_2027,primary,2026-10-09T14:35Z,sha256:3f86a2403d4264be6d6478383bbc3526a2fb117c0c6f045b08b10241078405d4
ipsos-bva-2026-09-09-10262,ipsos-bva,Le Monde / CEVIPOF / Fondation Jean-Jaures / Institut Montaigne,2026-09-03,2026-09-09,2026-09-13,13060,online,likely,1,S4,melenchon,16.5,https://www.commission-des-sondages.fr/notices/files/notices/2026/septembre/10262-pres-enquete-electorale-ipsos-bva-le-monde-13-septembre.pdf,https://www.commission-des-sondages.fr/notices/files/notices/2026/septembre/10262-pres-enquete-electorale-ipsos-bva-le-monde-13-septembre.pdf,https://fr.wikipedia.org/wiki/Liste_de_sondages_sur_l%27%C3%A9lection_pr%C3%A9sidentielle_fran%C3%A7aise_de_2027,primary,2026-10-09T14:35Z,sha256:3f86a2403d4264be6d6478383bbc3526a2fb117c0c6f045b08b10241078405d4
ipsos-bva-2026-09-09-10262,ipsos-bva,Le Monde / CEVIPOF / Fondation Jean-Jaures / Institut Montaigne,2026-09-03,2026-09-09,2026-09-13,13060,online,likely,1,S4,philippe,16.0,https://www.commission-des-sondages.fr/notices/files/notices/2026/septembre/10262-pres-enquete-electorale-ipsos-bva-le-monde-13-septembre.pdf,https://www.commission-des-sondages.fr/notices/files/notices/2026/septembre/10262-pres-enquete-electorale-ipsos-bva-le-monde-13-septembre.pdf,https://fr.wikipedia.org/wiki/Liste_de_sondages_sur_l%27%C3%A9lection_pr%C3%A9sidentielle_fran%C3%A7aise_de_2027,primary,2026-10-09T14:35Z,sha256:3f86a2403d4264be6d6478383bbc3526a2fb117c0c6f045b08b10241078405d4
ipsos-bva-2026-09-09-10262,ipsos-bva,Le Monde / CEVIPOF / Fondation Jean-Jaures / Institut Montaigne,2026-09-03,2026-09-09,2026-09-13,13060,online,likely,1,S4,retailleau,7.0,https://www.commission-des-sondages.fr/notices/files/notices/2026/septembre/10262-pres-enquete-electorale-ipsos-bva-le-monde-13-septembre.pdf,https://www.commission-des-sondages.fr/notices/files/notices/2026/septembre/10262-pres-enquete-electorale-ipsos-bva-le-monde-13-septembre.pdf,https://fr.wikipedia.org/wiki/Liste_de_sondages_sur_l%27%C3%A9lection_pr%C3%A9sidentielle_fran%C3%A7aise_de_2027,primary,2026-10-09T14:35Z,sha256:3f86a2403d4264be6d6478383bbc3526a2fb117c0c6f045b08b10241078405d4
ipsos-bva-2026-09-09-10262,ipsos-bva,Le Monde / CEVIPOF / Fondation Jean-Jaures / Institut Montaigne,2026-09-03,2026-09-09,2026-09-13,13060,online,likely,1,S4,roussel,3.0,https://www.commission-des-sondages.fr/notices/files/notices/2026/septembre/10262-pres-enquete-electorale-ipsos-bva-le-monde-13-septembre.pdf,https://www.commission-des-sondages.fr/notices/files/notices/2026/septembre/10262-pres-enquete-electorale-ipsos-bva-le-monde-13-septembre.pdf,https://fr.wikipedia.org/wiki/Liste_de_sondages_sur_l%27%C3%A9lection_pr%C3%A9sidentielle_fran%C3%A7aise_de_2027,primary,2026-10-09T14:35Z,sha256:3f86a2403d4264be6d6478383bbc3526a2fb117c0c6f045b08b10241078405d4
ipsos-bva-2026-09-09-10262,ipsos-bva,Le Monde / CEVIPOF / Fondation Jean-Jaures / Institut Montaigne,2026-09-03,2026-09-09,2026-09-13,13060,online,likely,1,S4,tondelier,5.0,https://www.commission-des-sondages.fr/notices/files/notices/2026/septembre/10262-pres-enquete-electorale-ipsos-bva-le-monde-13-septembre.pdf,https://www.commission-des-sondages.fr/notices/files/notices/2026/septembre/10262-pres-enquete-electorale-ipsos-bva-le-monde-13-septembre.pdf,https://fr.wikipedia.org/wiki/Liste_de_sondages_sur_l%27%C3%A9lection_pr%C3%A9sidentielle_fran%C3%A7aise_de_2027,primary,2026-10-09T14:35Z,sha256:3f86a2403d4264be6d6478383bbc3526a2fb117c0c6f045b08b10241078405d4
ipsos-bva-2026-09-09-10262,ipsos-bva,Le Monde / CEVIPOF / Fondation Jean-Jaures / Institut Montaigne,2026-09-03,2026-09-09,2026-09-13,13060,online,likely,1,S4,zemmour,4.0,https://www.commission-des-sondages.fr/notices/files/notices/2026/septembre/10262-pres-enquete-electorale-ipsos-bva-le-monde-13-septembre.pdf,https://www.commission-des-sondages.fr/notices/files/notices/2026/septembre/10262-pres-enquete-electorale-ipsos-bva-le-monde-13-septembre.pdf,https://fr.wikipedia.org/wiki/Liste_de_sondages_sur_l%27%C3%A9lection_pr%C3%A9sidentielle_fran%C3%A7aise_de_2027,primary,2026-10-09T14:35Z,sha256:3f86a2403d4264be6d6478383bbc3526a2fb117c0c6f045b08b10241078405d4
ipsos-bva-2026-09-09-10262,ipsos-bva,Le Monde / CEVIPOF / Fondation Jean-Jaures / Institut Montaigne,2026-09-03,2026-09-09,2026-09-13,13060,online,likely,1,S5,arthaud,0.5,https://www.commission-des-sondages.fr/notices/files/notices/2026/septembre/10262-pres-enquete-electorale-ipsos-bva-le-monde-13-septembre.pdf,https://www.commission-des-sondages.fr/notices/files/notices/2026/septembre/10262-pres-enquete-electorale-ipsos-bva-le-monde-13-septembre.pdf,https://fr.wikipedia.org/wiki/Liste_de_sondages_sur_l%27%C3%A9lection_pr%C3%A9sidentielle_fran%C3%A7aise_de_2027,primary,2026-10-09T14:35Z,sha256:3f86a2403d4264be6d6478383bbc3526a2fb117c0c6f045b08b10241078405d4
ipsos-bva-2026-09-09-10262,ipsos-bva,Le Monde / CEVIPOF / Fondation Jean-Jaures / Institut Montaigne,2026-09-03,2026-09-09,2026-09-13,13060,online,likely,1,S5,dupont_aignan,2.0,https://www.commission-des-sondages.fr/notices/files/notices/2026/septembre/10262-pres-enquete-electorale-ipsos-bva-le-monde-13-septembre.pdf,https://www.commission-des-sondages.fr/notices/files/notices/2026/septembre/10262-pres-enquete-electorale-ipsos-bva-le-monde-13-septembre.pdf,https://fr.wikipedia.org/wiki/Liste_de_sondages_sur_l%27%C3%A9lection_pr%C3%A9sidentielle_fran%C3%A7aise_de_2027,primary,2026-10-09T14:35Z,sha256:3f86a2403d4264be6d6478383bbc3526a2fb117c0c6f045b08b10241078405d4
ipsos-bva-2026-09-09-10262,ipsos-bva,Le Monde / CEVIPOF / Fondation Jean-Jaures / Institut Montaigne,2026-09-03,2026-09-09,2026-09-13,13060,online,likely,1,S5,faure,5.0,https://www.commission-des-sondages.fr/notices/files/notices/2026/septembre/10262-pres-enquete-electorale-ipsos-bva-le-monde-13-septembre.pdf,https://www.commission-des-sondages.fr/notices/files/notices/2026/septembre/10262-pres-enquete-electorale-ipsos-bva-le-monde-13-septembre.pdf,https://fr.wikipedia.org/wiki/Liste_de_sondages_sur_l%27%C3%A9lection_pr%C3%A9sidentielle_fran%C3%A7aise_de_2027,primary,2026-10-09T14:35Z,sha256:3f86a2403d4264be6d6478383bbc3526a2fb117c0c6f045b08b10241078405d4
ipsos-bva-2026-09-09-10262,ipsos-bva,Le Monde / CEVIPOF / Fondation Jean-Jaures / Institut Montaigne,2026-09-03,2026-09-09,2026-09-13,13060,online,likely,1,S5,le_pen,34.5,https://www.commission-des-sondages.fr/notices/files/notices/2026/septembre/10262-pres-enquete-electorale-ipsos-bva-le-monde-13-septembre.pdf,https://www.commission-des-sondages.fr/notices/files/notices/2026/septembre/10262-pres-enquete-electorale-ipsos-bva-le-monde-13-septembre.pdf,https://fr.wikipedia.org/wiki/Liste_de_sondages_sur_l%27%C3%A9lection_pr%C3%A9sidentielle_fran%C3%A7aise_de_2027,primary,2026-10-09T14:35Z,sha256:3f86a2403d4264be6d6478383bbc3526a2fb117c0c6f045b08b10241078405d4
ipsos-bva-2026-09-09-10262,ipsos-bva,Le Monde / CEVIPOF / Fondation Jean-Jaures / Institut Montaigne,2026-09-03,2026-09-09,2026-09-13,13060,online,likely,1,S5,melenchon,16.5,https://www.commission-des-sondages.fr/notices/files/notices/2026/septembre/10262-pres-enquete-electorale-ipsos-bva-le-monde-13-septembre.pdf,https://www.commission-des-sondages.fr/notices/files/notices/2026/septembre/10262-pres-enquete-electorale-ipsos-bva-le-monde-13-septembre.pdf,https://fr.wikipedia.org/wiki/Liste_de_sondages_sur_l%27%C3%A9lection_pr%C3%A9sidentielle_fran%C3%A7aise_de_2027,primary,2026-10-09T14:35Z,sha256:3f86a2403d4264be6d6478383bbc3526a2fb117c0c6f045b08b10241078405d4
ipsos-bva-2026-09-09-10262,ipsos-bva,Le Monde / CEVIPOF / Fondation Jean-Jaures / Institut Montaigne,2026-09-03,2026-09-09,2026-09-13,13060,online,likely,1,S5,philippe,21.0,https://www.commission-des-sondages.fr/notices/files/notices/2026/septembre/10262-pres-enquete-electorale-ipsos-bva-le-monde-13-septembre.pdf,https://www.commission-des-sondages.fr/notices/files/notices/2026/septembre/10262-pres-enquete-electorale-ipsos-bva-le-monde-13-septembre.pdf,https://fr.wikipedia.org/wiki/Liste_de_sondages_sur_l%27%C3%A9lection_pr%C3%A9sidentielle_fran%C3%A7aise_de_2027,primary,2026-10-09T14:35Z,sha256:3f86a2403d4264be6d6478383bbc3526a2fb117c0c6f045b08b10241078405d4
ipsos-bva-2026-09-09-10262,ipsos-bva,Le Monde / CEVIPOF / Fondation Jean-Jaures / Institut Montaigne,2026-09-03,2026-09-09,2026-09-13,13060,online,likely,1,S5,retailleau,7.5,https://www.commission-des-sondages.fr/notices/files/notices/2026/septembre/10262-pres-enquete-electorale-ipsos-bva-le-monde-13-septembre.pdf,https://www.commission-des-sondages.fr/notices/files/notices/2026/septembre/10262-pres-enquete-electorale-ipsos-bva-le-monde-13-septembre.pdf,https://fr.wikipedia.org/wiki/Liste_de_sondages_sur_l%27%C3%A9lection_pr%C3%A9sidentielle_fran%C3%A7aise_de_2027,primary,2026-10-09T14:35Z,sha256:3f86a2403d4264be6d6478383bbc3526a2fb117c0c6f045b08b10241078405d4
ipsos-bva-2026-09-09-10262,ipsos-bva,Le Monde / CEVIPOF / Fondation Jean-Jaures / Institut Montaigne,2026-09-03,2026-09-09,2026-09-13,13060,online,likely,1,S5,roussel,3.5,https://www.commission-des-sondages.fr/notices/files/notices/2026/septembre/10262-pres-enquete-electorale-ipsos-bva-le-monde-13-septembre.pdf,https://www.commission-des-sondages.fr/notices/files/notices/2026/septembre/10262-pres-enquete-electorale-ipsos-bva-le-monde-13-septembre.pdf,https://fr.wikipedia.org/wiki/Liste_de_sondages_sur_l%27%C3%A9lection_pr%C3%A9sidentielle_fran%C3%A7aise_de_2027,primary,2026-10-09T14:35Z,sha256:3f86a2403d4264be6d6478383bbc3526a2fb117c0c6f045b08b10241078405d4
ipsos-bva-2026-09-09-10262,ipsos-bva,Le Monde / CEVIPOF / Fondation Jean-Jaures / Institut Montaigne,2026-09-03,2026-09-09,2026-09-13,13060,online,likely,1,S5,tondelier,5.5,https://www.commission-des-sondages.fr/notices/files/notices/2026/septembre/10262-pres-enquete-electorale-ipsos-bva-le-monde-13-septembre.pdf,https://www.commission-des-sondages.fr/notices/files/notices/2026/septembre/10262-pres-enquete-electorale-ipsos-bva-le-monde-13-septembre.pdf,https://fr.wikipedia.org/wiki/Liste_de_sondages_sur_l%27%C3%A9lection_pr%C3%A9sidentielle_fran%C3%A7aise_de_2027,primary,2026-10-09T14:35Z,sha256:3f86a2403d4264be6d6478383bbc3526a2fb117c0c6f045b08b10241078405d4
ipsos-bva-2026-09-09-10262,ipsos-bva,Le Monde / CEVIPOF / Fondation Jean-Jaures / Institut Montaigne,2026-09-03,2026-09-09,2026-09-13,13060,online,likely,1,S5,zemmour,4.0,https://www.commission-des-sondages.fr/notices/files/notices/2026/septembre/10262-pres-enquete-electorale-ipsos-bva-le-monde-13-septembre.pdf,https://www.commission-des-sondages.fr/notices/files/notices/2026/septembre/10262-pres-enquete-electorale-ipsos-bva-le-monde-13-septembre.pdf,https://fr.wikipedia.org/wiki/Liste_de_sondages_sur_l%27%C3%A9lection_pr%C3%A9sidentielle_fran%C3%A7aise_de_2027,primary,2026-10-09T14:35Z,sha256:3f86a2403d4264be6d6478383bbc3526a2fb117c0c6f045b08b10241078405d4
ipsos-bva-2026-09-09-10262,ipsos-bva,Le Monde / CEVIPOF / Fondation Jean-Jaures / Institut Montaigne,2026-09-03,2026-09-09,2026-09-13,13060,online,likely,1,S6,arthaud,0.5,https://www.commission-des-sondages.fr/notices/files/notices/2026/septembre/10262-pres-enquete-electorale-ipsos-bva-le-monde-13-septembre.pdf,https://www.commission-des-sondages.fr/notices/files/notices/2026/septembre/10262-pres-enquete-electorale-ipsos-bva-le-monde-13-septembre.pdf,https://fr.wikipedia.org/wiki/Liste_de_sondages_sur_l%27%C3%A9lection_pr%C3%A9sidentielle_fran%C3%A7aise_de_2027,primary,2026-10-09T14:35Z,sha256:3f86a2403d4264be6d6478383bbc3526a2fb117c0c6f045b08b10241078405d4
ipsos-bva-2026-09-09-10262,ipsos-bva,Le Monde / CEVIPOF / Fondation Jean-Jaures / Institut Montaigne,2026-09-03,2026-09-09,2026-09-13,13060,online,likely,1,S6,attal,15.5,https://www.commission-des-sondages.fr/notices/files/notices/2026/septembre/10262-pres-enquete-electorale-ipsos-bva-le-monde-13-septembre.pdf,https://www.commission-des-sondages.fr/notices/files/notices/2026/septembre/10262-pres-enquete-electorale-ipsos-bva-le-monde-13-septembre.pdf,https://fr.wikipedia.org/wiki/Liste_de_sondages_sur_l%27%C3%A9lection_pr%C3%A9sidentielle_fran%C3%A7aise_de_2027,primary,2026-10-09T14:35Z,sha256:3f86a2403d4264be6d6478383bbc3526a2fb117c0c6f045b08b10241078405d4
ipsos-bva-2026-09-09-10262,ipsos-bva,Le Monde / CEVIPOF / Fondation Jean-Jaures / Institut Montaigne,2026-09-03,2026-09-09,2026-09-13,13060,online,likely,1,S6,dupont_aignan,2.5,https://www.commission-des-sondages.fr/notices/files/notices/2026/septembre/10262-pres-enquete-electorale-ipsos-bva-le-monde-13-septembre.pdf,https://www.commission-des-sondages.fr/notices/files/notices/2026/septembre/10262-pres-enquete-electorale-ipsos-bva-le-monde-13-septembre.pdf,https://fr.wikipedia.org/wiki/Liste_de_sondages_sur_l%27%C3%A9lection_pr%C3%A9sidentielle_fran%C3%A7aise_de_2027,primary,2026-10-09T14:35Z,sha256:3f86a2403d4264be6d6478383bbc3526a2fb117c0c6f045b08b10241078405d4
ipsos-bva-2026-09-09-10262,ipsos-bva,Le Monde / CEVIPOF / Fondation Jean-Jaures / Institut Montaigne,2026-09-03,2026-09-09,2026-09-13,13060,online,likely,1,S6,faure,5.5,https://www.commission-des-sondages.fr/notices/files/notices/2026/septembre/10262-pres-enquete-electorale-ipsos-bva-le-monde-13-septembre.pdf,https://www.commission-des-sondages.fr/notices/files/notices/2026/septembre/10262-pres-enquete-electorale-ipsos-bva-le-monde-13-septembre.pdf,https://fr.wikipedia.org/wiki/Liste_de_sondages_sur_l%27%C3%A9lection_pr%C3%A9sidentielle_fran%C3%A7aise_de_2027,primary,2026-10-09T14:35Z,sha256:3f86a2403d4264be6d6478383bbc3526a2fb117c0c6f045b08b10241078405d4
ipsos-bva-2026-09-09-10262,ipsos-bva,Le Monde / CEVIPOF / Fondation Jean-Jaures / Institut Montaigne,2026-09-03,2026-09-09,2026-09-13,13060,online,likely,1,S6,le_pen,35.0,https://www.commission-des-sondages.fr/notices/files/notices/2026/septembre/10262-pres-enquete-electorale-ipsos-bva-le-monde-13-septembre.pdf,https://www.commission-des-sondages.fr/notices/files/notices/2026/septembre/10262-pres-enquete-electorale-ipsos-bva-le-monde-13-septembre.pdf,https://fr.wikipedia.org/wiki/Liste_de_sondages_sur_l%27%C3%A9lection_pr%C3%A9sidentielle_fran%C3%A7aise_de_2027,primary,2026-10-09T14:35Z,sha256:3f86a2403d4264be6d6478383bbc3526a2fb117c0c6f045b08b10241078405d4
ipsos-bva-2026-09-09-10262,ipsos-bva,Le Monde / CEVIPOF / Fondation Jean-Jaures / Institut Montaigne,2026-09-03,2026-09-09,2026-09-13,13060,online,likely,1,S6,melenchon,17.0,https://www.commission-des-sondages.fr/notices/files/notices/2026/septembre/10262-pres-enquete-electorale-ipsos-bva-le-monde-13-septembre.pdf,https://www.commission-des-sondages.fr/notices/files/notices/2026/septembre/10262-pres-enquete-electorale-ipsos-bva-le-monde-13-septembre.pdf,https://fr.wikipedia.org/wiki/Liste_de_sondages_sur_l%27%C3%A9lection_pr%C3%A9sidentielle_fran%C3%A7aise_de_2027,primary,2026-10-09T14:35Z,sha256:3f86a2403d4264be6d6478383bbc3526a2fb117c0c6f045b08b10241078405d4
ipsos-bva-2026-09-09-10262,ipsos-bva,Le Monde / CEVIPOF / Fondation Jean-Jaures / Institut Montaigne,2026-09-03,2026-09-09,2026-09-13,13060,online,likely,1,S6,retailleau,10.5,https://www.commission-des-sondages.fr/notices/files/notices/2026/septembre/10262-pres-enquete-electorale-ipsos-bva-le-monde-13-septembre.pdf,https://www.commission-des-sondages.fr/notices/files/notices/2026/septembre/10262-pres-enquete-electorale-ipsos-bva-le-monde-13-septembre.pdf,https://fr.wikipedia.org/wiki/Liste_de_sondages_sur_l%27%C3%A9lection_pr%C3%A9sidentielle_fran%C3%A7aise_de_2027,primary,2026-10-09T14:35Z,sha256:3f86a2403d4264be6d6478383bbc3526a2fb117c0c6f045b08b10241078405d4
ipsos-bva-2026-09-09-10262,ipsos-bva,Le Monde / CEVIPOF / Fondation Jean-Jaures / Institut Montaigne,2026-09-03,2026-09-09,2026-09-13,13060,online,likely,1,S6,roussel,3.5,https://www.commission-des-sondages.fr/notices/files/notices/2026/septembre/10262-pres-enquete-electorale-ipsos-bva-le-monde-13-septembre.pdf,https://www.commission-des-sondages.fr/notices/files/notices/2026/septembre/10262-pres-enquete-electorale-ipsos-bva-le-monde-13-septembre.pdf,https://fr.wikipedia.org/wiki/Liste_de_sondages_sur_l%27%C3%A9lection_pr%C3%A9sidentielle_fran%C3%A7aise_de_2027,primary,2026-10-09T14:35Z,sha256:3f86a2403d4264be6d6478383bbc3526a2fb117c0c6f045b08b10241078405d4
ipsos-bva-2026-09-09-10262,ipsos-bva,Le Monde / CEVIPOF / Fondation Jean-Jaures / Institut Montaigne,2026-09-03,2026-09-09,2026-09-13,13060,online,likely,1,S6,tondelier,5.5,https://www.commission-des-sondages.fr/notices/files/notices/2026/septembre/10262-pres-enquete-electorale-ipsos-bva-le-monde-13-septembre.pdf,https://www.commission-des-sondages.fr/notices/files/notices/2026/septembre/10262-pres-enquete-electorale-ipsos-bva-le-monde-13-septembre.pdf,https://fr.wikipedia.org/wiki/Liste_de_sondages_sur_l%27%C3%A9lection_pr%C3%A9sidentielle_fran%C3%A7aise_de_2027,primary,2026-10-09T14:35Z,sha256:3f86a2403d4264be6d6478383bbc3526a2fb117c0c6f045b08b10241078405d4
ipsos-bva-2026-09-09-10262,ipsos-bva,Le Monde / CEVIPOF / Fondation Jean-Jaures / Institut Montaigne,2026-09-03,2026-09-09,2026-09-13,13060,online,likely,1,S6,zemmour,4.5,https://www.commission-des-sondages.fr/notices/files/notices/2026/septembre/10262-pres-enquete-electorale-ipsos-bva-le-monde-13-septembre.pdf,https://www.commission-des-sondages.fr/notices/files/notices/2026/septembre/10262-pres-enquete-electorale-ipsos-bva-le-monde-13-septembre.pdf,https://fr.wikipedia.org/wiki/Liste_de_sondages_sur_l%27%C3%A9lection_pr%C3%A9sidentielle_fran%C3%A7aise_de_2027,primary,2026-10-09T14:35Z,sha256:3f86a2403d4264be6d6478383bbc3526a2fb117c0c6f045b08b10241078405d4
toluna-harris-2026-09-10-10263,toluna-harris,M6 / RTL,2026-09-08,2026-09-10,2026-09-14,2358,online,likely,1,S1,arthaud,1.0,https://www.commission-des-sondages.fr/notices/files/notices/2026/septembre/10263-pres-iv-toluna-harris-interactive-rtl-14-septembre.pdf,https://www.commission-des-sondages.fr/notices/files/notices/2026/septembre/10263-pres-iv-toluna-harris-interactive-rtl-14-septembre.pdf,https://fr.wikipedia.org/wiki/Liste_de_sondages_sur_l%27%C3%A9lection_pr%C3%A9sidentielle_fran%C3%A7aise_de_2027,primary,2026-10-09T14:35Z,sha256:45f104fb9349a9a80ed47e53d03517a8a7d3f8c8dc7f75bbaa65c16e2658eb61
toluna-harris-2026-09-10-10263,toluna-harris,M6 / RTL,2026-09-08,2026-09-10,2026-09-14,2358,online,likely,1,S1,attal,15.0,https://www.commission-des-sondages.fr/notices/files/notices/2026/septembre/10263-pres-iv-toluna-harris-interactive-rtl-14-septembre.pdf,https://www.commission-des-sondages.fr/notices/files/notices/2026/septembre/10263-pres-iv-toluna-harris-interactive-rtl-14-septembre.pdf,https://fr.wikipedia.org/wiki/Liste_de_sondages_sur_l%27%C3%A9lection_pr%C3%A9sidentielle_fran%C3%A7aise_de_2027,primary,2026-10-09T14:35Z,sha256:45f104fb9349a9a80ed47e53d03517a8a7d3f8c8dc7f75bbaa65c16e2658eb61
toluna-harris-2026-09-10-10263,toluna-harris,M6 / RTL,2026-09-08,2026-09-10,2026-09-14,2358,online,likely,1,S1,dupont_aignan,2.0,https://www.commission-des-sondages.fr/notices/files/notices/2026/septembre/10263-pres-iv-toluna-harris-interactive-rtl-14-septembre.pdf,https://www.commission-des-sondages.fr/notices/files/notices/2026/septembre/10263-pres-iv-toluna-harris-interactive-rtl-14-septembre.pdf,https://fr.wikipedia.org/wiki/Liste_de_sondages_sur_l%27%C3%A9lection_pr%C3%A9sidentielle_fran%C3%A7aise_de_2027,primary,2026-10-09T14:35Z,sha256:45f104fb9349a9a80ed47e53d03517a8a7d3f8c8dc7f75bbaa65c16e2658eb61
toluna-harris-2026-09-10-10263,toluna-harris,M6 / RTL,2026-09-08,2026-09-10,2026-09-14,2358,online,likely,1,S1,hollande,7.0,https://www.commission-des-sondages.fr/notices/files/notices/2026/septembre/10263-pres-iv-toluna-harris-interactive-rtl-14-septembre.pdf,https://www.commission-des-sondages.fr/notices/files/notices/2026/septembre/10263-pres-iv-toluna-harris-interactive-rtl-14-septembre.pdf,https://fr.wikipedia.org/wiki/Liste_de_sondages_sur_l%27%C3%A9lection_pr%C3%A9sidentielle_fran%C3%A7aise_de_2027,primary,2026-10-09T14:35Z,sha256:45f104fb9349a9a80ed47e53d03517a8a7d3f8c8dc7f75bbaa65c16e2658eb61
toluna-harris-2026-09-10-10263,toluna-harris,M6 / RTL,2026-09-08,2026-09-10,2026-09-14,2358,online,likely,1,S1,le_pen,36.0,https://www.commission-des-sondages.fr/notices/files/notices/2026/septembre/10263-pres-iv-toluna-harris-interactive-rtl-14-septembre.pdf,https://www.commission-des-sondages.fr/notices/files/notices/2026/septembre/10263-pres-iv-toluna-harris-interactive-rtl-14-septembre.pdf,https://fr.wikipedia.org/wiki/Liste_de_sondages_sur_l%27%C3%A9lection_pr%C3%A9sidentielle_fran%C3%A7aise_de_2027,primary,2026-10-09T14:35Z,sha256:45f104fb9349a9a80ed47e53d03517a8a7d3f8c8dc7f75bbaa65c16e2658eb61
toluna-harris-2026-09-10-10263,toluna-harris,M6 / RTL,2026-09-08,2026-09-10,2026-09-14,2358,online,likely,1,S1,melenchon,17.0,https://www.commission-des-sondages.fr/notices/files/notices/2026/septembre/10263-pres-iv-toluna-harris-interactive-rtl-14-septembre.pdf,https://www.commission-des-sondages.fr/notices/files/notices/2026/septembre/10263-pres-iv-toluna-harris-interactive-rtl-14-septembre.pdf,https://fr.wikipedia.org/wiki/Liste_de_sondages_sur_l%27%C3%A9lection_pr%C3%A9sidentielle_fran%C3%A7aise_de_2027,primary,2026-10-09T14:35Z,sha256:45f104fb9349a9a80ed47e53d03517a8a7d3f8c8dc7f75bbaa65c16e2658eb61
toluna-harris-2026-09-10-10263,toluna-harris,M6 / RTL,2026-09-08,2026-09-10,2026-09-14,2358,online,likely,1,S1,retailleau,10.0,https://www.commission-des-sondages.fr/notices/files/notices/2026/septembre/10263-pres-iv-toluna-harris-interactive-rtl-14-septembre.pdf,https://www.commission-des-sondages.fr/notices/files/notices/2026/septembre/10263-pres-iv-toluna-harris-interactive-rtl-14-septembre.pdf,https://fr.wikipedia.org/wiki/Liste_de_sondages_sur_l%27%C3%A9lection_pr%C3%A9sidentielle_fran%C3%A7aise_de_2027,primary,2026-10-09T14:35Z,sha256:45f104fb9349a9a80ed47e53d03517a8a7d3f8c8dc7f75bbaa65c16e2658eb61
toluna-harris-2026-09-10-10263,toluna-harris,M6 / RTL,2026-09-08,2026-09-10,2026-09-14,2358,online,likely,1,S1,roussel,3.0,https://www.commission-des-sondages.fr/notices/files/notices/2026/septembre/10263-pres-iv-toluna-harris-interactive-rtl-14-septembre.pdf,https://www.commission-des-sondages.fr/notices/files/notices/2026/septembre/10263-pres-iv-toluna-harris-interactive-rtl-14-septembre.pdf,https://fr.wikipedia.org/wiki/Liste_de_sondages_sur_l%27%C3%A9lection_pr%C3%A9sidentielle_fran%C3%A7aise_de_2027,primary,2026-10-09T14:35Z,sha256:45f104fb9349a9a80ed47e53d03517a8a7d3f8c8dc7f75bbaa65c16e2658eb61
toluna-harris-2026-09-10-10263,toluna-harris,M6 / RTL,2026-09-08,2026-09-10,2026-09-14,2358,online,likely,1,S1,tondelier,4.0,https://www.commission-des-sondages.fr/notices/files/notices/2026/septembre/10263-pres-iv-toluna-harris-interactive-rtl-14-septembre.pdf,https://www.commission-des-sondages.fr/notices/files/notices/2026/septembre/10263-pres-iv-toluna-harris-interactive-rtl-14-septembre.pdf,https://fr.wikipedia.org/wiki/Liste_de_sondages_sur_l%27%C3%A9lection_pr%C3%A9sidentielle_fran%C3%A7aise_de_2027,primary,2026-10-09T14:35Z,sha256:45f104fb9349a9a80ed47e53d03517a8a7d3f8c8dc7f75bbaa65c16e2658eb61
toluna-harris-2026-09-10-10263,toluna-harris,M6 / RTL,2026-09-08,2026-09-10,2026-09-14,2358,online,likely,1,S1,zemmour,5.0,https://www.commission-des-sondages.fr/notices/files/notices/2026/septembre/10263-pres-iv-toluna-harris-interactive-rtl-14-septembre.pdf,https://www.commission-des-sondages.fr/notices/files/notices/2026/septembre/10263-pres-iv-toluna-harris-interactive-rtl-14-septembre.pdf,https://fr.wikipedia.org/wiki/Liste_de_sondages_sur_l%27%C3%A9lection_pr%C3%A9sidentielle_fran%C3%A7aise_de_2027,primary,2026-10-09T14:35Z,sha256:45f104fb9349a9a80ed47e53d03517a8a7d3f8c8dc7f75bbaa65c16e2658eb61
toluna-harris-2026-09-10-10263,toluna-harris,M6 / RTL,2026-09-08,2026-09-10,2026-09-14,2358,online,likely,1,S2,arthaud,1.0,https://www.commission-des-sondages.fr/notices/files/notices/2026/septembre/10263-pres-iv-toluna-harris-interactive-rtl-14-septembre.pdf,https://www.commission-des-sondages.fr/notices/files/notices/2026/septembre/10263-pres-iv-toluna-harris-interactive-rtl-14-septembre.pdf,https://fr.wikipedia.org/wiki/Liste_de_sondages_sur_l%27%C3%A9lection_pr%C3%A9sidentielle_fran%C3%A7aise_de_2027,primary,2026-10-09T14:35Z,sha256:45f104fb9349a9a80ed47e53d03517a8a7d3f8c8dc7f75bbaa65c16e2658eb61
toluna-harris-2026-09-10-10263,toluna-harris,M6 / RTL,2026-09-08,2026-09-10,2026-09-14,2358,online,likely,1,S2,dupont_aignan,2.0,https://www.commission-des-sondages.fr/notices/files/notices/2026/septembre/10263-pres-iv-toluna-harris-interactive-rtl-14-septembre.pdf,https://www.commission-des-sondages.fr/notices/files/notices/2026/septembre/10263-pres-iv-toluna-harris-interactive-rtl-14-septembre.pdf,https://fr.wikipedia.org/wiki/Liste_de_sondages_sur_l%27%C3%A9lection_pr%C3%A9sidentielle_fran%C3%A7aise_de_2027,primary,2026-10-09T14:35Z,sha256:45f104fb9349a9a80ed47e53d03517a8a7d3f8c8dc7f75bbaa65c16e2658eb61
toluna-harris-2026-09-10-10263,toluna-harris,M6 / RTL,2026-09-08,2026-09-10,2026-09-14,2358,online,likely,1,S2,hollande,7.0,https://www.commission-des-sondages.fr/notices/files/notices/2026/septembre/10263-pres-iv-toluna-harris-interactive-rtl-14-septembre.pdf,https://www.commission-des-sondages.fr/notices/files/notices/2026/septembre/10263-pres-iv-toluna-harris-interactive-rtl-14-septembre.pdf,https://fr.wikipedia.org/wiki/Liste_de_sondages_sur_l%27%C3%A9lection_pr%C3%A9sidentielle_fran%C3%A7aise_de_2027,primary,2026-10-09T14:35Z,sha256:45f104fb9349a9a80ed47e53d03517a8a7d3f8c8dc7f75bbaa65c16e2658eb61
toluna-harris-2026-09-10-10263,toluna-harris,M6 / RTL,2026-09-08,2026-09-10,2026-09-14,2358,online,likely,1,S2,le_pen,33.0,https://www.commission-des-sondages.fr/notices/files/notices/2026/septembre/10263-pres-iv-toluna-harris-interactive-rtl-14-septembre.pdf,https://www.commission-des-sondages.fr/notices/files/notices/2026/septembre/10263-pres-iv-toluna-harris-interactive-rtl-14-septembre.pdf,https://fr.wikipedia.org/wiki/Liste_de_sondages_sur_l%27%C3%A9lection_pr%C3%A9sidentielle_fran%C3%A7aise_de_2027,primary,2026-10-09T14:35Z,sha256:45f104fb9349a9a80ed47e53d03517a8a7d3f8c8dc7f75bbaa65c16e2658eb61
toluna-harris-2026-09-10-10263,toluna-harris,M6 / RTL,2026-09-08,2026-09-10,2026-09-14,2358,online,likely,1,S2,melenchon,17.0,https://www.commission-des-sondages.fr/notices/files/notices/2026/septembre/10263-pres-iv-toluna-harris-interactive-rtl-14-septembre.pdf,https://www.commission-des-sondages.fr/notices/files/notices/2026/septembre/10263-pres-iv-toluna-harris-interactive-rtl-14-septembre.pdf,https://fr.wikipedia.org/wiki/Liste_de_sondages_sur_l%27%C3%A9lection_pr%C3%A9sidentielle_fran%C3%A7aise_de_2027,primary,2026-10-09T14:35Z,sha256:45f104fb9349a9a80ed47e53d03517a8a7d3f8c8dc7f75bbaa65c16e2658eb61
toluna-harris-2026-09-10-10263,toluna-harris,M6 / RTL,2026-09-08,2026-09-10,2026-09-14,2358,online,likely,1,S2,philippe,19.0,https://www.commission-des-sondages.fr/notices/files/notices/2026/septembre/10263-pres-iv-toluna-harris-interactive-rtl-14-septembre.pdf,https://www.commission-des-sondages.fr/notices/files/notices/2026/septembre/10263-pres-iv-toluna-harris-interactive-rtl-14-septembre.pdf,https://fr.wikipedia.org/wiki/Liste_de_sondages_sur_l%27%C3%A9lection_pr%C3%A9sidentielle_fran%C3%A7aise_de_2027,primary,2026-10-09T14:35Z,sha256:45f104fb9349a9a80ed47e53d03517a8a7d3f8c8dc7f75bbaa65c16e2658eb61
toluna-harris-2026-09-10-10263,toluna-harris,M6 / RTL,2026-09-08,2026-09-10,2026-09-14,2358,online,likely,1,S2,retailleau,9.0,https://www.commission-des-sondages.fr/notices/files/notices/2026/septembre/10263-pres-iv-toluna-harris-interactive-rtl-14-septembre.pdf,https://www.commission-des-sondages.fr/notices/files/notices/2026/septembre/10263-pres-iv-toluna-harris-interactive-rtl-14-septembre.pdf,https://fr.wikipedia.org/wiki/Liste_de_sondages_sur_l%27%C3%A9lection_pr%C3%A9sidentielle_fran%C3%A7aise_de_2027,primary,2026-10-09T14:35Z,sha256:45f104fb9349a9a80ed47e53d03517a8a7d3f8c8dc7f75bbaa65c16e2658eb61
toluna-harris-2026-09-10-10263,toluna-harris,M6 / RTL,2026-09-08,2026-09-10,2026-09-14,2358,online,likely,1,S2,roussel,3.0,https://www.commission-des-sondages.fr/notices/files/notices/2026/septembre/10263-pres-iv-toluna-harris-interactive-rtl-14-septembre.pdf,https://www.commission-des-sondages.fr/notices/files/notices/2026/septembre/10263-pres-iv-toluna-harris-interactive-rtl-14-septembre.pdf,https://fr.wikipedia.org/wiki/Liste_de_sondages_sur_l%27%C3%A9lection_pr%C3%A9sidentielle_fran%C3%A7aise_de_2027,primary,2026-10-09T14:35Z,sha256:45f104fb9349a9a80ed47e53d03517a8a7d3f8c8dc7f75bbaa65c16e2658eb61
toluna-harris-2026-09-10-10263,toluna-harris,M6 / RTL,2026-09-08,2026-09-10,2026-09-14,2358,online,likely,1,S2,tondelier,4.0,https://www.commission-des-sondages.fr/notices/files/notices/2026/septembre/10263-pres-iv-toluna-harris-interactive-rtl-14-septembre.pdf,https://www.commission-des-sondages.fr/notices/files/notices/2026/septembre/10263-pres-iv-toluna-harris-interactive-rtl-14-septembre.pdf,https://fr.wikipedia.org/wiki/Liste_de_sondages_sur_l%27%C3%A9lection_pr%C3%A9sidentielle_fran%C3%A7aise_de_2027,primary,2026-10-09T14:35Z,sha256:45f104fb9349a9a80ed47e53d03517a8a7d3f8c8dc7f75bbaa65c16e2658eb61
toluna-harris-2026-09-10-10263,toluna-harris,M6 / RTL,2026-09-08,2026-09-10,2026-09-14,2358,online,likely,1,S2,zemmour,5.0,https://www.commission-des-sondages.fr/notices/files/notices/2026/septembre/10263-pres-iv-toluna-harris-interactive-rtl-14-septembre.pdf,https://www.commission-des-sondages.fr/notices/files/notices/2026/septembre/10263-pres-iv-toluna-harris-interactive-rtl-14-septembre.pdf,https://fr.wikipedia.org/wiki/Liste_de_sondages_sur_l%27%C3%A9lection_pr%C3%A9sidentielle_fran%C3%A7aise_de_2027,primary,2026-10-09T14:35Z,sha256:45f104fb9349a9a80ed47e53d03517a8a7d3f8c8dc7f75bbaa65c16e2658eb61
toluna-harris-2026-09-10-10263,toluna-harris,M6 / RTL,2026-09-08,2026-09-10,2026-09-14,2358,online,likely,1,S3,arthaud,1.0,https://www.commission-des-sondages.fr/notices/files/notices/2026/septembre/10263-pres-iv-toluna-harris-interactive-rtl-14-septembre.pdf,https://www.commission-des-sondages.fr/notices/files/notices/2026/septembre/10263-pres-iv-toluna-harris-interactive-rtl-14-septembre.pdf,https://fr.wikipedia.org/wiki/Liste_de_sondages_sur_l%27%C3%A9lection_pr%C3%A9sidentielle_fran%C3%A7aise_de_2027,primary,2026-10-09T14:35Z,sha256:45f104fb9349a9a80ed47e53d03517a8a7d3f8c8dc7f75bbaa65c16e2658eb61
toluna-harris-2026-09-10-10263,toluna-harris,M6 / RTL,2026-09-08,2026-09-10,2026-09-14,2358,online,likely,1,S3,attal,14.0,https://www.commission-des-sondages.fr/notices/files/notices/2026/septembre/10263-pres-iv-toluna-harris-interactive-rtl-14-septembre.pdf,https://www.commission-des-sondages.fr/notices/files/notices/2026/septembre/10263-pres-iv-toluna-harris-interactive-rtl-14-septembre.pdf,https://fr.wikipedia.org/wiki/Liste_de_sondages_sur_l%27%C3%A9lection_pr%C3%A9sidentielle_fran%C3%A7aise_de_2027,primary,2026-10-09T14:35Z,sha256:45f104fb9349a9a80ed47e53d03517a8a7d3f8c8dc7f75bbaa65c16e2658eb61
toluna-harris-2026-09-10-10263,toluna-harris,M6 / RTL,2026-09-08,2026-09-10,2026-09-14,2358,online,likely,1,S3,dupont_aignan,2.0,https://www.commission-des-sondages.fr/notices/files/notices/2026/septembre/10263-pres-iv-toluna-harris-interactive-rtl-14-septembre.pdf,https://www.commission-des-sondages.fr/notices/files/notices/2026/septembre/10263-pres-iv-toluna-harris-interactive-rtl-14-septembre.pdf,https://fr.wikipedia.org/wiki/Liste_de_sondages_sur_l%27%C3%A9lection_pr%C3%A9sidentielle_fran%C3%A7aise_de_2027,primary,2026-10-09T14:35Z,sha256:45f104fb9349a9a80ed47e53d03517a8a7d3f8c8dc7f75bbaa65c16e2658eb61
toluna-harris-2026-09-10-10263,toluna-harris,M6 / RTL,2026-09-08,2026-09-10,2026-09-14,2358,online,likely,1,S3,glucksmann,12.0,https://www.commission-des-sondages.fr/notices/files/notices/2026/septembre/10263-pres-iv-toluna-harris-interactive-rtl-14-septembre.pdf,https://www.commission-des-sondages.fr/notices/files/notices/2026/septembre/10263-pres-iv-toluna-harris-interactive-rtl-14-septembre.pdf,https://fr.wikipedia.org/wiki/Liste_de_sondages_sur_l%27%C3%A9lection_pr%C3%A9sidentielle_fran%C3%A7aise_de_2027,primary,2026-10-09T14:35Z,sha256:45f104fb9349a9a80ed47e53d03517a8a7d3f8c8dc7f75bbaa65c16e2658eb61
toluna-harris-2026-09-10-10263,toluna-harris,M6 / RTL,2026-09-08,2026-09-10,2026-09-14,2358,online,likely,1,S3,le_pen,35.0,https://www.commission-des-sondages.fr/notices/files/notices/2026/septembre/10263-pres-iv-toluna-harris-interactive-rtl-14-septembre.pdf,https://www.commission-des-sondages.fr/notices/files/notices/2026/septembre/10263-pres-iv-toluna-harris-interactive-rtl-14-septembre.pdf,https://fr.wikipedia.org/wiki/Liste_de_sondages_sur_l%27%C3%A9lection_pr%C3%A9sidentielle_fran%C3%A7aise_de_2027,primary,2026-10-09T14:35Z,sha256:45f104fb9349a9a80ed47e53d03517a8a7d3f8c8dc7f75bbaa65c16e2658eb61
toluna-harris-2026-09-10-10263,toluna-harris,M6 / RTL,2026-09-08,2026-09-10,2026-09-14,2358,online,likely,1,S3,melenchon,17.0,https://www.commission-des-sondages.fr/notices/files/notices/2026/septembre/10263-pres-iv-toluna-harris-interactive-rtl-14-septembre.pdf,https://www.commission-des-sondages.fr/notices/files/notices/2026/septembre/10263-pres-iv-toluna-harris-interactive-rtl-14-septembre.pdf,https://fr.wikipedia.org/wiki/Liste_de_sondages_sur_l%27%C3%A9lection_pr%C3%A9sidentielle_fran%C3%A7aise_de_2027,primary,2026-10-09T14:35Z,sha256:45f104fb9349a9a80ed47e53d03517a8a7d3f8c8dc7f75bbaa65c16e2658eb61
toluna-harris-2026-09-10-10263,toluna-harris,M6 / RTL,2026-09-08,2026-09-10,2026-09-14,2358,online,likely,1,S3,retailleau,9.0,https://www.commission-des-sondages.fr/notices/files/notices/2026/septembre/10263-pres-iv-toluna-harris-interactive-rtl-14-septembre.pdf,https://www.commission-des-sondages.fr/notices/files/notices/2026/septembre/10263-pres-iv-toluna-harris-interactive-rtl-14-septembre.pdf,https://fr.wikipedia.org/wiki/Liste_de_sondages_sur_l%27%C3%A9lection_pr%C3%A9sidentielle_fran%C3%A7aise_de_2027,primary,2026-10-09T14:35Z,sha256:45f104fb9349a9a80ed47e53d03517a8a7d3f8c8dc7f75bbaa65c16e2658eb61
toluna-harris-2026-09-10-10263,toluna-harris,M6 / RTL,2026-09-08,2026-09-10,2026-09-14,2358,online,likely,1,S3,roussel,2.0,https://www.commission-des-sondages.fr/notices/files/notices/2026/septembre/10263-pres-iv-toluna-harris-interactive-rtl-14-septembre.pdf,https://www.commission-des-sondages.fr/notices/files/notices/2026/septembre/10263-pres-iv-toluna-harris-interactive-rtl-14-septembre.pdf,https://fr.wikipedia.org/wiki/Liste_de_sondages_sur_l%27%C3%A9lection_pr%C3%A9sidentielle_fran%C3%A7aise_de_2027,primary,2026-10-09T14:35Z,sha256:45f104fb9349a9a80ed47e53d03517a8a7d3f8c8dc7f75bbaa65c16e2658eb61
toluna-harris-2026-09-10-10263,toluna-harris,M6 / RTL,2026-09-08,2026-09-10,2026-09-14,2358,online,likely,1,S3,tondelier,3.0,https://www.commission-des-sondages.fr/notices/files/notices/2026/septembre/10263-pres-iv-toluna-harris-interactive-rtl-14-septembre.pdf,https://www.commission-des-sondages.fr/notices/files/notices/2026/septembre/10263-pres-iv-toluna-harris-interactive-rtl-14-septembre.pdf,https://fr.wikipedia.org/wiki/Liste_de_sondages_sur_l%27%C3%A9lection_pr%C3%A9sidentielle_fran%C3%A7aise_de_2027,primary,2026-10-09T14:35Z,sha256:45f104fb9349a9a80ed47e53d03517a8a7d3f8c8dc7f75bbaa65c16e2658eb61
toluna-harris-2026-09-10-10263,toluna-harris,M6 / RTL,2026-09-08,2026-09-10,2026-09-14,2358,online,likely,1,S3,zemmour,5.0,https://www.commission-des-sondages.fr/notices/files/notices/2026/septembre/10263-pres-iv-toluna-harris-interactive-rtl-14-septembre.pdf,https://www.commission-des-sondages.fr/notices/files/notices/2026/septembre/10263-pres-iv-toluna-harris-interactive-rtl-14-septembre.pdf,https://fr.wikipedia.org/wiki/Liste_de_sondages_sur_l%27%C3%A9lection_pr%C3%A9sidentielle_fran%C3%A7aise_de_2027,primary,2026-10-09T14:35Z,sha256:45f104fb9349a9a80ed47e53d03517a8a7d3f8c8dc7f75bbaa65c16e2658eb61
toluna-harris-2026-09-10-10263,toluna-harris,M6 / RTL,2026-09-08,2026-09-10,2026-09-14,2358,online,likely,1,S4,arthaud,1.0,https://www.commission-des-sondages.fr/notices/files/notices/2026/septembre/10263-pres-iv-toluna-harris-interactive-rtl-14-septembre.pdf,https://www.commission-des-sondages.fr/notices/files/notices/2026/septembre/10263-pres-iv-toluna-harris-interactive-rtl-14-septembre.pdf,https://fr.wikipedia.org/wiki/Liste_de_sondages_sur_l%27%C3%A9lection_pr%C3%A9sidentielle_fran%C3%A7aise_de_2027,primary,2026-10-09T14:35Z,sha256:45f104fb9349a9a80ed47e53d03517a8a7d3f8c8dc7f75bbaa65c16e2658eb61
toluna-harris-2026-09-10-10263,toluna-harris,M6 / RTL,2026-09-08,2026-09-10,2026-09-14,2358,online,likely,1,S4,dupont_aignan,3.0,https://www.commission-des-sondages.fr/notices/files/notices/2026/septembre/10263-pres-iv-toluna-harris-interactive-rtl-14-septembre.pdf,https://www.commission-des-sondages.fr/notices/files/notices/2026/septembre/10263-pres-iv-toluna-harris-interactive-rtl-14-septembre.pdf,https://fr.wikipedia.org/wiki/Liste_de_sondages_sur_l%27%C3%A9lection_pr%C3%A9sidentielle_fran%C3%A7aise_de_2027,primary,2026-10-09T14:35Z,sha256:45f104fb9349a9a80ed47e53d03517a8a7d3f8c8dc7f75bbaa65c16e2658eb61
toluna-harris-2026-09-10-10263,toluna-harris,M6 / RTL,2026-09-08,2026-09-10,2026-09-14,2358,online,likely,1,S4,glucksmann,10.0,https://www.commission-des-sondages.fr/notices/files/notices/2026/septembre/10263-pres-iv-toluna-harris-interactive-rtl-14-septembre.pdf,https://www.commission-des-sondages.fr/notices/files/notices/2026/septembre/10263-pres-iv-toluna-harris-interactive-rtl-14-septembre.pdf,https://fr.wikipedia.org/wiki/Liste_de_sondages_sur_l%27%C3%A9lection_pr%C3%A9sidentielle_fran%C3%A7aise_de_2027,primary,2026-10-09T14:35Z,sha256:45f104fb9349a9a80ed47e53d03517a8a7d3f8c8dc7f75bbaa65c16e2658eb61
toluna-harris-2026-09-10-10263,toluna-harris,M6 / RTL,2026-09-08,2026-09-10,2026-09-14,2358,online,likely,1,S4,le_pen,34.0,https://www.commission-des-sondages.fr/notices/files/notices/2026/septembre/10263-pres-iv-toluna-harris-interactive-rtl-14-septembre.pdf,https://www.commission-des-sondages.fr/notices/files/notices/2026/septembre/10263-pres-iv-toluna-harris-interactive-rtl-14-septembre.pdf,https://fr.wikipedia.org/wiki/Liste_de_sondages_sur_l%27%C3%A9lection_pr%C3%A9sidentielle_fran%C3%A7aise_de_2027,primary,2026-10-09T14:35Z,sha256:45f104fb9349a9a80ed47e53d03517a8a7d3f8c8dc7f75bbaa65c16e2658eb61
toluna-harris-2026-09-10-10263,toluna-harris,M6 / RTL,2026-09-08,2026-09-10,2026-09-14,2358,online,likely,1,S4,melenchon,17.0,https://www.commission-des-sondages.fr/notices/files/notices/2026/septembre/10263-pres-iv-toluna-harris-interactive-rtl-14-septembre.pdf,https://www.commission-des-sondages.fr/notices/files/notices/2026/septembre/10263-pres-iv-toluna-harris-interactive-rtl-14-septembre.pdf,https://fr.wikipedia.org/wiki/Liste_de_sondages_sur_l%27%C3%A9lection_pr%C3%A9sidentielle_fran%C3%A7aise_de_2027,primary,2026-10-09T14:35Z,sha256:45f104fb9349a9a80ed47e53d03517a8a7d3f8c8dc7f75bbaa65c16e2658eb61
toluna-harris-2026-09-10-10263,toluna-harris,M6 / RTL,2026-09-08,2026-09-10,2026-09-14,2358,online,likely,1,S4,philippe,17.0,https://www.commission-des-sondages.fr/notices/files/notices/2026/septembre/10263-pres-iv-toluna-harris-interactive-rtl-14-septembre.pdf,https://www.commission-des-sondages.fr/notices/files/notices/2026/septembre/10263-pres-iv-toluna-harris-interactive-rtl-14-septembre.pdf,https://fr.wikipedia.org/wiki/Liste_de_sondages_sur_l%27%C3%A9lection_pr%C3%A9sidentielle_fran%C3%A7aise_de_2027,primary,2026-10-09T14:35Z,sha256:45f104fb9349a9a80ed47e53d03517a8a7d3f8c8dc7f75bbaa65c16e2658eb61
toluna-harris-2026-09-10-10263,toluna-harris,M6 / RTL,2026-09-08,2026-09-10,2026-09-14,2358,online,likely,1,S4,retailleau,7.0,https://www.commission-des-sondages.fr/notices/files/notices/2026/septembre/10263-pres-iv-toluna-harris-interactive-rtl-14-septembre.pdf,https://www.commission-des-sondages.fr/notices/files/notices/2026/septembre/10263-pres-iv-toluna-harris-interactive-rtl-14-septembre.pdf,https://fr.wikipedia.org/wiki/Liste_de_sondages_sur_l%27%C3%A9lection_pr%C3%A9sidentielle_fran%C3%A7aise_de_2027,primary,2026-10-09T14:35Z,sha256:45f104fb9349a9a80ed47e53d03517a8a7d3f8c8dc7f75bbaa65c16e2658eb61
toluna-harris-2026-09-10-10263,toluna-harris,M6 / RTL,2026-09-08,2026-09-10,2026-09-14,2358,online,likely,1,S4,roussel,3.0,https://www.commission-des-sondages.fr/notices/files/notices/2026/septembre/10263-pres-iv-toluna-harris-interactive-rtl-14-septembre.pdf,https://www.commission-des-sondages.fr/notices/files/notices/2026/septembre/10263-pres-iv-toluna-harris-interactive-rtl-14-septembre.pdf,https://fr.wikipedia.org/wiki/Liste_de_sondages_sur_l%27%C3%A9lection_pr%C3%A9sidentielle_fran%C3%A7aise_de_2027,primary,2026-10-09T14:35Z,sha256:45f104fb9349a9a80ed47e53d03517a8a7d3f8c8dc7f75bbaa65c16e2658eb61
toluna-harris-2026-09-10-10263,toluna-harris,M6 / RTL,2026-09-08,2026-09-10,2026-09-14,2358,online,likely,1,S4,tondelier,3.0,https://www.commission-des-sondages.fr/notices/files/notices/2026/septembre/10263-pres-iv-toluna-harris-interactive-rtl-14-septembre.pdf,https://www.commission-des-sondages.fr/notices/files/notices/2026/septembre/10263-pres-iv-toluna-harris-interactive-rtl-14-septembre.pdf,https://fr.wikipedia.org/wiki/Liste_de_sondages_sur_l%27%C3%A9lection_pr%C3%A9sidentielle_fran%C3%A7aise_de_2027,primary,2026-10-09T14:35Z,sha256:45f104fb9349a9a80ed47e53d03517a8a7d3f8c8dc7f75bbaa65c16e2658eb61
toluna-harris-2026-09-10-10263,toluna-harris,M6 / RTL,2026-09-08,2026-09-10,2026-09-14,2358,online,likely,1,S4,zemmour,5.0,https://www.commission-des-sondages.fr/notices/files/notices/2026/septembre/10263-pres-iv-toluna-harris-interactive-rtl-14-septembre.pdf,https://www.commission-des-sondages.fr/notices/files/notices/2026/septembre/10263-pres-iv-toluna-harris-interactive-rtl-14-septembre.pdf,https://fr.wikipedia.org/wiki/Liste_de_sondages_sur_l%27%C3%A9lection_pr%C3%A9sidentielle_fran%C3%A7aise_de_2027,primary,2026-10-09T14:35Z,sha256:45f104fb9349a9a80ed47e53d03517a8a7d3f8c8dc7f75bbaa65c16e2658eb61
toluna-harris-2026-09-10-10263,toluna-harris,M6 / RTL,2026-09-08,2026-09-10,2026-09-14,2358,online,likely,1,S5,arthaud,1.0,https://www.commission-des-sondages.fr/notices/files/notices/2026/septembre/10263-pres-iv-toluna-harris-interactive-rtl-14-septembre.pdf,https://www.commission-des-sondages.fr/notices/files/notices/2026/septembre/10263-pres-iv-toluna-harris-interactive-rtl-14-septembre.pdf,https://fr.wikipedia.org/wiki/Liste_de_sondages_sur_l%27%C3%A9lection_pr%C3%A9sidentielle_fran%C3%A7aise_de_2027,primary,2026-10-09T14:35Z,sha256:45f104fb9349a9a80ed47e53d03517a8a7d3f8c8dc7f75bbaa65c16e2658eb61
toluna-harris-2026-09-10-10263,toluna-harris,M6 / RTL,2026-09-08,2026-09-10,2026-09-14,2358,online,likely,1,S5,attal,8.0,https://www.commission-des-sondages.fr/notices/files/notices/2026/septembre/10263-pres-iv-toluna-harris-interactive-rtl-14-septembre.pdf,https://www.commission-des-sondages.fr/notices/files/notices/2026/septembre/10263-pres-iv-toluna-harris-interactive-rtl-14-septembre.pdf,https://fr.wikipedia.org/wiki/Liste_de_sondages_sur_l%27%C3%A9lection_pr%C3%A9sidentielle_fran%C3%A7aise_de_2027,primary,2026-10-09T14:35Z,sha256:45f104fb9349a9a80ed47e53d03517a8a7d3f8c8dc7f75bbaa65c16e2658eb61
toluna-harris-2026-09-10-10263,toluna-harris,M6 / RTL,2026-09-08,2026-09-10,2026-09-14,2358,online,likely,1,S5,dupont_aignan,2.0,https://www.commission-des-sondages.fr/notices/files/notices/2026/septembre/10263-pres-iv-toluna-harris-interactive-rtl-14-septembre.pdf,https://www.commission-des-sondages.fr/notices/files/notices/2026/septembre/10263-pres-iv-toluna-harris-interactive-rtl-14-septembre.pdf,https://fr.wikipedia.org/wiki/Liste_de_sondages_sur_l%27%C3%A9lection_pr%C3%A9sidentielle_fran%C3%A7aise_de_2027,primary,2026-10-09T14:35Z,sha256:45f104fb9349a9a80ed47e53d03517a8a7d3f8c8dc7f75bbaa65c16e2658eb61
toluna-harris-2026-09-10-10263,toluna-harris,M6 / RTL,2026-09-08,2026-09-10,2026-09-14,2358,online,likely,1,S5,glucksmann,9.0,https://www.commission-des-sondages.fr/notices/files/notices/2026/septembre/10263-pres-iv-toluna-harris-interactive-rtl-14-septembre.pdf,https://www.commission-des-sondages.fr/notices/files/notices/2026/septembre/10263-pres-iv-toluna-harris-interactive-rtl-14-septembre.pdf,https://fr.wikipedia.org/wiki/Liste_de_sondages_sur_l%27%C3%A9lection_pr%C3%A9sidentielle_fran%C3%A7aise_de_2027,primary,2026-10-09T14:35Z,sha256:45f104fb9349a9a80ed47e53d03517a8a7d3f8c8dc7f75bbaa65c16e2658eb61
toluna-harris-2026-09-10-10263,toluna-harris,M6 / RTL,2026-09-08,2026-09-10,2026-09-14,2358,online,likely,1,S5,le_pen,33.0,https://www.commission-des-sondages.fr/notices/files/notices/2026/septembre/10263-pres-iv-toluna-harris-interactive-rtl-14-septembre.pdf,https://www.commission-des-sondages.fr/notices/files/notices/2026/septembre/10263-pres-iv-toluna-harris-interactive-rtl-14-septembre.pdf,https://fr.wikipedia.org/wiki/Liste_de_sondages_sur_l%27%C3%A9lection_pr%C3%A9sidentielle_fran%C3%A7aise_de_2027,primary,2026-10-09T14:35Z,sha256:45f104fb9349a9a80ed47e53d03517a8a7d3f8c8dc7f75bbaa65c16e2658eb61
toluna-harris-2026-09-10-10263,toluna-harris,M6 / RTL,2026-09-08,2026-09-10,2026-09-14,2358,online,likely,1,S5,melenchon,16.0,https://www.commission-des-sondages.fr/notices/files/notices/2026/septembre/10263-pres-iv-toluna-harris-interactive-rtl-14-septembre.pdf,https://www.commission-des-sondages.fr/notices/files/notices/2026/septembre/10263-pres-iv-toluna-harris-interactive-rtl-14-septembre.pdf,https://fr.wikipedia.org/wiki/Liste_de_sondages_sur_l%27%C3%A9lection_pr%C3%A9sidentielle_fran%C3%A7aise_de_2027,primary,2026-10-09T14:35Z,sha256:45f104fb9349a9a80ed47e53d03517a8a7d3f8c8dc7f75bbaa65c16e2658eb61
toluna-harris-2026-09-10-10263,toluna-harris,M6 / RTL,2026-09-08,2026-09-10,2026-09-14,2358,online,likely,1,S5,philippe,14.0,https://www.commission-des-sondages.fr/notices/files/notices/2026/septembre/10263-pres-iv-toluna-harris-interactive-rtl-14-septembre.pdf,https://www.commission-des-sondages.fr/notices/files/notices/2026/septembre/10263-pres-iv-toluna-harris-interactive-rtl-14-septembre.pdf,https://fr.wikipedia.org/wiki/Liste_de_sondages_sur_l%27%C3%A9lection_pr%C3%A9sidentielle_fran%C3%A7aise_de_2027,primary,2026-10-09T14:35Z,sha256:45f104fb9349a9a80ed47e53d03517a8a7d3f8c8dc7f75bbaa65c16e2658eb61
toluna-harris-2026-09-10-10263,toluna-harris,M6 / RTL,2026-09-08,2026-09-10,2026-09-14,2358,online,likely,1,S5,retailleau,7.0,https://www.commission-des-sondages.fr/notices/files/notices/2026/septembre/10263-pres-iv-toluna-harris-interactive-rtl-14-septembre.pdf,https://www.commission-des-sondages.fr/notices/files/notices/2026/septembre/10263-pres-iv-toluna-harris-interactive-rtl-14-septembre.pdf,https://fr.wikipedia.org/wiki/Liste_de_sondages_sur_l%27%C3%A9lection_pr%C3%A9sidentielle_fran%C3%A7aise_de_2027,primary,2026-10-09T14:35Z,sha256:45f104fb9349a9a80ed47e53d03517a8a7d3f8c8dc7f75bbaa65c16e2658eb61
toluna-harris-2026-09-10-10263,toluna-harris,M6 / RTL,2026-09-08,2026-09-10,2026-09-14,2358,online,likely,1,S5,roussel,2.0,https://www.commission-des-sondages.fr/notices/files/notices/2026/septembre/10263-pres-iv-toluna-harris-interactive-rtl-14-septembre.pdf,https://www.commission-des-sondages.fr/notices/files/notices/2026/septembre/10263-pres-iv-toluna-harris-interactive-rtl-14-septembre.pdf,https://fr.wikipedia.org/wiki/Liste_de_sondages_sur_l%27%C3%A9lection_pr%C3%A9sidentielle_fran%C3%A7aise_de_2027,primary,2026-10-09T14:35Z,sha256:45f104fb9349a9a80ed47e53d03517a8a7d3f8c8dc7f75bbaa65c16e2658eb61
toluna-harris-2026-09-10-10263,toluna-harris,M6 / RTL,2026-09-08,2026-09-10,2026-09-14,2358,online,likely,1,S5,tondelier,3.0,https://www.commission-des-sondages.fr/notices/files/notices/2026/septembre/10263-pres-iv-toluna-harris-interactive-rtl-14-septembre.pdf,https://www.commission-des-sondages.fr/notices/files/notices/2026/septembre/10263-pres-iv-toluna-harris-interactive-rtl-14-septembre.pdf,https://fr.wikipedia.org/wiki/Liste_de_sondages_sur_l%27%C3%A9lection_pr%C3%A9sidentielle_fran%C3%A7aise_de_2027,primary,2026-10-09T14:35Z,sha256:45f104fb9349a9a80ed47e53d03517a8a7d3f8c8dc7f75bbaa65c16e2658eb61
toluna-harris-2026-09-10-10263,toluna-harris,M6 / RTL,2026-09-08,2026-09-10,2026-09-14,2358,online,likely,1,S5,zemmour,5.0,https://www.commission-des-sondages.fr/notices/files/notices/2026/septembre/10263-pres-iv-toluna-harris-interactive-rtl-14-septembre.pdf,https://www.commission-des-sondages.fr/notices/files/notices/2026/septembre/10263-pres-iv-toluna-harris-interactive-rtl-14-septembre.pdf,https://fr.wikipedia.org/wiki/Liste_de_sondages_sur_l%27%C3%A9lection_pr%C3%A9sidentielle_fran%C3%A7aise_de_2027,primary,2026-10-09T14:35Z,sha256:45f104fb9349a9a80ed47e53d03517a8a7d3f8c8dc7f75bbaa65c16e2658eb61
toluna-harris-2026-09-10-10263,toluna-harris,M6 / RTL,2026-09-08,2026-09-10,2026-09-14,2358,online,likely,2,H1,attal,44.0,https://www.commission-des-sondages.fr/notices/files/notices/2026/septembre/10263-pres-iv-toluna-harris-interactive-rtl-14-septembre.pdf,https://www.commission-des-sondages.fr/notices/files/notices/2026/septembre/10263-pres-iv-toluna-harris-interactive-rtl-14-septembre.pdf,https://fr.wikipedia.org/wiki/Liste_de_sondages_sur_l%27%C3%A9lection_pr%C3%A9sidentielle_fran%C3%A7aise_de_2027,primary,2026-10-09T14:35Z,sha256:45f104fb9349a9a80ed47e53d03517a8a7d3f8c8dc7f75bbaa65c16e2658eb61
toluna-harris-2026-09-10-10263,toluna-harris,M6 / RTL,2026-09-08,2026-09-10,2026-09-14,2358,online,likely,2,H1,le_pen,56.0,https://www.commission-des-sondages.fr/notices/files/notices/2026/septembre/10263-pres-iv-toluna-harris-interactive-rtl-14-septembre.pdf,https://www.commission-des-sondages.fr/notices/files/notices/2026/septembre/10263-pres-iv-toluna-harris-interactive-rtl-14-septembre.pdf,https://fr.wikipedia.org/wiki/Liste_de_sondages_sur_l%27%C3%A9lection_pr%C3%A9sidentielle_fran%C3%A7aise_de_2027,primary,2026-10-09T14:35Z,sha256:45f104fb9349a9a80ed47e53d03517a8a7d3f8c8dc7f75bbaa65c16e2658eb61
toluna-harris-2026-09-10-10263,toluna-harris,M6 / RTL,2026-09-08,2026-09-10,2026-09-14,2358,online,likely,2,H2,le_pen,67.0,https://www.commission-des-sondages.fr/notices/files/notices/2026/septembre/10263-pres-iv-toluna-harris-interactive-rtl-14-septembre.pdf,https://www.commission-des-sondages.fr/notices/files/notices/2026/septembre/10263-pres-iv-toluna-harris-interactive-rtl-14-septembre.pdf,https://fr.wikipedia.org/wiki/Liste_de_sondages_sur_l%27%C3%A9lection_pr%C3%A9sidentielle_fran%C3%A7aise_de_2027,primary,2026-10-09T14:35Z,sha256:45f104fb9349a9a80ed47e53d03517a8a7d3f8c8dc7f75bbaa65c16e2658eb61
toluna-harris-2026-09-10-10263,toluna-harris,M6 / RTL,2026-09-08,2026-09-10,2026-09-14,2358,online,likely,2,H2,melenchon,33.0,https://www.commission-des-sondages.fr/notices/files/notices/2026/septembre/10263-pres-iv-toluna-harris-interactive-rtl-14-septembre.pdf,https://www.commission-des-sondages.fr/notices/files/notices/2026/septembre/10263-pres-iv-toluna-harris-interactive-rtl-14-septembre.pdf,https://fr.wikipedia.org/wiki/Liste_de_sondages_sur_l%27%C3%A9lection_pr%C3%A9sidentielle_fran%C3%A7aise_de_2027,primary,2026-10-09T14:35Z,sha256:45f104fb9349a9a80ed47e53d03517a8a7d3f8c8dc7f75bbaa65c16e2658eb61
toluna-harris-2026-09-10-10263,toluna-harris,M6 / RTL,2026-09-08,2026-09-10,2026-09-14,2358,online,likely,2,H3,le_pen,55.0,https://www.commission-des-sondages.fr/notices/files/notices/2026/septembre/10263-pres-iv-toluna-harris-interactive-rtl-14-septembre.pdf,https://www.commission-des-sondages.fr/notices/files/notices/2026/septembre/10263-pres-iv-toluna-harris-interactive-rtl-14-septembre.pdf,https://fr.wikipedia.org/wiki/Liste_de_sondages_sur_l%27%C3%A9lection_pr%C3%A9sidentielle_fran%C3%A7aise_de_2027,primary,2026-10-09T14:35Z,sha256:45f104fb9349a9a80ed47e53d03517a8a7d3f8c8dc7f75bbaa65c16e2658eb61
toluna-harris-2026-09-10-10263,toluna-harris,M6 / RTL,2026-09-08,2026-09-10,2026-09-14,2358,online,likely,2,H3,philippe,45.0,https://www.commission-des-sondages.fr/notices/files/notices/2026/septembre/10263-pres-iv-toluna-harris-interactive-rtl-14-septembre.pdf,https://www.commission-des-sondages.fr/notices/files/notices/2026/septembre/10263-pres-iv-toluna-harris-interactive-rtl-14-septembre.pdf,https://fr.wikipedia.org/wiki/Liste_de_sondages_sur_l%27%C3%A9lection_pr%C3%A9sidentielle_fran%C3%A7aise_de_2027,primary,2026-10-09T14:35Z,sha256:45f104fb9349a9a80ed47e53d03517a8a7d3f8c8dc7f75bbaa65c16e2658eb61
opinionway-2026-09-04-10264,opinionway,Sebastien Bonnal (declared candidate),2026-09-02,2026-09-04,2026-09-15,1034,online,registered,1,S1,arthaud,1.0,https://www.commission-des-sondages.fr/notices/files/notices/2026/septembre/10264-pres-opinionway-facebook-15-septembre.pdf,https://www.commission-des-sondages.fr/notices/files/notices/2026/septembre/10264-pres-opinionway-facebook-15-septembre.pdf,https://fr.wikipedia.org/wiki/Liste_de_sondages_sur_l%27%C3%A9lection_pr%C3%A9sidentielle_fran%C3%A7aise_de_2027,primary,2026-10-09T14:35Z,sha256:370b99a8761e1d6171bf620518f7e58bc2a3ef99f458b5ee2d165da362767b65
opinionway-2026-09-04-10264,opinionway,Sebastien Bonnal (declared candidate),2026-09-02,2026-09-04,2026-09-15,1034,online,registered,1,S1,attal,7.0,https://www.commission-des-sondages.fr/notices/files/notices/2026/septembre/10264-pres-opinionway-facebook-15-septembre.pdf,https://www.commission-des-sondages.fr/notices/files/notices/2026/septembre/10264-pres-opinionway-facebook-15-septembre.pdf,https://fr.wikipedia.org/wiki/Liste_de_sondages_sur_l%27%C3%A9lection_pr%C3%A9sidentielle_fran%C3%A7aise_de_2027,primary,2026-10-09T14:35Z,sha256:370b99a8761e1d6171bf620518f7e58bc2a3ef99f458b5ee2d165da362767b65
opinionway-2026-09-04-10264,opinionway,Sebastien Bonnal (declared candidate),2026-09-02,2026-09-04,2026-09-15,1034,online,registered,1,S1,bonnal,0.5,https://www.commission-des-sondages.fr/notices/files/notices/2026/septembre/10264-pres-opinionway-facebook-15-septembre.pdf,https://www.commission-des-sondages.fr/notices/files/notices/2026/septembre/10264-pres-opinionway-facebook-15-septembre.pdf,https://fr.wikipedia.org/wiki/Liste_de_sondages_sur_l%27%C3%A9lection_pr%C3%A9sidentielle_fran%C3%A7aise_de_2027,primary,2026-10-09T14:35Z,sha256:370b99a8761e1d6171bf620518f7e58bc2a3ef99f458b5ee2d165da362767b65
opinionway-2026-09-04-10264,opinionway,Sebastien Bonnal (declared candidate),2026-09-02,2026-09-04,2026-09-15,1034,online,registered,1,S1,glucksmann,12.0,https://www.commission-des-sondages.fr/notices/files/notices/2026/septembre/10264-pres-opinionway-facebook-15-septembre.pdf,https://www.commission-des-sondages.fr/notices/files/notices/2026/septembre/10264-pres-opinionway-facebook-15-septembre.pdf,https://fr.wikipedia.org/wiki/Liste_de_sondages_sur_l%27%C3%A9lection_pr%C3%A9sidentielle_fran%C3%A7aise_de_2027,primary,2026-10-09T14:35Z,sha256:370b99a8761e1d6171bf620518f7e58bc2a3ef99f458b5ee2d165da362767b65
opinionway-2026-09-04-10264,opinionway,Sebastien Bonnal (declared candidate),2026-09-02,2026-09-04,2026-09-15,1034,online,registered,1,S1,le_pen,34.0,https://www.commission-des-sondages.fr/notices/files/notices/2026/septembre/10264-pres-opinionway-facebook-15-septembre.pdf,https://www.commission-des-sondages.fr/notices/files/notices/2026/septembre/10264-pres-opinionway-facebook-15-septembre.pdf,https://fr.wikipedia.org/wiki/Liste_de_sondages_sur_l%27%C3%A9lection_pr%C3%A9sidentielle_fran%C3%A7aise_de_2027,primary,2026-10-09T14:35Z,sha256:370b99a8761e1d6171bf620518f7e58bc2a3ef99f458b5ee2d165da362767b65
opinionway-2026-09-04-10264,opinionway,Sebastien Bonnal (declared candidate),2026-09-02,2026-09-04,2026-09-15,1034,online,registered,1,S1,melenchon,16.0,https://www.commission-des-sondages.fr/notices/files/notices/2026/septembre/10264-pres-opinionway-facebook-15-septembre.pdf,https://www.commission-des-sondages.fr/notices/files/notices/2026/septembre/10264-pres-opinionway-facebook-15-septembre.pdf,https://fr.wikipedia.org/wiki/Liste_de_sondages_sur_l%27%C3%A9lection_pr%C3%A9sidentielle_fran%C3%A7aise_de_2027,primary,2026-10-09T14:35Z,sha256:370b99a8761e1d6171bf620518f7e58bc2a3ef99f458b5ee2d165da362767b65
opinionway-2026-09-04-10264,opinionway,Sebastien Bonnal (declared candidate),2026-09-02,2026-09-04,2026-09-15,1034,online,registered,1,S1,philippe,15.0,https://www.commission-des-sondages.fr/notices/files/notices/2026/septembre/10264-pres-opinionway-facebook-15-septembre.pdf,https://www.commission-des-sondages.fr/notices/files/notices/2026/septembre/10264-pres-opinionway-facebook-15-septembre.pdf,https://fr.wikipedia.org/wiki/Liste_de_sondages_sur_l%27%C3%A9lection_pr%C3%A9sidentielle_fran%C3%A7aise_de_2027,primary,2026-10-09T14:35Z,sha256:370b99a8761e1d6171bf620518f7e58bc2a3ef99f458b5ee2d165da362767b65
opinionway-2026-09-04-10264,opinionway,Sebastien Bonnal (declared candidate),2026-09-02,2026-09-04,2026-09-15,1034,online,registered,1,S1,retailleau,7.0,https://www.commission-des-sondages.fr/notices/files/notices/2026/septembre/10264-pres-opinionway-facebook-15-septembre.pdf,https://www.commission-des-sondages.fr/notices/files/notices/2026/septembre/10264-pres-opinionway-facebook-15-septembre.pdf,https://fr.wikipedia.org/wiki/Liste_de_sondages_sur_l%27%C3%A9lection_pr%C3%A9sidentielle_fran%C3%A7aise_de_2027,primary,2026-10-09T14:35Z,sha256:370b99a8761e1d6171bf620518f7e58bc2a3ef99f458b5ee2d165da362767b65
opinionway-2026-09-04-10264,opinionway,Sebastien Bonnal (declared candidate),2026-09-02,2026-09-04,2026-09-15,1034,online,registered,1,S1,roussel,2.0,https://www.commission-des-sondages.fr/notices/files/notices/2026/septembre/10264-pres-opinionway-facebook-15-septembre.pdf,https://www.commission-des-sondages.fr/notices/files/notices/2026/septembre/10264-pres-opinionway-facebook-15-septembre.pdf,https://fr.wikipedia.org/wiki/Liste_de_sondages_sur_l%27%C3%A9lection_pr%C3%A9sidentielle_fran%C3%A7aise_de_2027,primary,2026-10-09T14:35Z,sha256:370b99a8761e1d6171bf620518f7e58bc2a3ef99f458b5ee2d165da362767b65
opinionway-2026-09-04-10264,opinionway,Sebastien Bonnal (declared candidate),2026-09-02,2026-09-04,2026-09-15,1034,online,registered,1,S1,tondelier,3.0,https://www.commission-des-sondages.fr/notices/files/notices/2026/septembre/10264-pres-opinionway-facebook-15-septembre.pdf,https://www.commission-des-sondages.fr/notices/files/notices/2026/septembre/10264-pres-opinionway-facebook-15-septembre.pdf,https://fr.wikipedia.org/wiki/Liste_de_sondages_sur_l%27%C3%A9lection_pr%C3%A9sidentielle_fran%C3%A7aise_de_2027,primary,2026-10-09T14:35Z,sha256:370b99a8761e1d6171bf620518f7e58bc2a3ef99f458b5ee2d165da362767b65
opinionway-2026-09-04-10264,opinionway,Sebastien Bonnal (declared candidate),2026-09-02,2026-09-04,2026-09-15,1034,online,registered,1,S1,zemmour,3.0,https://www.commission-des-sondages.fr/notices/files/notices/2026/septembre/10264-pres-opinionway-facebook-15-septembre.pdf,https://www.commission-des-sondages.fr/notices/files/notices/2026/septembre/10264-pres-opinionway-facebook-15-septembre.pdf,https://fr.wikipedia.org/wiki/Liste_de_sondages_sur_l%27%C3%A9lection_pr%C3%A9sidentielle_fran%C3%A7aise_de_2027,primary,2026-10-09T14:35Z,sha256:370b99a8761e1d6171bf620518f7e58bc2a3ef99f458b5ee2d165da362767b65
yougov-2026-09-21-10270,yougov,Le HuffPost,2026-09-17,2026-09-21,2026-09-23,1103,online,likely,1,S1,arthaud,1.0,https://www.commission-des-sondages.fr/notices/files/notices/2026/septembre/10270-pres-iv-yougov-huffpost-23-septembre.pdf,https://www.commission-des-sondages.fr/notices/files/notices/2026/septembre/10270-pres-iv-yougov-huffpost-23-septembre.pdf,https://fr.wikipedia.org/wiki/Liste_de_sondages_sur_l%27%C3%A9lection_pr%C3%A9sidentielle_fran%C3%A7aise_de_2027,primary,2026-10-09T14:35Z,sha256:89e77f5bb10589af5511ef35c063fe13d91a334c40975ccbe024f67230a1853a
yougov-2026-09-21-10270,yougov,Le HuffPost,2026-09-17,2026-09-21,2026-09-23,1103,online,likely,1,S1,attal,9.0,https://www.commission-des-sondages.fr/notices/files/notices/2026/septembre/10270-pres-iv-yougov-huffpost-23-septembre.pdf,https://www.commission-des-sondages.fr/notices/files/notices/2026/septembre/10270-pres-iv-yougov-huffpost-23-septembre.pdf,https://fr.wikipedia.org/wiki/Liste_de_sondages_sur_l%27%C3%A9lection_pr%C3%A9sidentielle_fran%C3%A7aise_de_2027,primary,2026-10-09T14:35Z,sha256:89e77f5bb10589af5511ef35c063fe13d91a334c40975ccbe024f67230a1853a
yougov-2026-09-21-10270,yougov,Le HuffPost,2026-09-17,2026-09-21,2026-09-23,1103,online,likely,1,S1,dupont_aignan,2.0,https://www.commission-des-sondages.fr/notices/files/notices/2026/septembre/10270-pres-iv-yougov-huffpost-23-septembre.pdf,https://www.commission-des-sondages.fr/notices/files/notices/2026/septembre/10270-pres-iv-yougov-huffpost-23-septembre.pdf,https://fr.wikipedia.org/wiki/Liste_de_sondages_sur_l%27%C3%A9lection_pr%C3%A9sidentielle_fran%C3%A7aise_de_2027,primary,2026-10-09T14:35Z,sha256:89e77f5bb10589af5511ef35c063fe13d91a334c40975ccbe024f67230a1853a
yougov-2026-09-21-10270,yougov,Le HuffPost,2026-09-17,2026-09-21,2026-09-23,1103,online,likely,1,S1,glucksmann,8.0,https://www.commission-des-sondages.fr/notices/files/notices/2026/septembre/10270-pres-iv-yougov-huffpost-23-septembre.pdf,https://www.commission-des-sondages.fr/notices/files/notices/2026/septembre/10270-pres-iv-yougov-huffpost-23-septembre.pdf,https://fr.wikipedia.org/wiki/Liste_de_sondages_sur_l%27%C3%A9lection_pr%C3%A9sidentielle_fran%C3%A7aise_de_2027,primary,2026-10-09T14:35Z,sha256:89e77f5bb10589af5511ef35c063fe13d91a334c40975ccbe024f67230a1853a
yougov-2026-09-21-10270,yougov,Le HuffPost,2026-09-17,2026-09-21,2026-09-23,1103,online,likely,1,S1,le_pen,34.0,https://www.commission-des-sondages.fr/notices/files/notices/2026/septembre/10270-pres-iv-yougov-huffpost-23-septembre.pdf,https://www.commission-des-sondages.fr/notices/files/notices/2026/septembre/10270-pres-iv-yougov-huffpost-23-septembre.pdf,https://fr.wikipedia.org/wiki/Liste_de_sondages_sur_l%27%C3%A9lection_pr%C3%A9sidentielle_fran%C3%A7aise_de_2027,primary,2026-10-09T14:35Z,sha256:89e77f5bb10589af5511ef35c063fe13d91a334c40975ccbe024f67230a1853a
yougov-2026-09-21-10270,yougov,Le HuffPost,2026-09-17,2026-09-21,2026-09-23,1103,online,likely,1,S1,melenchon,17.0,https://www.commission-des-sondages.fr/notices/files/notices/2026/septembre/10270-pres-iv-yougov-huffpost-23-septembre.pdf,https://www.commission-des-sondages.fr/notices/files/notices/2026/septembre/10270-pres-iv-yougov-huffpost-23-septembre.pdf,https://fr.wikipedia.org/wiki/Liste_de_sondages_sur_l%27%C3%A9lection_pr%C3%A9sidentielle_fran%C3%A7aise_de_2027,primary,2026-10-09T14:35Z,sha256:89e77f5bb10589af5511ef35c063fe13d91a334c40975ccbe024f67230a1853a
yougov-2026-09-21-10270,yougov,Le HuffPost,2026-09-17,2026-09-21,2026-09-23,1103,online,likely,1,S1,philippe,12.0,https://www.commission-des-sondages.fr/notices/files/notices/2026/septembre/10270-pres-iv-yougov-huffpost-23-septembre.pdf,https://www.commission-des-sondages.fr/notices/files/notices/2026/septembre/10270-pres-iv-yougov-huffpost-23-septembre.pdf,https://fr.wikipedia.org/wiki/Liste_de_sondages_sur_l%27%C3%A9lection_pr%C3%A9sidentielle_fran%C3%A7aise_de_2027,primary,2026-10-09T14:35Z,sha256:89e77f5bb10589af5511ef35c063fe13d91a334c40975ccbe024f67230a1853a
yougov-2026-09-21-10270,yougov,Le HuffPost,2026-09-17,2026-09-21,2026-09-23,1103,online,likely,1,S1,retailleau,8.0,https://www.commission-des-sondages.fr/notices/files/notices/2026/septembre/10270-pres-iv-yougov-huffpost-23-septembre.pdf,https://www.commission-des-sondages.fr/notices/files/notices/2026/septembre/10270-pres-iv-yougov-huffpost-23-septembre.pdf,https://fr.wikipedia.org/wiki/Liste_de_sondages_sur_l%27%C3%A9lection_pr%C3%A9sidentielle_fran%C3%A7aise_de_2027,primary,2026-10-09T14:35Z,sha256:89e77f5bb10589af5511ef35c063fe13d91a334c40975ccbe024f67230a1853a
yougov-2026-09-21-10270,yougov,Le HuffPost,2026-09-17,2026-09-21,2026-09-23,1103,online,likely,1,S1,roussel,2.0,https://www.commission-des-sondages.fr/notices/files/notices/2026/septembre/10270-pres-iv-yougov-huffpost-23-septembre.pdf,https://www.commission-des-sondages.fr/notices/files/notices/2026/septembre/10270-pres-iv-yougov-huffpost-23-septembre.pdf,https://fr.wikipedia.org/wiki/Liste_de_sondages_sur_l%27%C3%A9lection_pr%C3%A9sidentielle_fran%C3%A7aise_de_2027,primary,2026-10-09T14:35Z,sha256:89e77f5bb10589af5511ef35c063fe13d91a334c40975ccbe024f67230a1853a
yougov-2026-09-21-10270,yougov,Le HuffPost,2026-09-17,2026-09-21,2026-09-23,1103,online,likely,1,S1,tondelier,3.0,https://www.commission-des-sondages.fr/notices/files/notices/2026/septembre/10270-pres-iv-yougov-huffpost-23-septembre.pdf,https://www.commission-des-sondages.fr/notices/files/notices/2026/septembre/10270-pres-iv-yougov-huffpost-23-septembre.pdf,https://fr.wikipedia.org/wiki/Liste_de_sondages_sur_l%27%C3%A9lection_pr%C3%A9sidentielle_fran%C3%A7aise_de_2027,primary,2026-10-09T14:35Z,sha256:89e77f5bb10589af5511ef35c063fe13d91a334c40975ccbe024f67230a1853a
yougov-2026-09-21-10270,yougov,Le HuffPost,2026-09-17,2026-09-21,2026-09-23,1103,online,likely,1,S1,zemmour,6.0,https://www.commission-des-sondages.fr/notices/files/notices/2026/septembre/10270-pres-iv-yougov-huffpost-23-septembre.pdf,https://www.commission-des-sondages.fr/notices/files/notices/2026/septembre/10270-pres-iv-yougov-huffpost-23-septembre.pdf,https://fr.wikipedia.org/wiki/Liste_de_sondages_sur_l%27%C3%A9lection_pr%C3%A9sidentielle_fran%C3%A7aise_de_2027,primary,2026-10-09T14:35Z,sha256:89e77f5bb10589af5511ef35c063fe13d91a334c40975ccbe024f67230a1853a
yougov-2026-09-21-10270,yougov,Le HuffPost,2026-09-17,2026-09-21,2026-09-23,1103,online,likely,1,S2,arthaud,1.0,https://www.commission-des-sondages.fr/notices/files/notices/2026/septembre/10270-pres-iv-yougov-huffpost-23-septembre.pdf,https://www.commission-des-sondages.fr/notices/files/notices/2026/septembre/10270-pres-iv-yougov-huffpost-23-septembre.pdf,https://fr.wikipedia.org/wiki/Liste_de_sondages_sur_l%27%C3%A9lection_pr%C3%A9sidentielle_fran%C3%A7aise_de_2027,primary,2026-10-09T14:35Z,sha256:89e77f5bb10589af5511ef35c063fe13d91a334c40975ccbe024f67230a1853a
yougov-2026-09-21-10270,yougov,Le HuffPost,2026-09-17,2026-09-21,2026-09-23,1103,online,likely,1,S2,dupont_aignan,2.0,https://www.commission-des-sondages.fr/notices/files/notices/2026/septembre/10270-pres-iv-yougov-huffpost-23-septembre.pdf,https://www.commission-des-sondages.fr/notices/files/notices/2026/septembre/10270-pres-iv-yougov-huffpost-23-septembre.pdf,https://fr.wikipedia.org/wiki/Liste_de_sondages_sur_l%27%C3%A9lection_pr%C3%A9sidentielle_fran%C3%A7aise_de_2027,primary,2026-10-09T14:35Z,sha256:89e77f5bb10589af5511ef35c063fe13d91a334c40975ccbe024f67230a1853a
yougov-2026-09-21-10270,yougov,Le HuffPost,2026-09-17,2026-09-21,2026-09-23,1103,online,likely,1,S2,glucksmann,9.0,https://www.commission-des-sondages.fr/notices/files/notices/2026/septembre/10270-pres-iv-yougov-huffpost-23-septembre.pdf,https://www.commission-des-sondages.fr/notices/files/notices/2026/septembre/10270-pres-iv-yougov-huffpost-23-septembre.pdf,https://fr.wikipedia.org/wiki/Liste_de_sondages_sur_l%27%C3%A9lection_pr%C3%A9sidentielle_fran%C3%A7aise_de_2027,primary,2026-10-09T14:35Z,sha256:89e77f5bb10589af5511ef35c063fe13d91a334c40975ccbe024f67230a1853a
yougov-2026-09-21-10270,yougov,Le HuffPost,2026-09-17,2026-09-21,2026-09-23,1103,online,likely,1,S2,le_maire,3.0,https://www.commission-des-sondages.fr/notices/files/notices/2026/septembre/10270-pres-iv-yougov-huffpost-23-septembre.pdf,https://www.commission-des-sondages.fr/notices/files/notices/2026/septembre/10270-pres-iv-yougov-huffpost-23-septembre.pdf,https://fr.wikipedia.org/wiki/Liste_de_sondages_sur_l%27%C3%A9lection_pr%C3%A9sidentielle_fran%C3%A7aise_de_2027,primary,2026-10-09T14:35Z,sha256:89e77f5bb10589af5511ef35c063fe13d91a334c40975ccbe024f67230a1853a
yougov-2026-09-21-10270,yougov,Le HuffPost,2026-09-17,2026-09-21,2026-09-23,1103,online,likely,1,S2,le_pen,35.0,https://www.commission-des-sondages.fr/notices/files/notices/2026/septembre/10270-pres-iv-yougov-huffpost-23-septembre.pdf,https://www.commission-des-sondages.fr/notices/files/notices/2026/septembre/10270-pres-iv-yougov-huffpost-23-septembre.pdf,https://fr.wikipedia.org/wiki/Liste_de_sondages_sur_l%27%C3%A9lection_pr%C3%A9sidentielle_fran%C3%A7aise_de_2027,primary,2026-10-09T14:35Z,sha256:89e77f5bb10589af5511ef35c063fe13d91a334c40975ccbe024f67230a1853a
yougov-2026-09-21-10270,yougov,Le HuffPost,2026-09-17,2026-09-21,2026-09-23,1103,online,likely,1,S2,melenchon,17.0,https://www.commission-des-sondages.fr/notices/files/notices/2026/septembre/10270-pres-iv-yougov-huffpost-23-septembre.pdf,https://www.commission-des-sondages.fr/notices/files/notices/2026/septembre/10270-pres-iv-yougov-huffpost-23-septembre.pdf,https://fr.wikipedia.org/wiki/Liste_de_sondages_sur_l%27%C3%A9lection_pr%C3%A9sidentielle_fran%C3%A7aise_de_2027,primary,2026-10-09T14:35Z,sha256:89e77f5bb10589af5511ef35c063fe13d91a334c40975ccbe024f67230a1853a
yougov-2026-09-21-10270,yougov,Le HuffPost,2026-09-17,2026-09-21,2026-09-23,1103,online,likely,1,S2,philippe,13.0,https://www.commission-des-sondages.fr/notices/files/notices/2026/septembre/10270-pres-iv-yougov-huffpost-23-septembre.pdf,https://www.commission-des-sondages.fr/notices/files/notices/2026/septembre/10270-pres-iv-yougov-huffpost-23-septembre.pdf,https://fr.wikipedia.org/wiki/Liste_de_sondages_sur_l%27%C3%A9lection_pr%C3%A9sidentielle_fran%C3%A7aise_de_2027,primary,2026-10-09T14:35Z,sha256:89e77f5bb10589af5511ef35c063fe13d91a334c40975ccbe024f67230a1853a
yougov-2026-09-21-10270,yougov,Le HuffPost,2026-09-17,2026-09-21,2026-09-23,1103,online,likely,1,S2,retailleau,8.0,https://www.commission-des-sondages.fr/notices/files/notices/2026/septembre/10270-pres-iv-yougov-huffpost-23-septembre.pdf,https://www.commission-des-sondages.fr/notices/files/notices/2026/septembre/10270-pres-iv-yougov-huffpost-23-septembre.pdf,https://fr.wikipedia.org/wiki/Liste_de_sondages_sur_l%27%C3%A9lection_pr%C3%A9sidentielle_fran%C3%A7aise_de_2027,primary,2026-10-09T14:35Z,sha256:89e77f5bb10589af5511ef35c063fe13d91a334c40975ccbe024f67230a1853a
yougov-2026-09-21-10270,yougov,Le HuffPost,2026-09-17,2026-09-21,2026-09-23,1103,online,likely,1,S2,roussel,2.0,https://www.commission-des-sondages.fr/notices/files/notices/2026/septembre/10270-pres-iv-yougov-huffpost-23-septembre.pdf,https://www.commission-des-sondages.fr/notices/files/notices/2026/septembre/10270-pres-iv-yougov-huffpost-23-septembre.pdf,https://fr.wikipedia.org/wiki/Liste_de_sondages_sur_l%27%C3%A9lection_pr%C3%A9sidentielle_fran%C3%A7aise_de_2027,primary,2026-10-09T14:35Z,sha256:89e77f5bb10589af5511ef35c063fe13d91a334c40975ccbe024f67230a1853a
yougov-2026-09-21-10270,yougov,Le HuffPost,2026-09-17,2026-09-21,2026-09-23,1103,online,likely,1,S2,tondelier,3.0,https://www.commission-des-sondages.fr/notices/files/notices/2026/septembre/10270-pres-iv-yougov-huffpost-23-septembre.pdf,https://www.commission-des-sondages.fr/notices/files/notices/2026/septembre/10270-pres-iv-yougov-huffpost-23-septembre.pdf,https://fr.wikipedia.org/wiki/Liste_de_sondages_sur_l%27%C3%A9lection_pr%C3%A9sidentielle_fran%C3%A7aise_de_2027,primary,2026-10-09T14:35Z,sha256:89e77f5bb10589af5511ef35c063fe13d91a334c40975ccbe024f67230a1853a
yougov-2026-09-21-10270,yougov,Le HuffPost,2026-09-17,2026-09-21,2026-09-23,1103,online,likely,1,S2,zemmour,6.0,https://www.commission-des-sondages.fr/notices/files/notices/2026/septembre/10270-pres-iv-yougov-huffpost-23-septembre.pdf,https://www.commission-des-sondages.fr/notices/files/notices/2026/septembre/10270-pres-iv-yougov-huffpost-23-septembre.pdf,https://fr.wikipedia.org/wiki/Liste_de_sondages_sur_l%27%C3%A9lection_pr%C3%A9sidentielle_fran%C3%A7aise_de_2027,primary,2026-10-09T14:35Z,sha256:89e77f5bb10589af5511ef35c063fe13d91a334c40975ccbe024f67230a1853a
yougov-2026-09-21-10270,yougov,Le HuffPost,2026-09-17,2026-09-21,2026-09-23,1103,online,likely,1,S3,arthaud,1.0,https://www.commission-des-sondages.fr/notices/files/notices/2026/septembre/10270-pres-iv-yougov-huffpost-23-septembre.pdf,https://www.commission-des-sondages.fr/notices/files/notices/2026/septembre/10270-pres-iv-yougov-huffpost-23-septembre.pdf,https://fr.wikipedia.org/wiki/Liste_de_sondages_sur_l%27%C3%A9lection_pr%C3%A9sidentielle_fran%C3%A7aise_de_2027,primary,2026-10-09T14:35Z,sha256:89e77f5bb10589af5511ef35c063fe13d91a334c40975ccbe024f67230a1853a
yougov-2026-09-21-10270,yougov,Le HuffPost,2026-09-17,2026-09-21,2026-09-23,1103,online,likely,1,S3,attal,14.0,https://www.commission-des-sondages.fr/notices/files/notices/2026/septembre/10270-pres-iv-yougov-huffpost-23-septembre.pdf,https://www.commission-des-sondages.fr/notices/files/notices/2026/septembre/10270-pres-iv-yougov-huffpost-23-septembre.pdf,https://fr.wikipedia.org/wiki/Liste_de_sondages_sur_l%27%C3%A9lection_pr%C3%A9sidentielle_fran%C3%A7aise_de_2027,primary,2026-10-09T14:35Z,sha256:89e77f5bb10589af5511ef35c063fe13d91a334c40975ccbe024f67230a1853a
yougov-2026-09-21-10270,yougov,Le HuffPost,2026-09-17,2026-09-21,2026-09-23,1103,online,likely,1,S3,dupont_aignan,2.0,https://www.commission-des-sondages.fr/notices/files/notices/2026/septembre/10270-pres-iv-yougov-huffpost-23-septembre.pdf,https://www.commission-des-sondages.fr/notices/files/notices/2026/septembre/10270-pres-iv-yougov-huffpost-23-septembre.pdf,https://fr.wikipedia.org/wiki/Liste_de_sondages_sur_l%27%C3%A9lection_pr%C3%A9sidentielle_fran%C3%A7aise_de_2027,primary,2026-10-09T14:35Z,sha256:89e77f5bb10589af5511ef35c063fe13d91a334c40975ccbe024f67230a1853a
yougov-2026-09-21-10270,yougov,Le HuffPost,2026-09-17,2026-09-21,2026-09-23,1103,online,likely,1,S3,glucksmann,9.0,https://www.commission-des-sondages.fr/notices/files/notices/2026/septembre/10270-pres-iv-yougov-huffpost-23-septembre.pdf,https://www.commission-des-sondages.fr/notices/files/notices/2026/septembre/10270-pres-iv-yougov-huffpost-23-septembre.pdf,https://fr.wikipedia.org/wiki/Liste_de_sondages_sur_l%27%C3%A9lection_pr%C3%A9sidentielle_fran%C3%A7aise_de_2027,primary,2026-10-09T14:35Z,sha256:89e77f5bb10589af5511ef35c063fe13d91a334c40975ccbe024f67230a1853a
yougov-2026-09-21-10270,yougov,Le HuffPost,2026-09-17,2026-09-21,2026-09-23,1103,online,likely,1,S3,le_pen,35.0,https://www.commission-des-sondages.fr/notices/files/notices/2026/septembre/10270-pres-iv-yougov-huffpost-23-septembre.pdf,https://www.commission-des-sondages.fr/notices/files/notices/2026/septembre/10270-pres-iv-yougov-huffpost-23-septembre.pdf,https://fr.wikipedia.org/wiki/Liste_de_sondages_sur_l%27%C3%A9lection_pr%C3%A9sidentielle_fran%C3%A7aise_de_2027,primary,2026-10-09T14:35Z,sha256:89e77f5bb10589af5511ef35c063fe13d91a334c40975ccbe024f67230a1853a
yougov-2026-09-21-10270,yougov,Le HuffPost,2026-09-17,2026-09-21,2026-09-23,1103,online,likely,1,S3,melenchon,17.0,https://www.commission-des-sondages.fr/notices/files/notices/2026/septembre/10270-pres-iv-yougov-huffpost-23-septembre.pdf,https://www.commission-des-sondages.fr/notices/files/notices/2026/septembre/10270-pres-iv-yougov-huffpost-23-septembre.pdf,https://fr.wikipedia.org/wiki/Liste_de_sondages_sur_l%27%C3%A9lection_pr%C3%A9sidentielle_fran%C3%A7aise_de_2027,primary,2026-10-09T14:35Z,sha256:89e77f5bb10589af5511ef35c063fe13d91a334c40975ccbe024f67230a1853a
yougov-2026-09-21-10270,yougov,Le HuffPost,2026-09-17,2026-09-21,2026-09-23,1103,online,likely,1,S3,retailleau,10.0,https://www.commission-des-sondages.fr/notices/files/notices/2026/septembre/10270-pres-iv-yougov-huffpost-23-septembre.pdf,https://www.commission-des-sondages.fr/notices/files/notices/2026/septembre/10270-pres-iv-yougov-huffpost-23-septembre.pdf,https://fr.wikipedia.org/wiki/Liste_de_sondages_sur_l%27%C3%A9lection_pr%C3%A9sidentielle_fran%C3%A7aise_de_2027,primary,2026-10-09T14:35Z,sha256:89e77f5bb10589af5511ef35c063fe13d91a334c40975ccbe024f67230a1853a
yougov-2026-09-21-10270,yougov,Le HuffPost,2026-09-17,2026-09-21,2026-09-23,1103,online,likely,1,S3,roussel,3.0,https://www.commission-des-sondages.fr/notices/files/notices/2026/septembre/10270-pres-iv-yougov-huffpost-23-septembre.pdf,https://www.commission-des-sondages.fr/notices/files/notices/2026/septembre/10270-pres-iv-yougov-huffpost-23-septembre.pdf,https://fr.wikipedia.org/wiki/Liste_de_sondages_sur_l%27%C3%A9lection_pr%C3%A9sidentielle_fran%C3%A7aise_de_2027,primary,2026-10-09T14:35Z,sha256:89e77f5bb10589af5511ef35c063fe13d91a334c40975ccbe024f67230a1853a
yougov-2026-09-21-10270,yougov,Le HuffPost,2026-09-17,2026-09-21,2026-09-23,1103,online,likely,1,S3,tondelier,3.0,https://www.commission-des-sondages.fr/notices/files/notices/2026/septembre/10270-pres-iv-yougov-huffpost-23-septembre.pdf,https://www.commission-des-sondages.fr/notices/files/notices/2026/septembre/10270-pres-iv-yougov-huffpost-23-septembre.pdf,https://fr.wikipedia.org/wiki/Liste_de_sondages_sur_l%27%C3%A9lection_pr%C3%A9sidentielle_fran%C3%A7aise_de_2027,primary,2026-10-09T14:35Z,sha256:89e77f5bb10589af5511ef35c063fe13d91a334c40975ccbe024f67230a1853a
yougov-2026-09-21-10270,yougov,Le HuffPost,2026-09-17,2026-09-21,2026-09-23,1103,online,likely,1,S3,zemmour,5.0,https://www.commission-des-sondages.fr/notices/files/notices/2026/septembre/10270-pres-iv-yougov-huffpost-23-septembre.pdf,https://www.commission-des-sondages.fr/notices/files/notices/2026/septembre/10270-pres-iv-yougov-huffpost-23-septembre.pdf,https://fr.wikipedia.org/wiki/Liste_de_sondages_sur_l%27%C3%A9lection_pr%C3%A9sidentielle_fran%C3%A7aise_de_2027,primary,2026-10-09T14:35Z,sha256:89e77f5bb10589af5511ef35c063fe13d91a334c40975ccbe024f67230a1853a
yougov-2026-09-21-10270,yougov,Le HuffPost,2026-09-17,2026-09-21,2026-09-23,1103,online,likely,1,S4,arthaud,1.0,https://www.commission-des-sondages.fr/notices/files/notices/2026/septembre/10270-pres-iv-yougov-huffpost-23-septembre.pdf,https://www.commission-des-sondages.fr/notices/files/notices/2026/septembre/10270-pres-iv-yougov-huffpost-23-septembre.pdf,https://fr.wikipedia.org/wiki/Liste_de_sondages_sur_l%27%C3%A9lection_pr%C3%A9sidentielle_fran%C3%A7aise_de_2027,primary,2026-10-09T14:35Z,sha256:89e77f5bb10589af5511ef35c063fe13d91a334c40975ccbe024f67230a1853a
yougov-2026-09-21-10270,yougov,Le HuffPost,2026-09-17,2026-09-21,2026-09-23,1103,online,likely,1,S4,dupont_aignan,2.0,https://www.commission-des-sondages.fr/notices/files/notices/2026/septembre/10270-pres-iv-yougov-huffpost-23-septembre.pdf,https://www.commission-des-sondages.fr/notices/files/notices/2026/septembre/10270-pres-iv-yougov-huffpost-23-septembre.pdf,https://fr.wikipedia.org/wiki/Liste_de_sondages_sur_l%27%C3%A9lection_pr%C3%A9sidentielle_fran%C3%A7aise_de_2027,primary,2026-10-09T14:35Z,sha256:89e77f5bb10589af5511ef35c063fe13d91a334c40975ccbe024f67230a1853a
yougov-2026-09-21-10270,yougov,Le HuffPost,2026-09-17,2026-09-21,2026-09-23,1103,online,likely,1,S4,le_pen,37.0,https://www.commission-des-sondages.fr/notices/files/notices/2026/septembre/10270-pres-iv-yougov-huffpost-23-septembre.pdf,https://www.commission-des-sondages.fr/notices/files/notices/2026/septembre/10270-pres-iv-yougov-huffpost-23-septembre.pdf,https://fr.wikipedia.org/wiki/Liste_de_sondages_sur_l%27%C3%A9lection_pr%C3%A9sidentielle_fran%C3%A7aise_de_2027,primary,2026-10-09T14:35Z,sha256:89e77f5bb10589af5511ef35c063fe13d91a334c40975ccbe024f67230a1853a
yougov-2026-09-21-10270,yougov,Le HuffPost,2026-09-17,2026-09-21,2026-09-23,1103,online,likely,1,S4,melenchon,18.0,https://www.commission-des-sondages.fr/notices/files/notices/2026/septembre/10270-pres-iv-yougov-huffpost-23-septembre.pdf,https://www.commission-des-sondages.fr/notices/files/notices/2026/septembre/10270-pres-iv-yougov-huffpost-23-septembre.pdf,https://fr.wikipedia.org/wiki/Liste_de_sondages_sur_l%27%C3%A9lection_pr%C3%A9sidentielle_fran%C3%A7aise_de_2027,primary,2026-10-09T14:35Z,sha256:89e77f5bb10589af5511ef35c063fe13d91a334c40975ccbe024f67230a1853a
yougov-2026-09-21-10270,yougov,Le HuffPost,2026-09-17,2026-09-21,2026-09-23,1103,online,likely,1,S4,philippe,17.0,https://www.commission-des-sondages.fr/notices/files/notices/2026/septembre/10270-pres-iv-yougov-huffpost-23-septembre.pdf,https://www.commission-des-sondages.fr/notices/files/notices/2026/septembre/10270-pres-iv-yougov-huffpost-23-septembre.pdf,https://fr.wikipedia.org/wiki/Liste_de_sondages_sur_l%27%C3%A9lection_pr%C3%A9sidentielle_fran%C3%A7aise_de_2027,primary,2026-10-09T14:35Z,sha256:89e77f5bb10589af5511ef35c063fe13d91a334c40975ccbe024f67230a1853a
yougov-2026-09-21-10270,yougov,Le HuffPost,2026-09-17,2026-09-21,2026-09-23,1103,online,likely,1,S4,retailleau,8.0,https://www.commission-des-sondages.fr/notices/files/notices/2026/septembre/10270-pres-iv-yougov-huffpost-23-septembre.pdf,https://www.commission-des-sondages.fr/notices/files/notices/2026/septembre/10270-pres-iv-yougov-huffpost-23-septembre.pdf,https://fr.wikipedia.org/wiki/Liste_de_sondages_sur_l%27%C3%A9lection_pr%C3%A9sidentielle_fran%C3%A7aise_de_2027,primary,2026-10-09T14:35Z,sha256:89e77f5bb10589af5511ef35c063fe13d91a334c40975ccbe024f67230a1853a
yougov-2026-09-21-10270,yougov,Le HuffPost,2026-09-17,2026-09-21,2026-09-23,1103,online,likely,1,S4,roussel,3.0,https://www.commission-des-sondages.fr/notices/files/notices/2026/septembre/10270-pres-iv-yougov-huffpost-23-septembre.pdf,https://www.commission-des-sondages.fr/notices/files/notices/2026/septembre/10270-pres-iv-yougov-huffpost-23-septembre.pdf,https://fr.wikipedia.org/wiki/Liste_de_sondages_sur_l%27%C3%A9lection_pr%C3%A9sidentielle_fran%C3%A7aise_de_2027,primary,2026-10-09T14:35Z,sha256:89e77f5bb10589af5511ef35c063fe13d91a334c40975ccbe024f67230a1853a
yougov-2026-09-21-10270,yougov,Le HuffPost,2026-09-17,2026-09-21,2026-09-23,1103,online,likely,1,S4,tondelier,7.0,https://www.commission-des-sondages.fr/notices/files/notices/2026/septembre/10270-pres-iv-yougov-huffpost-23-septembre.pdf,https://www.commission-des-sondages.fr/notices/files/notices/2026/septembre/10270-pres-iv-yougov-huffpost-23-septembre.pdf,https://fr.wikipedia.org/wiki/Liste_de_sondages_sur_l%27%C3%A9lection_pr%C3%A9sidentielle_fran%C3%A7aise_de_2027,primary,2026-10-09T14:35Z,sha256:89e77f5bb10589af5511ef35c063fe13d91a334c40975ccbe024f67230a1853a
yougov-2026-09-21-10270,yougov,Le HuffPost,2026-09-17,2026-09-21,2026-09-23,1103,online,likely,1,S4,zemmour,5.0,https://www.commission-des-sondages.fr/notices/files/notices/2026/septembre/10270-pres-iv-yougov-huffpost-23-septembre.pdf,https://www.commission-des-sondages.fr/notices/files/notices/2026/septembre/10270-pres-iv-yougov-huffpost-23-septembre.pdf,https://fr.wikipedia.org/wiki/Liste_de_sondages_sur_l%27%C3%A9lection_pr%C3%A9sidentielle_fran%C3%A7aise_de_2027,primary,2026-10-09T14:35Z,sha256:89e77f5bb10589af5511ef35c063fe13d91a334c40975ccbe024f67230a1853a
yougov-2026-09-21-10270,yougov,Le HuffPost,2026-09-17,2026-09-21,2026-09-23,1103,online,likely,1,S5,arthaud,1.0,https://www.commission-des-sondages.fr/notices/files/notices/2026/septembre/10270-pres-iv-yougov-huffpost-23-septembre.pdf,https://www.commission-des-sondages.fr/notices/files/notices/2026/septembre/10270-pres-iv-yougov-huffpost-23-septembre.pdf,https://fr.wikipedia.org/wiki/Liste_de_sondages_sur_l%27%C3%A9lection_pr%C3%A9sidentielle_fran%C3%A7aise_de_2027,primary,2026-10-09T14:35Z,sha256:89e77f5bb10589af5511ef35c063fe13d91a334c40975ccbe024f67230a1853a
yougov-2026-09-21-10270,yougov,Le HuffPost,2026-09-17,2026-09-21,2026-09-23,1103,online,likely,1,S5,attal,9.0,https://www.commission-des-sondages.fr/notices/files/notices/2026/septembre/10270-pres-iv-yougov-huffpost-23-septembre.pdf,https://www.commission-des-sondages.fr/notices/files/notices/2026/septembre/10270-pres-iv-yougov-huffpost-23-septembre.pdf,https://fr.wikipedia.org/wiki/Liste_de_sondages_sur_l%27%C3%A9lection_pr%C3%A9sidentielle_fran%C3%A7aise_de_2027,primary,2026-10-09T14:35Z,sha256:89e77f5bb10589af5511ef35c063fe13d91a334c40975ccbe024f67230a1853a
yougov-2026-09-21-10270,yougov,Le HuffPost,2026-09-17,2026-09-21,2026-09-23,1103,online,likely,1,S5,dupont_aignan,2.0,https://www.commission-des-sondages.fr/notices/files/notices/2026/septembre/10270-pres-iv-yougov-huffpost-23-septembre.pdf,https://www.commission-des-sondages.fr/notices/files/notices/2026/septembre/10270-pres-iv-yougov-huffpost-23-septembre.pdf,https://fr.wikipedia.org/wiki/Liste_de_sondages_sur_l%27%C3%A9lection_pr%C3%A9sidentielle_fran%C3%A7aise_de_2027,primary,2026-10-09T14:35Z,sha256:89e77f5bb10589af5511ef35c063fe13d91a334c40975ccbe024f67230a1853a
yougov-2026-09-21-10270,yougov,Le HuffPost,2026-09-17,2026-09-21,2026-09-23,1103,online,likely,1,S5,faure,5.0,https://www.commission-des-sondages.fr/notices/files/notices/2026/septembre/10270-pres-iv-yougov-huffpost-23-septembre.pdf,https://www.commission-des-sondages.fr/notices/files/notices/2026/septembre/10270-pres-iv-yougov-huffpost-23-septembre.pdf,https://fr.wikipedia.org/wiki/Liste_de_sondages_sur_l%27%C3%A9lection_pr%C3%A9sidentielle_fran%C3%A7aise_de_2027,primary,2026-10-09T14:35Z,sha256:89e77f5bb10589af5511ef35c063fe13d91a334c40975ccbe024f67230a1853a
yougov-2026-09-21-10270,yougov,Le HuffPost,2026-09-17,2026-09-21,2026-09-23,1103,online,likely,1,S5,le_pen,35.0,https://www.commission-des-sondages.fr/notices/files/notices/2026/septembre/10270-pres-iv-yougov-huffpost-23-septembre.pdf,https://www.commission-des-sondages.fr/notices/files/notices/2026/septembre/10270-pres-iv-yougov-huffpost-23-septembre.pdf,https://fr.wikipedia.org/wiki/Liste_de_sondages_sur_l%27%C3%A9lection_pr%C3%A9sidentielle_fran%C3%A7aise_de_2027,primary,2026-10-09T14:35Z,sha256:89e77f5bb10589af5511ef35c063fe13d91a334c40975ccbe024f67230a1853a
yougov-2026-09-21-10270,yougov,Le HuffPost,2026-09-17,2026-09-21,2026-09-23,1103,online,likely,1,S5,melenchon,16.0,https://www.commission-des-sondages.fr/notices/files/notices/2026/septembre/10270-pres-iv-yougov-huffpost-23-septembre.pdf,https://www.commission-des-sondages.fr/notices/files/notices/2026/septembre/10270-pres-iv-yougov-huffpost-23-septembre.pdf,https://fr.wikipedia.org/wiki/Liste_de_sondages_sur_l%27%C3%A9lection_pr%C3%A9sidentielle_fran%C3%A7aise_de_2027,primary,2026-10-09T14:35Z,sha256:89e77f5bb10589af5511ef35c063fe13d91a334c40975ccbe024f67230a1853a
yougov-2026-09-21-10270,yougov,Le HuffPost,2026-09-17,2026-09-21,2026-09-23,1103,online,likely,1,S5,philippe,12.0,https://www.commission-des-sondages.fr/notices/files/notices/2026/septembre/10270-pres-iv-yougov-huffpost-23-septembre.pdf,https://www.commission-des-sondages.fr/notices/files/notices/2026/septembre/10270-pres-iv-yougov-huffpost-23-septembre.pdf,https://fr.wikipedia.org/wiki/Liste_de_sondages_sur_l%27%C3%A9lection_pr%C3%A9sidentielle_fran%C3%A7aise_de_2027,primary,2026-10-09T14:35Z,sha256:89e77f5bb10589af5511ef35c063fe13d91a334c40975ccbe024f67230a1853a
yougov-2026-09-21-10270,yougov,Le HuffPost,2026-09-17,2026-09-21,2026-09-23,1103,online,likely,1,S5,retailleau,8.0,https://www.commission-des-sondages.fr/notices/files/notices/2026/septembre/10270-pres-iv-yougov-huffpost-23-septembre.pdf,https://www.commission-des-sondages.fr/notices/files/notices/2026/septembre/10270-pres-iv-yougov-huffpost-23-septembre.pdf,https://fr.wikipedia.org/wiki/Liste_de_sondages_sur_l%27%C3%A9lection_pr%C3%A9sidentielle_fran%C3%A7aise_de_2027,primary,2026-10-09T14:35Z,sha256:89e77f5bb10589af5511ef35c063fe13d91a334c40975ccbe024f67230a1853a
yougov-2026-09-21-10270,yougov,Le HuffPost,2026-09-17,2026-09-21,2026-09-23,1103,online,likely,1,S5,roussel,2.0,https://www.commission-des-sondages.fr/notices/files/notices/2026/septembre/10270-pres-iv-yougov-huffpost-23-septembre.pdf,https://www.commission-des-sondages.fr/notices/files/notices/2026/septembre/10270-pres-iv-yougov-huffpost-23-septembre.pdf,https://fr.wikipedia.org/wiki/Liste_de_sondages_sur_l%27%C3%A9lection_pr%C3%A9sidentielle_fran%C3%A7aise_de_2027,primary,2026-10-09T14:35Z,sha256:89e77f5bb10589af5511ef35c063fe13d91a334c40975ccbe024f67230a1853a
yougov-2026-09-21-10270,yougov,Le HuffPost,2026-09-17,2026-09-21,2026-09-23,1103,online,likely,1,S5,tondelier,4.0,https://www.commission-des-sondages.fr/notices/files/notices/2026/septembre/10270-pres-iv-yougov-huffpost-23-septembre.pdf,https://www.commission-des-sondages.fr/notices/files/notices/2026/septembre/10270-pres-iv-yougov-huffpost-23-septembre.pdf,https://fr.wikipedia.org/wiki/Liste_de_sondages_sur_l%27%C3%A9lection_pr%C3%A9sidentielle_fran%C3%A7aise_de_2027,primary,2026-10-09T14:35Z,sha256:89e77f5bb10589af5511ef35c063fe13d91a334c40975ccbe024f67230a1853a
yougov-2026-09-21-10270,yougov,Le HuffPost,2026-09-17,2026-09-21,2026-09-23,1103,online,likely,1,S5,zemmour,6.0,https://www.commission-des-sondages.fr/notices/files/notices/2026/septembre/10270-pres-iv-yougov-huffpost-23-septembre.pdf,https://www.commission-des-sondages.fr/notices/files/notices/2026/septembre/10270-pres-iv-yougov-huffpost-23-septembre.pdf,https://fr.wikipedia.org/wiki/Liste_de_sondages_sur_l%27%C3%A9lection_pr%C3%A9sidentielle_fran%C3%A7aise_de_2027,primary,2026-10-09T14:35Z,sha256:89e77f5bb10589af5511ef35c063fe13d91a334c40975ccbe024f67230a1853a
yougov-2026-09-21-10270,yougov,Le HuffPost,2026-09-17,2026-09-21,2026-09-23,1103,online,likely,1,S6,arthaud,1.0,https://www.commission-des-sondages.fr/notices/files/notices/2026/septembre/10270-pres-iv-yougov-huffpost-23-septembre.pdf,https://www.commission-des-sondages.fr/notices/files/notices/2026/septembre/10270-pres-iv-yougov-huffpost-23-septembre.pdf,https://fr.wikipedia.org/wiki/Liste_de_sondages_sur_l%27%C3%A9lection_pr%C3%A9sidentielle_fran%C3%A7aise_de_2027,primary,2026-10-09T14:35Z,sha256:89e77f5bb10589af5511ef35c063fe13d91a334c40975ccbe024f67230a1853a
yougov-2026-09-21-10270,yougov,Le HuffPost,2026-09-17,2026-09-21,2026-09-23,1103,online,likely,1,S6,attal,8.0,https://www.commission-des-sondages.fr/notices/files/notices/2026/septembre/10270-pres-iv-yougov-huffpost-23-septembre.pdf,https://www.commission-des-sondages.fr/notices/files/notices/2026/septembre/10270-pres-iv-yougov-huffpost-23-septembre.pdf,https://fr.wikipedia.org/wiki/Liste_de_sondages_sur_l%27%C3%A9lection_pr%C3%A9sidentielle_fran%C3%A7aise_de_2027,primary,2026-10-09T14:35Z,sha256:89e77f5bb10589af5511ef35c063fe13d91a334c40975ccbe024f67230a1853a
yougov-2026-09-21-10270,yougov,Le HuffPost,2026-09-17,2026-09-21,2026-09-23,1103,online,likely,1,S6,bertrand,1.0,https://www.commission-des-sondages.fr/notices/files/notices/2026/septembre/10270-pres-iv-yougov-huffpost-23-septembre.pdf,https://www.commission-des-sondages.fr/notices/files/notices/2026/septembre/10270-pres-iv-yougov-huffpost-23-septembre.pdf,https://fr.wikipedia.org/wiki/Liste_de_sondages_sur_l%27%C3%A9lection_pr%C3%A9sidentielle_fran%C3%A7aise_de_2027,primary,2026-10-09T14:35Z,sha256:89e77f5bb10589af5511ef35c063fe13d91a334c40975ccbe024f67230a1853a
yougov-2026-09-21-10270,yougov,Le HuffPost,2026-09-17,2026-09-21,2026-09-23,1103,online,likely,1,S6,dupont_aignan,2.0,https://www.commission-des-sondages.fr/notices/files/notices/2026/septembre/10270-pres-iv-yougov-huffpost-23-septembre.pdf,https://www.commission-des-sondages.fr/notices/files/notices/2026/septembre/10270-pres-iv-yougov-huffpost-23-septembre.pdf,https://fr.wikipedia.org/wiki/Liste_de_sondages_sur_l%27%C3%A9lection_pr%C3%A9sidentielle_fran%C3%A7aise_de_2027,primary,2026-10-09T14:35Z,sha256:89e77f5bb10589af5511ef35c063fe13d91a334c40975ccbe024f67230a1853a
yougov-2026-09-21-10270,yougov,Le HuffPost,2026-09-17,2026-09-21,2026-09-23,1103,online,likely,1,S6,glucksmann,5.0,https://www.commission-des-sondages.fr/notices/files/notices/2026/septembre/10270-pres-iv-yougov-huffpost-23-septembre.pdf,https://www.commission-des-sondages.fr/notices/files/notices/2026/septembre/10270-pres-iv-yougov-huffpost-23-septembre.pdf,https://fr.wikipedia.org/wiki/Liste_de_sondages_sur_l%27%C3%A9lection_pr%C3%A9sidentielle_fran%C3%A7aise_de_2027,primary,2026-10-09T14:35Z,sha256:89e77f5bb10589af5511ef35c063fe13d91a334c40975ccbe024f67230a1853a
yougov-2026-09-21-10270,yougov,Le HuffPost,2026-09-17,2026-09-21,2026-09-23,1103,online,likely,1,S6,hollande,4.0,https://www.commission-des-sondages.fr/notices/files/notices/2026/septembre/10270-pres-iv-yougov-huffpost-23-septembre.pdf,https://www.commission-des-sondages.fr/notices/files/notices/2026/septembre/10270-pres-iv-yougov-huffpost-23-septembre.pdf,https://fr.wikipedia.org/wiki/Liste_de_sondages_sur_l%27%C3%A9lection_pr%C3%A9sidentielle_fran%C3%A7aise_de_2027,primary,2026-10-09T14:35Z,sha256:89e77f5bb10589af5511ef35c063fe13d91a334c40975ccbe024f67230a1853a
yougov-2026-09-21-10270,yougov,Le HuffPost,2026-09-17,2026-09-21,2026-09-23,1103,online,likely,1,S6,le_pen,33.0,https://www.commission-des-sondages.fr/notices/files/notices/2026/septembre/10270-pres-iv-yougov-huffpost-23-septembre.pdf,https://www.commission-des-sondages.fr/notices/files/notices/2026/septembre/10270-pres-iv-yougov-huffpost-23-septembre.pdf,https://fr.wikipedia.org/wiki/Liste_de_sondages_sur_l%27%C3%A9lection_pr%C3%A9sidentielle_fran%C3%A7aise_de_2027,primary,2026-10-09T14:35Z,sha256:89e77f5bb10589af5511ef35c063fe13d91a334c40975ccbe024f67230a1853a
yougov-2026-09-21-10270,yougov,Le HuffPost,2026-09-17,2026-09-21,2026-09-23,1103,online,likely,1,S6,lisnard,2.0,https://www.commission-des-sondages.fr/notices/files/notices/2026/septembre/10270-pres-iv-yougov-huffpost-23-septembre.pdf,https://www.commission-des-sondages.fr/notices/files/notices/2026/septembre/10270-pres-iv-yougov-huffpost-23-septembre.pdf,https://fr.wikipedia.org/wiki/Liste_de_sondages_sur_l%27%C3%A9lection_pr%C3%A9sidentielle_fran%C3%A7aise_de_2027,primary,2026-10-09T14:35Z,sha256:89e77f5bb10589af5511ef35c063fe13d91a334c40975ccbe024f67230a1853a
yougov-2026-09-21-10270,yougov,Le HuffPost,2026-09-17,2026-09-21,2026-09-23,1103,online,likely,1,S6,melenchon,15.0,https://www.commission-des-sondages.fr/notices/files/notices/2026/septembre/10270-pres-iv-yougov-huffpost-23-septembre.pdf,https://www.commission-des-sondages.fr/notices/files/notices/2026/septembre/10270-pres-iv-yougov-huffpost-23-septembre.pdf,https://fr.wikipedia.org/wiki/Liste_de_sondages_sur_l%27%C3%A9lection_pr%C3%A9sidentielle_fran%C3%A7aise_de_2027,primary,2026-10-09T14:35Z,sha256:89e77f5bb10589af5511ef35c063fe13d91a334c40975ccbe024f67230a1853a
yougov-2026-09-21-10270,yougov,Le HuffPost,2026-09-17,2026-09-21,2026-09-23,1103,online,likely,1,S6,philippe,10.0,https://www.commission-des-sondages.fr/notices/files/notices/2026/septembre/10270-pres-iv-yougov-huffpost-23-septembre.pdf,https://www.commission-des-sondages.fr/notices/files/notices/2026/septembre/10270-pres-iv-yougov-huffpost-23-septembre.pdf,https://fr.wikipedia.org/wiki/Liste_de_sondages_sur_l%27%C3%A9lection_pr%C3%A9sidentielle_fran%C3%A7aise_de_2027,primary,2026-10-09T14:35Z,sha256:89e77f5bb10589af5511ef35c063fe13d91a334c40975ccbe024f67230a1853a
yougov-2026-09-21-10270,yougov,Le HuffPost,2026-09-17,2026-09-21,2026-09-23,1103,online,likely,1,S6,retailleau,7.0,https://www.commission-des-sondages.fr/notices/files/notices/2026/septembre/10270-pres-iv-yougov-huffpost-23-septembre.pdf,https://www.commission-des-sondages.fr/notices/files/notices/2026/septembre/10270-pres-iv-yougov-huffpost-23-septembre.pdf,https://fr.wikipedia.org/wiki/Liste_de_sondages_sur_l%27%C3%A9lection_pr%C3%A9sidentielle_fran%C3%A7aise_de_2027,primary,2026-10-09T14:35Z,sha256:89e77f5bb10589af5511ef35c063fe13d91a334c40975ccbe024f67230a1853a
yougov-2026-09-21-10270,yougov,Le HuffPost,2026-09-17,2026-09-21,2026-09-23,1103,online,likely,1,S6,roussel,1.0,https://www.commission-des-sondages.fr/notices/files/notices/2026/septembre/10270-pres-iv-yougov-huffpost-23-septembre.pdf,https://www.commission-des-sondages.fr/notices/files/notices/2026/septembre/10270-pres-iv-yougov-huffpost-23-septembre.pdf,https://fr.wikipedia.org/wiki/Liste_de_sondages_sur_l%27%C3%A9lection_pr%C3%A9sidentielle_fran%C3%A7aise_de_2027,primary,2026-10-09T14:35Z,sha256:89e77f5bb10589af5511ef35c063fe13d91a334c40975ccbe024f67230a1853a
yougov-2026-09-21-10270,yougov,Le HuffPost,2026-09-17,2026-09-21,2026-09-23,1103,online,likely,1,S6,ruffin,2.0,https://www.commission-des-sondages.fr/notices/files/notices/2026/septembre/10270-pres-iv-yougov-huffpost-23-septembre.pdf,https://www.commission-des-sondages.fr/notices/files/notices/2026/septembre/10270-pres-iv-yougov-huffpost-23-septembre.pdf,https://fr.wikipedia.org/wiki/Liste_de_sondages_sur_l%27%C3%A9lection_pr%C3%A9sidentielle_fran%C3%A7aise_de_2027,primary,2026-10-09T14:35Z,sha256:89e77f5bb10589af5511ef35c063fe13d91a334c40975ccbe024f67230a1853a
yougov-2026-09-21-10270,yougov,Le HuffPost,2026-09-17,2026-09-21,2026-09-23,1103,online,likely,1,S6,tondelier,2.0,https://www.commission-des-sondages.fr/notices/files/notices/2026/septembre/10270-pres-iv-yougov-huffpost-23-septembre.pdf,https://www.commission-des-sondages.fr/notices/files/notices/2026/septembre/10270-pres-iv-yougov-huffpost-23-septembre.pdf,https://fr.wikipedia.org/wiki/Liste_de_sondages_sur_l%27%C3%A9lection_pr%C3%A9sidentielle_fran%C3%A7aise_de_2027,primary,2026-10-09T14:35Z,sha256:89e77f5bb10589af5511ef35c063fe13d91a334c40975ccbe024f67230a1853a
yougov-2026-09-21-10270,yougov,Le HuffPost,2026-09-17,2026-09-21,2026-09-23,1103,online,likely,1,S6,villepin,2.0,https://www.commission-des-sondages.fr/notices/files/notices/2026/septembre/10270-pres-iv-yougov-huffpost-23-septembre.pdf,https://www.commission-des-sondages.fr/notices/files/notices/2026/septembre/10270-pres-iv-yougov-huffpost-23-septembre.pdf,https://fr.wikipedia.org/wiki/Liste_de_sondages_sur_l%27%C3%A9lection_pr%C3%A9sidentielle_fran%C3%A7aise_de_2027,primary,2026-10-09T14:35Z,sha256:89e77f5bb10589af5511ef35c063fe13d91a334c40975ccbe024f67230a1853a
yougov-2026-09-21-10270,yougov,Le HuffPost,2026-09-17,2026-09-21,2026-09-23,1103,online,likely,1,S6,zemmour,5.0,https://www.commission-des-sondages.fr/notices/files/notices/2026/septembre/10270-pres-iv-yougov-huffpost-23-septembre.pdf,https://www.commission-des-sondages.fr/notices/files/notices/2026/septembre/10270-pres-iv-yougov-huffpost-23-septembre.pdf,https://fr.wikipedia.org/wiki/Liste_de_sondages_sur_l%27%C3%A9lection_pr%C3%A9sidentielle_fran%C3%A7aise_de_2027,primary,2026-10-09T14:35Z,sha256:89e77f5bb10589af5511ef35c063fe13d91a334c40975ccbe024f67230a1853a
yougov-2026-09-21-10270,yougov,Le HuffPost,2026-09-17,2026-09-21,2026-09-23,1103,online,likely,2,H1,attal,43.0,https://www.commission-des-sondages.fr/notices/files/notices/2026/septembre/10270-pres-iv-yougov-huffpost-23-septembre.pdf,https://www.commission-des-sondages.fr/notices/files/notices/2026/septembre/10270-pres-iv-yougov-huffpost-23-septembre.pdf,https://fr.wikipedia.org/wiki/Liste_de_sondages_sur_l%27%C3%A9lection_pr%C3%A9sidentielle_fran%C3%A7aise_de_2027,primary,2026-10-09T14:35Z,sha256:89e77f5bb10589af5511ef35c063fe13d91a334c40975ccbe024f67230a1853a
yougov-2026-09-21-10270,yougov,Le HuffPost,2026-09-17,2026-09-21,2026-09-23,1103,online,likely,2,H1,le_pen,57.0,https://www.commission-des-sondages.fr/notices/files/notices/2026/septembre/10270-pres-iv-yougov-huffpost-23-septembre.pdf,https://www.commission-des-sondages.fr/notices/files/notices/2026/septembre/10270-pres-iv-yougov-huffpost-23-septembre.pdf,https://fr.wikipedia.org/wiki/Liste_de_sondages_sur_l%27%C3%A9lection_pr%C3%A9sidentielle_fran%C3%A7aise_de_2027,primary,2026-10-09T14:35Z,sha256:89e77f5bb10589af5511ef35c063fe13d91a334c40975ccbe024f67230a1853a
yougov-2026-09-21-10270,yougov,Le HuffPost,2026-09-17,2026-09-21,2026-09-23,1103,online,likely,2,H2,glucksmann,41.0,https://www.commission-des-sondages.fr/notices/files/notices/2026/septembre/10270-pres-iv-yougov-huffpost-23-septembre.pdf,https://www.commission-des-sondages.fr/notices/files/notices/2026/septembre/10270-pres-iv-yougov-huffpost-23-septembre.pdf,https://fr.wikipedia.org/wiki/Liste_de_sondages_sur_l%27%C3%A9lection_pr%C3%A9sidentielle_fran%C3%A7aise_de_2027,primary,2026-10-09T14:35Z,sha256:89e77f5bb10589af5511ef35c063fe13d91a334c40975ccbe024f67230a1853a
yougov-2026-09-21-10270,yougov,Le HuffPost,2026-09-17,2026-09-21,2026-09-23,1103,online,likely,2,H2,le_pen,59.0,https://www.commission-des-sondages.fr/notices/files/notices/2026/septembre/10270-pres-iv-yougov-huffpost-23-septembre.pdf,https://www.commission-des-sondages.fr/notices/files/notices/2026/septembre/10270-pres-iv-yougov-huffpost-23-septembre.pdf,https://fr.wikipedia.org/wiki/Liste_de_sondages_sur_l%27%C3%A9lection_pr%C3%A9sidentielle_fran%C3%A7aise_de_2027,primary,2026-10-09T14:35Z,sha256:89e77f5bb10589af5511ef35c063fe13d91a334c40975ccbe024f67230a1853a
yougov-2026-09-21-10270,yougov,Le HuffPost,2026-09-17,2026-09-21,2026-09-23,1103,online,likely,2,H3,hollande,44.0,https://www.commission-des-sondages.fr/notices/files/notices/2026/septembre/10270-pres-iv-yougov-huffpost-23-septembre.pdf,https://www.commission-des-sondages.fr/notices/files/notices/2026/septembre/10270-pres-iv-yougov-huffpost-23-septembre.pdf,https://fr.wikipedia.org/wiki/Liste_de_sondages_sur_l%27%C3%A9lection_pr%C3%A9sidentielle_fran%C3%A7aise_de_2027,primary,2026-10-09T14:35Z,sha256:89e77f5bb10589af5511ef35c063fe13d91a334c40975ccbe024f67230a1853a
yougov-2026-09-21-10270,yougov,Le HuffPost,2026-09-17,2026-09-21,2026-09-23,1103,online,likely,2,H3,le_pen,56.0,https://www.commission-des-sondages.fr/notices/files/notices/2026/septembre/10270-pres-iv-yougov-huffpost-23-septembre.pdf,https://www.commission-des-sondages.fr/notices/files/notices/2026/septembre/10270-pres-iv-yougov-huffpost-23-septembre.pdf,https://fr.wikipedia.org/wiki/Liste_de_sondages_sur_l%27%C3%A9lection_pr%C3%A9sidentielle_fran%C3%A7aise_de_2027,primary,2026-10-09T14:35Z,sha256:89e77f5bb10589af5511ef35c063fe13d91a334c40975ccbe024f67230a1853a
yougov-2026-09-21-10270,yougov,Le HuffPost,2026-09-17,2026-09-21,2026-09-23,1103,online,likely,2,H4,le_pen,64.0,https://www.commission-des-sondages.fr/notices/files/notices/2026/septembre/10270-pres-iv-yougov-huffpost-23-septembre.pdf,https://www.commission-des-sondages.fr/notices/files/notices/2026/septembre/10270-pres-iv-yougov-huffpost-23-septembre.pdf,https://fr.wikipedia.org/wiki/Liste_de_sondages_sur_l%27%C3%A9lection_pr%C3%A9sidentielle_fran%C3%A7aise_de_2027,primary,2026-10-09T14:35Z,sha256:89e77f5bb10589af5511ef35c063fe13d91a334c40975ccbe024f67230a1853a
yougov-2026-09-21-10270,yougov,Le HuffPost,2026-09-17,2026-09-21,2026-09-23,1103,online,likely,2,H4,melenchon,36.0,https://www.commission-des-sondages.fr/notices/files/notices/2026/septembre/10270-pres-iv-yougov-huffpost-23-septembre.pdf,https://www.commission-des-sondages.fr/notices/files/notices/2026/septembre/10270-pres-iv-yougov-huffpost-23-septembre.pdf,https://fr.wikipedia.org/wiki/Liste_de_sondages_sur_l%27%C3%A9lection_pr%C3%A9sidentielle_fran%C3%A7aise_de_2027,primary,2026-10-09T14:35Z,sha256:89e77f5bb10589af5511ef35c063fe13d91a334c40975ccbe024f67230a1853a
yougov-2026-09-21-10270,yougov,Le HuffPost,2026-09-17,2026-09-21,2026-09-23,1103,online,likely,2,H5,le_pen,55.0,https://www.commission-des-sondages.fr/notices/files/notices/2026/septembre/10270-pres-iv-yougov-huffpost-23-septembre.pdf,https://www.commission-des-sondages.fr/notices/files/notices/2026/septembre/10270-pres-iv-yougov-huffpost-23-septembre.pdf,https://fr.wikipedia.org/wiki/Liste_de_sondages_sur_l%27%C3%A9lection_pr%C3%A9sidentielle_fran%C3%A7aise_de_2027,primary,2026-10-09T14:35Z,sha256:89e77f5bb10589af5511ef35c063fe13d91a334c40975ccbe024f67230a1853a
yougov-2026-09-21-10270,yougov,Le HuffPost,2026-09-17,2026-09-21,2026-09-23,1103,online,likely,2,H5,philippe,45.0,https://www.commission-des-sondages.fr/notices/files/notices/2026/septembre/10270-pres-iv-yougov-huffpost-23-septembre.pdf,https://www.commission-des-sondages.fr/notices/files/notices/2026/septembre/10270-pres-iv-yougov-huffpost-23-septembre.pdf,https://fr.wikipedia.org/wiki/Liste_de_sondages_sur_l%27%C3%A9lection_pr%C3%A9sidentielle_fran%C3%A7aise_de_2027,primary,2026-10-09T14:35Z,sha256:89e77f5bb10589af5511ef35c063fe13d91a334c40975ccbe024f67230a1853a
yougov-2026-09-21-10270,yougov,Le HuffPost,2026-09-17,2026-09-21,2026-09-23,1103,online,likely,2,H6,melenchon,39.0,https://www.commission-des-sondages.fr/notices/files/notices/2026/septembre/10270-pres-iv-yougov-huffpost-23-septembre.pdf,https://www.commission-des-sondages.fr/notices/files/notices/2026/septembre/10270-pres-iv-yougov-huffpost-23-septembre.pdf,https://fr.wikipedia.org/wiki/Liste_de_sondages_sur_l%27%C3%A9lection_pr%C3%A9sidentielle_fran%C3%A7aise_de_2027,primary,2026-10-09T14:35Z,sha256:89e77f5bb10589af5511ef35c063fe13d91a334c40975ccbe024f67230a1853a
yougov-2026-09-21-10270,yougov,Le HuffPost,2026-09-17,2026-09-21,2026-09-23,1103,online,likely,2,H6,philippe,61.0,https://www.commission-des-sondages.fr/notices/files/notices/2026/septembre/10270-pres-iv-yougov-huffpost-23-septembre.pdf,https://www.commission-des-sondages.fr/notices/files/notices/2026/septembre/10270-pres-iv-yougov-huffpost-23-septembre.pdf,https://fr.wikipedia.org/wiki/Liste_de_sondages_sur_l%27%C3%A9lection_pr%C3%A9sidentielle_fran%C3%A7aise_de_2027,primary,2026-10-09T14:35Z,sha256:89e77f5bb10589af5511ef35c063fe13d91a334c40975ccbe024f67230a1853a
cluster17-2026-09-16-10273,cluster17,Politico,2026-09-15,2026-09-16,2026-09-24,2045,online,likely,1,S1,arthaud,0.4,https://www.commission-des-sondages.fr/notices/files/notices/2026/septembre/10273-pres-iv-cluster17-politico-24-septembre.pdf,https://www.commission-des-sondages.fr/notices/files/notices/2026/septembre/10273-pres-iv-cluster17-politico-24-septembre.pdf,https://fr.wikipedia.org/wiki/Liste_de_sondages_sur_l%27%C3%A9lection_pr%C3%A9sidentielle_fran%C3%A7aise_de_2027,primary,2026-10-09T14:35Z,sha256:ffcd34626b20a870365ca4bb013fe837817ec16b342b789d9ab9cc67b65ac111
cluster17-2026-09-16-10273,cluster17,Politico,2026-09-15,2026-09-16,2026-09-24,2045,online,likely,1,S1,dupont_aignan,3.2,https://www.commission-des-sondages.fr/notices/files/notices/2026/septembre/10273-pres-iv-cluster17-politico-24-septembre.pdf,https://www.commission-des-sondages.fr/notices/files/notices/2026/septembre/10273-pres-iv-cluster17-politico-24-septembre.pdf,https://fr.wikipedia.org/wiki/Liste_de_sondages_sur_l%27%C3%A9lection_pr%C3%A9sidentielle_fran%C3%A7aise_de_2027,primary,2026-10-09T14:35Z,sha256:ffcd34626b20a870365ca4bb013fe837817ec16b342b789d9ab9cc67b65ac111
cluster17-2026-09-16-10273,cluster17,Politico,2026-09-15,2026-09-16,2026-09-24,2045,online,likely,1,S1,glucksmann,11.8,https://www.commission-des-sondages.fr/notices/files/notices/2026/septembre/10273-pres-iv-cluster17-politico-24-septembre.pdf,https://www.commission-des-sondages.fr/notices/files/notices/2026/septembre/10273-pres-iv-cluster17-politico-24-septembre.pdf,https://fr.wikipedia.org/wiki/Liste_de_sondages_sur_l%27%C3%A9lection_pr%C3%A9sidentielle_fran%C3%A7aise_de_2027,primary,2026-10-09T14:35Z,sha256:ffcd34626b20a870365ca4bb013fe837817ec16b342b789d9ab9cc67b65ac111
cluster17-2026-09-16-10273,cluster17,Politico,2026-09-15,2026-09-16,2026-09-24,2045,online,likely,1,S1,le_pen,30.8,https://www.commission-des-sondages.fr/notices/files/notices/2026/septembre/10273-pres-iv-cluster17-politico-24-septembre.pdf,https://www.commission-des-sondages.fr/notices/files/notices/2026/septembre/10273-pres-iv-cluster17-politico-24-septembre.pdf,https://fr.wikipedia.org/wiki/Liste_de_sondages_sur_l%27%C3%A9lection_pr%C3%A9sidentielle_fran%C3%A7aise_de_2027,primary,2026-10-09T14:35Z,sha256:ffcd34626b20a870365ca4bb013fe837817ec16b342b789d9ab9cc67b65ac111
cluster17-2026-09-16-10273,cluster17,Politico,2026-09-15,2026-09-16,2026-09-24,2045,online,likely,1,S1,melenchon,19.1,https://www.commission-des-sondages.fr/notices/files/notices/2026/septembre/10273-pres-iv-cluster17-politico-24-septembre.pdf,https://www.commission-des-sondages.fr/notices/files/notices/2026/septembre/10273-pres-iv-cluster17-politico-24-septembre.pdf,https://fr.wikipedia.org/wiki/Liste_de_sondages_sur_l%27%C3%A9lection_pr%C3%A9sidentielle_fran%C3%A7aise_de_2027,primary,2026-10-09T14:35Z,sha256:ffcd34626b20a870365ca4bb013fe837817ec16b342b789d9ab9cc67b65ac111
cluster17-2026-09-16-10273,cluster17,Politico,2026-09-15,2026-09-16,2026-09-24,2045,online,likely,1,S1,philippe,18.8,https://www.commission-des-sondages.fr/notices/files/notices/2026/septembre/10273-pres-iv-cluster17-politico-24-septembre.pdf,https://www.commission-des-sondages.fr/notices/files/notices/2026/septembre/10273-pres-iv-cluster17-politico-24-septembre.pdf,https://fr.wikipedia.org/wiki/Liste_de_sondages_sur_l%27%C3%A9lection_pr%C3%A9sidentielle_fran%C3%A7aise_de_2027,primary,2026-10-09T14:35Z,sha256:ffcd34626b20a870365ca4bb013fe837817ec16b342b789d9ab9cc67b65ac111
cluster17-2026-09-16-10273,cluster17,Politico,2026-09-15,2026-09-16,2026-09-24,2045,online,likely,1,S1,retailleau,7.6,https://www.commission-des-sondages.fr/notices/files/notices/2026/septembre/10273-pres-iv-cluster17-politico-24-septembre.pdf,https://www.commission-des-sondages.fr/notices/files/notices/2026/septembre/10273-pres-iv-cluster17-politico-24-septembre.pdf,https://fr.wikipedia.org/wiki/Liste_de_sondages_sur_l%27%C3%A9lection_pr%C3%A9sidentielle_fran%C3%A7aise_de_2027,primary,2026-10-09T14:35Z,sha256:ffcd34626b20a870365ca4bb013fe837817ec16b342b789d9ab9cc67b65ac111
cluster17-2026-09-16-10273,cluster17,Politico,2026-09-15,2026-09-16,2026-09-24,2045,online,likely,1,S1,roussel,2.2,https://www.commission-des-sondages.fr/notices/files/notices/2026/septembre/10273-pres-iv-cluster17-politico-24-septembre.pdf,https://www.commission-des-sondages.fr/notices/files/notices/2026/septembre/10273-pres-iv-cluster17-politico-24-septembre.pdf,https://fr.wikipedia.org/wiki/Liste_de_sondages_sur_l%27%C3%A9lection_pr%C3%A9sidentielle_fran%C3%A7aise_de_2027,primary,2026-10-09T14:35Z,sha256:ffcd34626b20a870365ca4bb013fe837817ec16b342b789d9ab9cc67b65ac111
cluster17-2026-09-16-10273,cluster17,Politico,2026-09-15,2026-09-16,2026-09-24,2045,online,likely,1,S1,tondelier,2.6,https://www.commission-des-sondages.fr/notices/files/notices/2026/septembre/10273-pres-iv-cluster17-politico-24-septembre.pdf,https://www.commission-des-sondages.fr/notices/files/notices/2026/septembre/10273-pres-iv-cluster17-politico-24-septembre.pdf,https://fr.wikipedia.org/wiki/Liste_de_sondages_sur_l%27%C3%A9lection_pr%C3%A9sidentielle_fran%C3%A7aise_de_2027,primary,2026-10-09T14:35Z,sha256:ffcd34626b20a870365ca4bb013fe837817ec16b342b789d9ab9cc67b65ac111
cluster17-2026-09-16-10273,cluster17,Politico,2026-09-15,2026-09-16,2026-09-24,2045,online,likely,1,S1,zemmour,3.5,https://www.commission-des-sondages.fr/notices/files/notices/2026/septembre/10273-pres-iv-cluster17-politico-24-septembre.pdf,https://www.commission-des-sondages.fr/notices/files/notices/2026/septembre/10273-pres-iv-cluster17-politico-24-septembre.pdf,https://fr.wikipedia.org/wiki/Liste_de_sondages_sur_l%27%C3%A9lection_pr%C3%A9sidentielle_fran%C3%A7aise_de_2027,primary,2026-10-09T14:35Z,sha256:ffcd34626b20a870365ca4bb013fe837817ec16b342b789d9ab9cc67b65ac111
cluster17-2026-09-16-10273,cluster17,Politico,2026-09-15,2026-09-16,2026-09-24,2045,online,likely,1,S2,arthaud,0.4,https://www.commission-des-sondages.fr/notices/files/notices/2026/septembre/10273-pres-iv-cluster17-politico-24-septembre.pdf,https://www.commission-des-sondages.fr/notices/files/notices/2026/septembre/10273-pres-iv-cluster17-politico-24-septembre.pdf,https://fr.wikipedia.org/wiki/Liste_de_sondages_sur_l%27%C3%A9lection_pr%C3%A9sidentielle_fran%C3%A7aise_de_2027,primary,2026-10-09T14:35Z,sha256:ffcd34626b20a870365ca4bb013fe837817ec16b342b789d9ab9cc67b65ac111
cluster17-2026-09-16-10273,cluster17,Politico,2026-09-15,2026-09-16,2026-09-24,2045,online,likely,1,S2,attal,13.4,https://www.commission-des-sondages.fr/notices/files/notices/2026/septembre/10273-pres-iv-cluster17-politico-24-septembre.pdf,https://www.commission-des-sondages.fr/notices/files/notices/2026/septembre/10273-pres-iv-cluster17-politico-24-septembre.pdf,https://fr.wikipedia.org/wiki/Liste_de_sondages_sur_l%27%C3%A9lection_pr%C3%A9sidentielle_fran%C3%A7aise_de_2027,primary,2026-10-09T14:35Z,sha256:ffcd34626b20a870365ca4bb013fe837817ec16b342b789d9ab9cc67b65ac111
cluster17-2026-09-16-10273,cluster17,Politico,2026-09-15,2026-09-16,2026-09-24,2045,online,likely,1,S2,dupont_aignan,3.2,https://www.commission-des-sondages.fr/notices/files/notices/2026/septembre/10273-pres-iv-cluster17-politico-24-septembre.pdf,https://www.commission-des-sondages.fr/notices/files/notices/2026/septembre/10273-pres-iv-cluster17-politico-24-septembre.pdf,https://fr.wikipedia.org/wiki/Liste_de_sondages_sur_l%27%C3%A9lection_pr%C3%A9sidentielle_fran%C3%A7aise_de_2027,primary,2026-10-09T14:35Z,sha256:ffcd34626b20a870365ca4bb013fe837817ec16b342b789d9ab9cc67b65ac111
cluster17-2026-09-16-10273,cluster17,Politico,2026-09-15,2026-09-16,2026-09-24,2045,online,likely,1,S2,glucksmann,14.0,https://www.commission-des-sondages.fr/notices/files/notices/2026/septembre/10273-pres-iv-cluster17-politico-24-septembre.pdf,https://www.commission-des-sondages.fr/notices/files/notices/2026/septembre/10273-pres-iv-cluster17-politico-24-septembre.pdf,https://fr.wikipedia.org/wiki/Liste_de_sondages_sur_l%27%C3%A9lection_pr%C3%A9sidentielle_fran%C3%A7aise_de_2027,primary,2026-10-09T14:35Z,sha256:ffcd34626b20a870365ca4bb013fe837817ec16b342b789d9ab9cc67b65ac111
cluster17-2026-09-16-10273,cluster17,Politico,2026-09-15,2026-09-16,2026-09-24,2045,online,likely,1,S2,le_pen,31.0,https://www.commission-des-sondages.fr/notices/files/notices/2026/septembre/10273-pres-iv-cluster17-politico-24-septembre.pdf,https://www.commission-des-sondages.fr/notices/files/notices/2026/septembre/10273-pres-iv-cluster17-politico-24-septembre.pdf,https://fr.wikipedia.org/wiki/Liste_de_sondages_sur_l%27%C3%A9lection_pr%C3%A9sidentielle_fran%C3%A7aise_de_2027,primary,2026-10-09T14:35Z,sha256:ffcd34626b20a870365ca4bb013fe837817ec16b342b789d9ab9cc67b65ac111
cluster17-2026-09-16-10273,cluster17,Politico,2026-09-15,2026-09-16,2026-09-24,2045,online,likely,1,S2,melenchon,19.8,https://www.commission-des-sondages.fr/notices/files/notices/2026/septembre/10273-pres-iv-cluster17-politico-24-septembre.pdf,https://www.commission-des-sondages.fr/notices/files/notices/2026/septembre/10273-pres-iv-cluster17-politico-24-septembre.pdf,https://fr.wikipedia.org/wiki/Liste_de_sondages_sur_l%27%C3%A9lection_pr%C3%A9sidentielle_fran%C3%A7aise_de_2027,primary,2026-10-09T14:35Z,sha256:ffcd34626b20a870365ca4bb013fe837817ec16b342b789d9ab9cc67b65ac111
cluster17-2026-09-16-10273,cluster17,Politico,2026-09-15,2026-09-16,2026-09-24,2045,online,likely,1,S2,retailleau,9.5,https://www.commission-des-sondages.fr/notices/files/notices/2026/septembre/10273-pres-iv-cluster17-politico-24-septembre.pdf,https://www.commission-des-sondages.fr/notices/files/notices/2026/septembre/10273-pres-iv-cluster17-politico-24-septembre.pdf,https://fr.wikipedia.org/wiki/Liste_de_sondages_sur_l%27%C3%A9lection_pr%C3%A9sidentielle_fran%C3%A7aise_de_2027,primary,2026-10-09T14:35Z,sha256:ffcd34626b20a870365ca4bb013fe837817ec16b342b789d9ab9cc67b65ac111
cluster17-2026-09-16-10273,cluster17,Politico,2026-09-15,2026-09-16,2026-09-24,2045,online,likely,1,S2,roussel,2.5,https://www.commission-des-sondages.fr/notices/files/notices/2026/septembre/10273-pres-iv-cluster17-politico-24-septembre.pdf,https://www.commission-des-sondages.fr/notices/files/notices/2026/septembre/10273-pres-iv-cluster17-politico-24-septembre.pdf,https://fr.wikipedia.org/wiki/Liste_de_sondages_sur_l%27%C3%A9lection_pr%C3%A9sidentielle_fran%C3%A7aise_de_2027,primary,2026-10-09T14:35Z,sha256:ffcd34626b20a870365ca4bb013fe837817ec16b342b789d9ab9cc67b65ac111
cluster17-2026-09-16-10273,cluster17,Politico,2026-09-15,2026-09-16,2026-09-24,2045,online,likely,1,S2,tondelier,2.6,https://www.commission-des-sondages.fr/notices/files/notices/2026/septembre/10273-pres-iv-cluster17-politico-24-septembre.pdf,https://www.commission-des-sondages.fr/notices/files/notices/2026/septembre/10273-pres-iv-cluster17-politico-24-septembre.pdf,https://fr.wikipedia.org/wiki/Liste_de_sondages_sur_l%27%C3%A9lection_pr%C3%A9sidentielle_fran%C3%A7aise_de_2027,primary,2026-10-09T14:35Z,sha256:ffcd34626b20a870365ca4bb013fe837817ec16b342b789d9ab9cc67b65ac111
cluster17-2026-09-16-10273,cluster17,Politico,2026-09-15,2026-09-16,2026-09-24,2045,online,likely,1,S2,zemmour,3.6,https://www.commission-des-sondages.fr/notices/files/notices/2026/septembre/10273-pres-iv-cluster17-politico-24-septembre.pdf,https://www.commission-des-sondages.fr/notices/files/notices/2026/septembre/10273-pres-iv-cluster17-politico-24-septembre.pdf,https://fr.wikipedia.org/wiki/Liste_de_sondages_sur_l%27%C3%A9lection_pr%C3%A9sidentielle_fran%C3%A7aise_de_2027,primary,2026-10-09T14:35Z,sha256:ffcd34626b20a870365ca4bb013fe837817ec16b342b789d9ab9cc67b65ac111
cluster17-2026-09-16-10273,cluster17,Politico,2026-09-15,2026-09-16,2026-09-24,2045,online,likely,1,S3,arthaud,0.7,https://www.commission-des-sondages.fr/notices/files/notices/2026/septembre/10273-pres-iv-cluster17-politico-24-septembre.pdf,https://www.commission-des-sondages.fr/notices/files/notices/2026/septembre/10273-pres-iv-cluster17-politico-24-septembre.pdf,https://fr.wikipedia.org/wiki/Liste_de_sondages_sur_l%27%C3%A9lection_pr%C3%A9sidentielle_fran%C3%A7aise_de_2027,primary,2026-10-09T14:35Z,sha256:ffcd34626b20a870365ca4bb013fe837817ec16b342b789d9ab9cc67b65ac111
cluster17-2026-09-16-10273,cluster17,Politico,2026-09-15,2026-09-16,2026-09-24,2045,online,likely,1,S3,dupont_aignan,4.0,https://www.commission-des-sondages.fr/notices/files/notices/2026/septembre/10273-pres-iv-cluster17-politico-24-septembre.pdf,https://www.commission-des-sondages.fr/notices/files/notices/2026/septembre/10273-pres-iv-cluster17-politico-24-septembre.pdf,https://fr.wikipedia.org/wiki/Liste_de_sondages_sur_l%27%C3%A9lection_pr%C3%A9sidentielle_fran%C3%A7aise_de_2027,primary,2026-10-09T14:35Z,sha256:ffcd34626b20a870365ca4bb013fe837817ec16b342b789d9ab9cc67b65ac111
cluster17-2026-09-16-10273,cluster17,Politico,2026-09-15,2026-09-16,2026-09-24,2045,online,likely,1,S3,hollande,7.4,https://www.commission-des-sondages.fr/notices/files/notices/2026/septembre/10273-pres-iv-cluster17-politico-24-septembre.pdf,https://www.commission-des-sondages.fr/notices/files/notices/2026/septembre/10273-pres-iv-cluster17-politico-24-septembre.pdf,https://fr.wikipedia.org/wiki/Liste_de_sondages_sur_l%27%C3%A9lection_pr%C3%A9sidentielle_fran%C3%A7aise_de_2027,primary,2026-10-09T14:35Z,sha256:ffcd34626b20a870365ca4bb013fe837817ec16b342b789d9ab9cc67b65ac111
cluster17-2026-09-16-10273,cluster17,Politico,2026-09-15,2026-09-16,2026-09-24,2045,online,likely,1,S3,le_pen,30.2,https://www.commission-des-sondages.fr/notices/files/notices/2026/septembre/10273-pres-iv-cluster17-politico-24-septembre.pdf,https://www.commission-des-sondages.fr/notices/files/notices/2026/septembre/10273-pres-iv-cluster17-politico-24-septembre.pdf,https://fr.wikipedia.org/wiki/Liste_de_sondages_sur_l%27%C3%A9lection_pr%C3%A9sidentielle_fran%C3%A7aise_de_2027,primary,2026-10-09T14:35Z,sha256:ffcd34626b20a870365ca4bb013fe837817ec16b342b789d9ab9cc67b65ac111
cluster17-2026-09-16-10273,cluster17,Politico,2026-09-15,2026-09-16,2026-09-24,2045,online,likely,1,S3,lisnard,5.2,https://www.commission-des-sondages.fr/notices/files/notices/2026/septembre/10273-pres-iv-cluster17-politico-24-septembre.pdf,https://www.commission-des-sondages.fr/notices/files/notices/2026/septembre/10273-pres-iv-cluster17-politico-24-septembre.pdf,https://fr.wikipedia.org/wiki/Liste_de_sondages_sur_l%27%C3%A9lection_pr%C3%A9sidentielle_fran%C3%A7aise_de_2027,primary,2026-10-09T14:35Z,sha256:ffcd34626b20a870365ca4bb013fe837817ec16b342b789d9ab9cc67b65ac111
cluster17-2026-09-16-10273,cluster17,Politico,2026-09-15,2026-09-16,2026-09-24,2045,online,likely,1,S3,melenchon,19.6,https://www.commission-des-sondages.fr/notices/files/notices/2026/septembre/10273-pres-iv-cluster17-politico-24-septembre.pdf,https://www.commission-des-sondages.fr/notices/files/notices/2026/septembre/10273-pres-iv-cluster17-politico-24-septembre.pdf,https://fr.wikipedia.org/wiki/Liste_de_sondages_sur_l%27%C3%A9lection_pr%C3%A9sidentielle_fran%C3%A7aise_de_2027,primary,2026-10-09T14:35Z,sha256:ffcd34626b20a870365ca4bb013fe837817ec16b342b789d9ab9cc67b65ac111
cluster17-2026-09-16-10273,cluster17,Politico,2026-09-15,2026-09-16,2026-09-24,2045,online,likely,1,S3,philippe,19.4,https://www.commission-des-sondages.fr/notices/files/notices/2026/septembre/10273-pres-iv-cluster17-politico-24-septembre.pdf,https://www.commission-des-sondages.fr/notices/files/notices/2026/septembre/10273-pres-iv-cluster17-politico-24-septembre.pdf,https://fr.wikipedia.org/wiki/Liste_de_sondages_sur_l%27%C3%A9lection_pr%C3%A9sidentielle_fran%C3%A7aise_de_2027,primary,2026-10-09T14:35Z,sha256:ffcd34626b20a870365ca4bb013fe837817ec16b342b789d9ab9cc67b65ac111
cluster17-2026-09-16-10273,cluster17,Politico,2026-09-15,2026-09-16,2026-09-24,2045,online,likely,1,S3,retailleau,7.6,https://www.commission-des-sondages.fr/notices/files/notices/2026/septembre/10273-pres-iv-cluster17-politico-24-septembre.pdf,https://www.commission-des-sondages.fr/notices/files/notices/2026/septembre/10273-pres-iv-cluster17-politico-24-septembre.pdf,https://fr.wikipedia.org/wiki/Liste_de_sondages_sur_l%27%C3%A9lection_pr%C3%A9sidentielle_fran%C3%A7aise_de_2027,primary,2026-10-09T14:35Z,sha256:ffcd34626b20a870365ca4bb013fe837817ec16b342b789d9ab9cc67b65ac111
cluster17-2026-09-16-10273,cluster17,Politico,2026-09-15,2026-09-16,2026-09-24,2045,online,likely,1,S3,roussel,2.9,https://www.commission-des-sondages.fr/notices/files/notices/2026/septembre/10273-pres-iv-cluster17-politico-24-septembre.pdf,https://www.commission-des-sondages.fr/notices/files/notices/2026/septembre/10273-pres-iv-cluster17-politico-24-septembre.pdf,https://fr.wikipedia.org/wiki/Liste_de_sondages_sur_l%27%C3%A9lection_pr%C3%A9sidentielle_fran%C3%A7aise_de_2027,primary,2026-10-09T14:35Z,sha256:ffcd34626b20a870365ca4bb013fe837817ec16b342b789d9ab9cc67b65ac111
cluster17-2026-09-16-10273,cluster17,Politico,2026-09-15,2026-09-16,2026-09-24,2045,online,likely,1,S3,tondelier,3.0,https://www.commission-des-sondages.fr/notices/files/notices/2026/septembre/10273-pres-iv-cluster17-politico-24-septembre.pdf,https://www.commission-des-sondages.fr/notices/files/notices/2026/septembre/10273-pres-iv-cluster17-politico-24-septembre.pdf,https://fr.wikipedia.org/wiki/Liste_de_sondages_sur_l%27%C3%A9lection_pr%C3%A9sidentielle_fran%C3%A7aise_de_2027,primary,2026-10-09T14:35Z,sha256:ffcd34626b20a870365ca4bb013fe837817ec16b342b789d9ab9cc67b65ac111
toluna-harris-2026-09-24-10277,toluna-harris,M6 / RTL,2026-09-22,2026-09-24,2026-09-28,2334,online,likely,1,S1,arthaud,1.0,https://www.commission-des-sondages.fr/notices/files/notices/2026/septembre/10277-pres-toluna-harris-interactive-rtl-28-septembre.pdf,https://www.commission-des-sondages.fr/notices/files/notices/2026/septembre/10277-pres-toluna-harris-interactive-rtl-28-septembre.pdf,https://fr.wikipedia.org/wiki/Liste_de_sondages_sur_l%27%C3%A9lection_pr%C3%A9sidentielle_fran%C3%A7aise_de_2027,primary,2026-10-09T14:35Z,sha256:afeda049f0a67922cbf453217d5862e3d5d24d7d618943bb4e791c4c772fbd7a
toluna-harris-2026-09-24-10277,toluna-harris,M6 / RTL,2026-09-22,2026-09-24,2026-09-28,2334,online,likely,1,S1,attal,13.0,https://www.commission-des-sondages.fr/notices/files/notices/2026/septembre/10277-pres-toluna-harris-interactive-rtl-28-septembre.pdf,https://www.commission-des-sondages.fr/notices/files/notices/2026/septembre/10277-pres-toluna-harris-interactive-rtl-28-septembre.pdf,https://fr.wikipedia.org/wiki/Liste_de_sondages_sur_l%27%C3%A9lection_pr%C3%A9sidentielle_fran%C3%A7aise_de_2027,primary,2026-10-09T14:35Z,sha256:afeda049f0a67922cbf453217d5862e3d5d24d7d618943bb4e791c4c772fbd7a
toluna-harris-2026-09-24-10277,toluna-harris,M6 / RTL,2026-09-22,2026-09-24,2026-09-28,2334,online,likely,1,S1,dupont_aignan,2.0,https://www.commission-des-sondages.fr/notices/files/notices/2026/septembre/10277-pres-toluna-harris-interactive-rtl-28-septembre.pdf,https://www.commission-des-sondages.fr/notices/files/notices/2026/septembre/10277-pres-toluna-harris-interactive-rtl-28-septembre.pdf,https://fr.wikipedia.org/wiki/Liste_de_sondages_sur_l%27%C3%A9lection_pr%C3%A9sidentielle_fran%C3%A7aise_de_2027,primary,2026-10-09T14:35Z,sha256:afeda049f0a67922cbf453217d5862e3d5d24d7d618943bb4e791c4c772fbd7a
toluna-harris-2026-09-24-10277,toluna-harris,M6 / RTL,2026-09-22,2026-09-24,2026-09-28,2334,online,likely,1,S1,hollande,8.0,https://www.commission-des-sondages.fr/notices/files/notices/2026/septembre/10277-pres-toluna-harris-interactive-rtl-28-septembre.pdf,https://www.commission-des-sondages.fr/notices/files/notices/2026/septembre/10277-pres-toluna-harris-interactive-rtl-28-septembre.pdf,https://fr.wikipedia.org/wiki/Liste_de_sondages_sur_l%27%C3%A9lection_pr%C3%A9sidentielle_fran%C3%A7aise_de_2027,primary,2026-10-09T14:35Z,sha256:afeda049f0a67922cbf453217d5862e3d5d24d7d618943bb4e791c4c772fbd7a
toluna-harris-2026-09-24-10277,toluna-harris,M6 / RTL,2026-09-22,2026-09-24,2026-09-28,2334,online,likely,1,S1,le_pen,36.0,https://www.commission-des-sondages.fr/notices/files/notices/2026/septembre/10277-pres-toluna-harris-interactive-rtl-28-septembre.pdf,https://www.commission-des-sondages.fr/notices/files/notices/2026/septembre/10277-pres-toluna-harris-interactive-rtl-28-septembre.pdf,https://fr.wikipedia.org/wiki/Liste_de_sondages_sur_l%27%C3%A9lection_pr%C3%A9sidentielle_fran%C3%A7aise_de_2027,primary,2026-10-09T14:35Z,sha256:afeda049f0a67922cbf453217d5862e3d5d24d7d618943bb4e791c4c772fbd7a
toluna-harris-2026-09-24-10277,toluna-harris,M6 / RTL,2026-09-22,2026-09-24,2026-09-28,2334,online,likely,1,S1,melenchon,17.0,https://www.commission-des-sondages.fr/notices/files/notices/2026/septembre/10277-pres-toluna-harris-interactive-rtl-28-septembre.pdf,https://www.commission-des-sondages.fr/notices/files/notices/2026/septembre/10277-pres-toluna-harris-interactive-rtl-28-septembre.pdf,https://fr.wikipedia.org/wiki/Liste_de_sondages_sur_l%27%C3%A9lection_pr%C3%A9sidentielle_fran%C3%A7aise_de_2027,primary,2026-10-09T14:35Z,sha256:afeda049f0a67922cbf453217d5862e3d5d24d7d618943bb4e791c4c772fbd7a
toluna-harris-2026-09-24-10277,toluna-harris,M6 / RTL,2026-09-22,2026-09-24,2026-09-28,2334,online,likely,1,S1,retailleau,10.0,https://www.commission-des-sondages.fr/notices/files/notices/2026/septembre/10277-pres-toluna-harris-interactive-rtl-28-septembre.pdf,https://www.commission-des-sondages.fr/notices/files/notices/2026/septembre/10277-pres-toluna-harris-interactive-rtl-28-septembre.pdf,https://fr.wikipedia.org/wiki/Liste_de_sondages_sur_l%27%C3%A9lection_pr%C3%A9sidentielle_fran%C3%A7aise_de_2027,primary,2026-10-09T14:35Z,sha256:afeda049f0a67922cbf453217d5862e3d5d24d7d618943bb4e791c4c772fbd7a
toluna-harris-2026-09-24-10277,toluna-harris,M6 / RTL,2026-09-22,2026-09-24,2026-09-28,2334,online,likely,1,S1,roussel,3.0,https://www.commission-des-sondages.fr/notices/files/notices/2026/septembre/10277-pres-toluna-harris-interactive-rtl-28-septembre.pdf,https://www.commission-des-sondages.fr/notices/files/notices/2026/septembre/10277-pres-toluna-harris-interactive-rtl-28-septembre.pdf,https://fr.wikipedia.org/wiki/Liste_de_sondages_sur_l%27%C3%A9lection_pr%C3%A9sidentielle_fran%C3%A7aise_de_2027,primary,2026-10-09T14:35Z,sha256:afeda049f0a67922cbf453217d5862e3d5d24d7d618943bb4e791c4c772fbd7a
toluna-harris-2026-09-24-10277,toluna-harris,M6 / RTL,2026-09-22,2026-09-24,2026-09-28,2334,online,likely,1,S1,tondelier,5.0,https://www.commission-des-sondages.fr/notices/files/notices/2026/septembre/10277-pres-toluna-harris-interactive-rtl-28-septembre.pdf,https://www.commission-des-sondages.fr/notices/files/notices/2026/septembre/10277-pres-toluna-harris-interactive-rtl-28-septembre.pdf,https://fr.wikipedia.org/wiki/Liste_de_sondages_sur_l%27%C3%A9lection_pr%C3%A9sidentielle_fran%C3%A7aise_de_2027,primary,2026-10-09T14:35Z,sha256:afeda049f0a67922cbf453217d5862e3d5d24d7d618943bb4e791c4c772fbd7a
toluna-harris-2026-09-24-10277,toluna-harris,M6 / RTL,2026-09-22,2026-09-24,2026-09-28,2334,online,likely,1,S1,zemmour,5.0,https://www.commission-des-sondages.fr/notices/files/notices/2026/septembre/10277-pres-toluna-harris-interactive-rtl-28-septembre.pdf,https://www.commission-des-sondages.fr/notices/files/notices/2026/septembre/10277-pres-toluna-harris-interactive-rtl-28-septembre.pdf,https://fr.wikipedia.org/wiki/Liste_de_sondages_sur_l%27%C3%A9lection_pr%C3%A9sidentielle_fran%C3%A7aise_de_2027,primary,2026-10-09T14:35Z,sha256:afeda049f0a67922cbf453217d5862e3d5d24d7d618943bb4e791c4c772fbd7a
toluna-harris-2026-09-24-10277,toluna-harris,M6 / RTL,2026-09-22,2026-09-24,2026-09-28,2334,online,likely,1,S2,arthaud,1.0,https://www.commission-des-sondages.fr/notices/files/notices/2026/septembre/10277-pres-toluna-harris-interactive-rtl-28-septembre.pdf,https://www.commission-des-sondages.fr/notices/files/notices/2026/septembre/10277-pres-toluna-harris-interactive-rtl-28-septembre.pdf,https://fr.wikipedia.org/wiki/Liste_de_sondages_sur_l%27%C3%A9lection_pr%C3%A9sidentielle_fran%C3%A7aise_de_2027,primary,2026-10-09T14:35Z,sha256:afeda049f0a67922cbf453217d5862e3d5d24d7d618943bb4e791c4c772fbd7a
toluna-harris-2026-09-24-10277,toluna-harris,M6 / RTL,2026-09-22,2026-09-24,2026-09-28,2334,online,likely,1,S2,dupont_aignan,2.0,https://www.commission-des-sondages.fr/notices/files/notices/2026/septembre/10277-pres-toluna-harris-interactive-rtl-28-septembre.pdf,https://www.commission-des-sondages.fr/notices/files/notices/2026/septembre/10277-pres-toluna-harris-interactive-rtl-28-septembre.pdf,https://fr.wikipedia.org/wiki/Liste_de_sondages_sur_l%27%C3%A9lection_pr%C3%A9sidentielle_fran%C3%A7aise_de_2027,primary,2026-10-09T14:35Z,sha256:afeda049f0a67922cbf453217d5862e3d5d24d7d618943bb4e791c4c772fbd7a
toluna-harris-2026-09-24-10277,toluna-harris,M6 / RTL,2026-09-22,2026-09-24,2026-09-28,2334,online,likely,1,S2,hollande,7.0,https://www.commission-des-sondages.fr/notices/files/notices/2026/septembre/10277-pres-toluna-harris-interactive-rtl-28-septembre.pdf,https://www.commission-des-sondages.fr/notices/files/notices/2026/septembre/10277-pres-toluna-harris-interactive-rtl-28-septembre.pdf,https://fr.wikipedia.org/wiki/Liste_de_sondages_sur_l%27%C3%A9lection_pr%C3%A9sidentielle_fran%C3%A7aise_de_2027,primary,2026-10-09T14:35Z,sha256:afeda049f0a67922cbf453217d5862e3d5d24d7d618943bb4e791c4c772fbd7a
toluna-harris-2026-09-24-10277,toluna-harris,M6 / RTL,2026-09-22,2026-09-24,2026-09-28,2334,online,likely,1,S2,le_pen,35.0,https://www.commission-des-sondages.fr/notices/files/notices/2026/septembre/10277-pres-toluna-harris-interactive-rtl-28-septembre.pdf,https://www.commission-des-sondages.fr/notices/files/notices/2026/septembre/10277-pres-toluna-harris-interactive-rtl-28-septembre.pdf,https://fr.wikipedia.org/wiki/Liste_de_sondages_sur_l%27%C3%A9lection_pr%C3%A9sidentielle_fran%C3%A7aise_de_2027,primary,2026-10-09T14:35Z,sha256:afeda049f0a67922cbf453217d5862e3d5d24d7d618943bb4e791c4c772fbd7a
toluna-harris-2026-09-24-10277,toluna-harris,M6 / RTL,2026-09-22,2026-09-24,2026-09-28,2334,online,likely,1,S2,melenchon,18.0,https://www.commission-des-sondages.fr/notices/files/notices/2026/septembre/10277-pres-toluna-harris-interactive-rtl-28-septembre.pdf,https://www.commission-des-sondages.fr/notices/files/notices/2026/septembre/10277-pres-toluna-harris-interactive-rtl-28-septembre.pdf,https://fr.wikipedia.org/wiki/Liste_de_sondages_sur_l%27%C3%A9lection_pr%C3%A9sidentielle_fran%C3%A7aise_de_2027,primary,2026-10-09T14:35Z,sha256:afeda049f0a67922cbf453217d5862e3d5d24d7d618943bb4e791c4c772fbd7a
toluna-harris-2026-09-24-10277,toluna-harris,M6 / RTL,2026-09-22,2026-09-24,2026-09-28,2334,online,likely,1,S2,philippe,16.0,https://www.commission-des-sondages.fr/notices/files/notices/2026/septembre/10277-pres-toluna-harris-interactive-rtl-28-septembre.pdf,https://www.commission-des-sondages.fr/notices/files/notices/2026/septembre/10277-pres-toluna-harris-interactive-rtl-28-septembre.pdf,https://fr.wikipedia.org/wiki/Liste_de_sondages_sur_l%27%C3%A9lection_pr%C3%A9sidentielle_fran%C3%A7aise_de_2027,primary,2026-10-09T14:35Z,sha256:afeda049f0a67922cbf453217d5862e3d5d24d7d618943bb4e791c4c772fbd7a
toluna-harris-2026-09-24-10277,toluna-harris,M6 / RTL,2026-09-22,2026-09-24,2026-09-28,2334,online,likely,1,S2,retailleau,9.0,https://www.commission-des-sondages.fr/notices/files/notices/2026/septembre/10277-pres-toluna-harris-interactive-rtl-28-septembre.pdf,https://www.commission-des-sondages.fr/notices/files/notices/2026/septembre/10277-pres-toluna-harris-interactive-rtl-28-septembre.pdf,https://fr.wikipedia.org/wiki/Liste_de_sondages_sur_l%27%C3%A9lection_pr%C3%A9sidentielle_fran%C3%A7aise_de_2027,primary,2026-10-09T14:35Z,sha256:afeda049f0a67922cbf453217d5862e3d5d24d7d618943bb4e791c4c772fbd7a
toluna-harris-2026-09-24-10277,toluna-harris,M6 / RTL,2026-09-22,2026-09-24,2026-09-28,2334,online,likely,1,S2,roussel,3.0,https://www.commission-des-sondages.fr/notices/files/notices/2026/septembre/10277-pres-toluna-harris-interactive-rtl-28-septembre.pdf,https://www.commission-des-sondages.fr/notices/files/notices/2026/septembre/10277-pres-toluna-harris-interactive-rtl-28-septembre.pdf,https://fr.wikipedia.org/wiki/Liste_de_sondages_sur_l%27%C3%A9lection_pr%C3%A9sidentielle_fran%C3%A7aise_de_2027,primary,2026-10-09T14:35Z,sha256:afeda049f0a67922cbf453217d5862e3d5d24d7d618943bb4e791c4c772fbd7a
toluna-harris-2026-09-24-10277,toluna-harris,M6 / RTL,2026-09-22,2026-09-24,2026-09-28,2334,online,likely,1,S2,tondelier,4.0,https://www.commission-des-sondages.fr/notices/files/notices/2026/septembre/10277-pres-toluna-harris-interactive-rtl-28-septembre.pdf,https://www.commission-des-sondages.fr/notices/files/notices/2026/septembre/10277-pres-toluna-harris-interactive-rtl-28-septembre.pdf,https://fr.wikipedia.org/wiki/Liste_de_sondages_sur_l%27%C3%A9lection_pr%C3%A9sidentielle_fran%C3%A7aise_de_2027,primary,2026-10-09T14:35Z,sha256:afeda049f0a67922cbf453217d5862e3d5d24d7d618943bb4e791c4c772fbd7a
toluna-harris-2026-09-24-10277,toluna-harris,M6 / RTL,2026-09-22,2026-09-24,2026-09-28,2334,online,likely,1,S2,zemmour,5.0,https://www.commission-des-sondages.fr/notices/files/notices/2026/septembre/10277-pres-toluna-harris-interactive-rtl-28-septembre.pdf,https://www.commission-des-sondages.fr/notices/files/notices/2026/septembre/10277-pres-toluna-harris-interactive-rtl-28-septembre.pdf,https://fr.wikipedia.org/wiki/Liste_de_sondages_sur_l%27%C3%A9lection_pr%C3%A9sidentielle_fran%C3%A7aise_de_2027,primary,2026-10-09T14:35Z,sha256:afeda049f0a67922cbf453217d5862e3d5d24d7d618943bb4e791c4c772fbd7a
toluna-harris-2026-09-24-10277,toluna-harris,M6 / RTL,2026-09-22,2026-09-24,2026-09-28,2334,online,likely,1,S3,arthaud,1.0,https://www.commission-des-sondages.fr/notices/files/notices/2026/septembre/10277-pres-toluna-harris-interactive-rtl-28-septembre.pdf,https://www.commission-des-sondages.fr/notices/files/notices/2026/septembre/10277-pres-toluna-harris-interactive-rtl-28-septembre.pdf,https://fr.wikipedia.org/wiki/Liste_de_sondages_sur_l%27%C3%A9lection_pr%C3%A9sidentielle_fran%C3%A7aise_de_2027,primary,2026-10-09T14:35Z,sha256:afeda049f0a67922cbf453217d5862e3d5d24d7d618943bb4e791c4c772fbd7a
toluna-harris-2026-09-24-10277,toluna-harris,M6 / RTL,2026-09-22,2026-09-24,2026-09-28,2334,online,likely,1,S3,attal,12.0,https://www.commission-des-sondages.fr/notices/files/notices/2026/septembre/10277-pres-toluna-harris-interactive-rtl-28-septembre.pdf,https://www.commission-des-sondages.fr/notices/files/notices/2026/septembre/10277-pres-toluna-harris-interactive-rtl-28-septembre.pdf,https://fr.wikipedia.org/wiki/Liste_de_sondages_sur_l%27%C3%A9lection_pr%C3%A9sidentielle_fran%C3%A7aise_de_2027,primary,2026-10-09T14:35Z,sha256:afeda049f0a67922cbf453217d5862e3d5d24d7d618943bb4e791c4c772fbd7a
toluna-harris-2026-09-24-10277,toluna-harris,M6 / RTL,2026-09-22,2026-09-24,2026-09-28,2334,online,likely,1,S3,dupont_aignan,2.0,https://www.commission-des-sondages.fr/notices/files/notices/2026/septembre/10277-pres-toluna-harris-interactive-rtl-28-septembre.pdf,https://www.commission-des-sondages.fr/notices/files/notices/2026/septembre/10277-pres-toluna-harris-interactive-rtl-28-septembre.pdf,https://fr.wikipedia.org/wiki/Liste_de_sondages_sur_l%27%C3%A9lection_pr%C3%A9sidentielle_fran%C3%A7aise_de_2027,primary,2026-10-09T14:35Z,sha256:afeda049f0a67922cbf453217d5862e3d5d24d7d618943bb4e791c4c772fbd7a
toluna-harris-2026-09-24-10277,toluna-harris,M6 / RTL,2026-09-22,2026-09-24,2026-09-28,2334,online,likely,1,S3,glucksmann,11.0,https://www.commission-des-sondages.fr/notices/files/notices/2026/septembre/10277-pres-toluna-harris-interactive-rtl-28-septembre.pdf,https://www.commission-des-sondages.fr/notices/files/notices/2026/septembre/10277-pres-toluna-harris-interactive-rtl-28-septembre.pdf,https://fr.wikipedia.org/wiki/Liste_de_sondages_sur_l%27%C3%A9lection_pr%C3%A9sidentielle_fran%C3%A7aise_de_2027,primary,2026-10-09T14:35Z,sha256:afeda049f0a67922cbf453217d5862e3d5d24d7d618943bb4e791c4c772fbd7a
toluna-harris-2026-09-24-10277,toluna-harris,M6 / RTL,2026-09-22,2026-09-24,2026-09-28,2334,online,likely,1,S3,le_pen,36.0,https://www.commission-des-sondages.fr/notices/files/notices/2026/septembre/10277-pres-toluna-harris-interactive-rtl-28-septembre.pdf,https://www.commission-des-sondages.fr/notices/files/notices/2026/septembre/10277-pres-toluna-harris-interactive-rtl-28-septembre.pdf,https://fr.wikipedia.org/wiki/Liste_de_sondages_sur_l%27%C3%A9lection_pr%C3%A9sidentielle_fran%C3%A7aise_de_2027,primary,2026-10-09T14:35Z,sha256:afeda049f0a67922cbf453217d5862e3d5d24d7d618943bb4e791c4c772fbd7a
toluna-harris-2026-09-24-10277,toluna-harris,M6 / RTL,2026-09-22,2026-09-24,2026-09-28,2334,online,likely,1,S3,melenchon,17.0,https://www.commission-des-sondages.fr/notices/files/notices/2026/septembre/10277-pres-toluna-harris-interactive-rtl-28-septembre.pdf,https://www.commission-des-sondages.fr/notices/files/notices/2026/septembre/10277-pres-toluna-harris-interactive-rtl-28-septembre.pdf,https://fr.wikipedia.org/wiki/Liste_de_sondages_sur_l%27%C3%A9lection_pr%C3%A9sidentielle_fran%C3%A7aise_de_2027,primary,2026-10-09T14:35Z,sha256:afeda049f0a67922cbf453217d5862e3d5d24d7d618943bb4e791c4c772fbd7a
toluna-harris-2026-09-24-10277,toluna-harris,M6 / RTL,2026-09-22,2026-09-24,2026-09-28,2334,online,likely,1,S3,retailleau,10.0,https://www.commission-des-sondages.fr/notices/files/notices/2026/septembre/10277-pres-toluna-harris-interactive-rtl-28-septembre.pdf,https://www.commission-des-sondages.fr/notices/files/notices/2026/septembre/10277-pres-toluna-harris-interactive-rtl-28-septembre.pdf,https://fr.wikipedia.org/wiki/Liste_de_sondages_sur_l%27%C3%A9lection_pr%C3%A9sidentielle_fran%C3%A7aise_de_2027,primary,2026-10-09T14:35Z,sha256:afeda049f0a67922cbf453217d5862e3d5d24d7d618943bb4e791c4c772fbd7a
toluna-harris-2026-09-24-10277,toluna-harris,M6 / RTL,2026-09-22,2026-09-24,2026-09-28,2334,online,likely,1,S3,roussel,2.0,https://www.commission-des-sondages.fr/notices/files/notices/2026/septembre/10277-pres-toluna-harris-interactive-rtl-28-septembre.pdf,https://www.commission-des-sondages.fr/notices/files/notices/2026/septembre/10277-pres-toluna-harris-interactive-rtl-28-septembre.pdf,https://fr.wikipedia.org/wiki/Liste_de_sondages_sur_l%27%C3%A9lection_pr%C3%A9sidentielle_fran%C3%A7aise_de_2027,primary,2026-10-09T14:35Z,sha256:afeda049f0a67922cbf453217d5862e3d5d24d7d618943bb4e791c4c772fbd7a
toluna-harris-2026-09-24-10277,toluna-harris,M6 / RTL,2026-09-22,2026-09-24,2026-09-28,2334,online,likely,1,S3,tondelier,3.0,https://www.commission-des-sondages.fr/notices/files/notices/2026/septembre/10277-pres-toluna-harris-interactive-rtl-28-septembre.pdf,https://www.commission-des-sondages.fr/notices/files/notices/2026/septembre/10277-pres-toluna-harris-interactive-rtl-28-septembre.pdf,https://fr.wikipedia.org/wiki/Liste_de_sondages_sur_l%27%C3%A9lection_pr%C3%A9sidentielle_fran%C3%A7aise_de_2027,primary,2026-10-09T14:35Z,sha256:afeda049f0a67922cbf453217d5862e3d5d24d7d618943bb4e791c4c772fbd7a
toluna-harris-2026-09-24-10277,toluna-harris,M6 / RTL,2026-09-22,2026-09-24,2026-09-28,2334,online,likely,1,S3,zemmour,6.0,https://www.commission-des-sondages.fr/notices/files/notices/2026/septembre/10277-pres-toluna-harris-interactive-rtl-28-septembre.pdf,https://www.commission-des-sondages.fr/notices/files/notices/2026/septembre/10277-pres-toluna-harris-interactive-rtl-28-septembre.pdf,https://fr.wikipedia.org/wiki/Liste_de_sondages_sur_l%27%C3%A9lection_pr%C3%A9sidentielle_fran%C3%A7aise_de_2027,primary,2026-10-09T14:35Z,sha256:afeda049f0a67922cbf453217d5862e3d5d24d7d618943bb4e791c4c772fbd7a
toluna-harris-2026-09-24-10277,toluna-harris,M6 / RTL,2026-09-22,2026-09-24,2026-09-28,2334,online,likely,1,S4,arthaud,1.0,https://www.commission-des-sondages.fr/notices/files/notices/2026/septembre/10277-pres-toluna-harris-interactive-rtl-28-septembre.pdf,https://www.commission-des-sondages.fr/notices/files/notices/2026/septembre/10277-pres-toluna-harris-interactive-rtl-28-septembre.pdf,https://fr.wikipedia.org/wiki/Liste_de_sondages_sur_l%27%C3%A9lection_pr%C3%A9sidentielle_fran%C3%A7aise_de_2027,primary,2026-10-09T14:35Z,sha256:afeda049f0a67922cbf453217d5862e3d5d24d7d618943bb4e791c4c772fbd7a
toluna-harris-2026-09-24-10277,toluna-harris,M6 / RTL,2026-09-22,2026-09-24,2026-09-28,2334,online,likely,1,S4,dupont_aignan,2.0,https://www.commission-des-sondages.fr/notices/files/notices/2026/septembre/10277-pres-toluna-harris-interactive-rtl-28-septembre.pdf,https://www.commission-des-sondages.fr/notices/files/notices/2026/septembre/10277-pres-toluna-harris-interactive-rtl-28-septembre.pdf,https://fr.wikipedia.org/wiki/Liste_de_sondages_sur_l%27%C3%A9lection_pr%C3%A9sidentielle_fran%C3%A7aise_de_2027,primary,2026-10-09T14:35Z,sha256:afeda049f0a67922cbf453217d5862e3d5d24d7d618943bb4e791c4c772fbd7a
toluna-harris-2026-09-24-10277,toluna-harris,M6 / RTL,2026-09-22,2026-09-24,2026-09-28,2334,online,likely,1,S4,glucksmann,10.0,https://www.commission-des-sondages.fr/notices/files/notices/2026/septembre/10277-pres-toluna-harris-interactive-rtl-28-septembre.pdf,https://www.commission-des-sondages.fr/notices/files/notices/2026/septembre/10277-pres-toluna-harris-interactive-rtl-28-septembre.pdf,https://fr.wikipedia.org/wiki/Liste_de_sondages_sur_l%27%C3%A9lection_pr%C3%A9sidentielle_fran%C3%A7aise_de_2027,primary,2026-10-09T14:35Z,sha256:afeda049f0a67922cbf453217d5862e3d5d24d7d618943bb4e791c4c772fbd7a
toluna-harris-2026-09-24-10277,toluna-harris,M6 / RTL,2026-09-22,2026-09-24,2026-09-28,2334,online,likely,1,S4,le_pen,35.0,https://www.commission-des-sondages.fr/notices/files/notices/2026/septembre/10277-pres-toluna-harris-interactive-rtl-28-septembre.pdf,https://www.commission-des-sondages.fr/notices/files/notices/2026/septembre/10277-pres-toluna-harris-interactive-rtl-28-septembre.pdf,https://fr.wikipedia.org/wiki/Liste_de_sondages_sur_l%27%C3%A9lection_pr%C3%A9sidentielle_fran%C3%A7aise_de_2027,primary,2026-10-09T14:35Z,sha256:afeda049f0a67922cbf453217d5862e3d5d24d7d618943bb4e791c4c772fbd7a
toluna-harris-2026-09-24-10277,toluna-harris,M6 / RTL,2026-09-22,2026-09-24,2026-09-28,2334,online,likely,1,S4,melenchon,18.0,https://www.commission-des-sondages.fr/notices/files/notices/2026/septembre/10277-pres-toluna-harris-interactive-rtl-28-septembre.pdf,https://www.commission-des-sondages.fr/notices/files/notices/2026/septembre/10277-pres-toluna-harris-interactive-rtl-28-septembre.pdf,https://fr.wikipedia.org/wiki/Liste_de_sondages_sur_l%27%C3%A9lection_pr%C3%A9sidentielle_fran%C3%A7aise_de_2027,primary,2026-10-09T14:35Z,sha256:afeda049f0a67922cbf453217d5862e3d5d24d7d618943bb4e791c4c772fbd7a
toluna-harris-2026-09-24-10277,toluna-harris,M6 / RTL,2026-09-22,2026-09-24,2026-09-28,2334,online,likely,1,S4,philippe,16.0,https://www.commission-des-sondages.fr/notices/files/notices/2026/septembre/10277-pres-toluna-harris-interactive-rtl-28-septembre.pdf,https://www.commission-des-sondages.fr/notices/files/notices/2026/septembre/10277-pres-toluna-harris-interactive-rtl-28-septembre.pdf,https://fr.wikipedia.org/wiki/Liste_de_sondages_sur_l%27%C3%A9lection_pr%C3%A9sidentielle_fran%C3%A7aise_de_2027,primary,2026-10-09T14:35Z,sha256:afeda049f0a67922cbf453217d5862e3d5d24d7d618943bb4e791c4c772fbd7a
toluna-harris-2026-09-24-10277,toluna-harris,M6 / RTL,2026-09-22,2026-09-24,2026-09-28,2334,online,likely,1,S4,retailleau,8.0,https://www.commission-des-sondages.fr/notices/files/notices/2026/septembre/10277-pres-toluna-harris-interactive-rtl-28-septembre.pdf,https://www.commission-des-sondages.fr/notices/files/notices/2026/septembre/10277-pres-toluna-harris-interactive-rtl-28-septembre.pdf,https://fr.wikipedia.org/wiki/Liste_de_sondages_sur_l%27%C3%A9lection_pr%C3%A9sidentielle_fran%C3%A7aise_de_2027,primary,2026-10-09T14:35Z,sha256:afeda049f0a67922cbf453217d5862e3d5d24d7d618943bb4e791c4c772fbd7a
toluna-harris-2026-09-24-10277,toluna-harris,M6 / RTL,2026-09-22,2026-09-24,2026-09-28,2334,online,likely,1,S4,roussel,2.0,https://www.commission-des-sondages.fr/notices/files/notices/2026/septembre/10277-pres-toluna-harris-interactive-rtl-28-septembre.pdf,https://www.commission-des-sondages.fr/notices/files/notices/2026/septembre/10277-pres-toluna-harris-interactive-rtl-28-septembre.pdf,https://fr.wikipedia.org/wiki/Liste_de_sondages_sur_l%27%C3%A9lection_pr%C3%A9sidentielle_fran%C3%A7aise_de_2027,primary,2026-10-09T14:35Z,sha256:afeda049f0a67922cbf453217d5862e3d5d24d7d618943bb4e791c4c772fbd7a
toluna-harris-2026-09-24-10277,toluna-harris,M6 / RTL,2026-09-22,2026-09-24,2026-09-28,2334,online,likely,1,S4,tondelier,3.0,https://www.commission-des-sondages.fr/notices/files/notices/2026/septembre/10277-pres-toluna-harris-interactive-rtl-28-septembre.pdf,https://www.commission-des-sondages.fr/notices/files/notices/2026/septembre/10277-pres-toluna-harris-interactive-rtl-28-septembre.pdf,https://fr.wikipedia.org/wiki/Liste_de_sondages_sur_l%27%C3%A9lection_pr%C3%A9sidentielle_fran%C3%A7aise_de_2027,primary,2026-10-09T14:35Z,sha256:afeda049f0a67922cbf453217d5862e3d5d24d7d618943bb4e791c4c772fbd7a
toluna-harris-2026-09-24-10277,toluna-harris,M6 / RTL,2026-09-22,2026-09-24,2026-09-28,2334,online,likely,1,S4,zemmour,5.0,https://www.commission-des-sondages.fr/notices/files/notices/2026/septembre/10277-pres-toluna-harris-interactive-rtl-28-septembre.pdf,https://www.commission-des-sondages.fr/notices/files/notices/2026/septembre/10277-pres-toluna-harris-interactive-rtl-28-septembre.pdf,https://fr.wikipedia.org/wiki/Liste_de_sondages_sur_l%27%C3%A9lection_pr%C3%A9sidentielle_fran%C3%A7aise_de_2027,primary,2026-10-09T14:35Z,sha256:afeda049f0a67922cbf453217d5862e3d5d24d7d618943bb4e791c4c772fbd7a
toluna-harris-2026-09-24-10277,toluna-harris,M6 / RTL,2026-09-22,2026-09-24,2026-09-28,2334,online,likely,1,S5,arthaud,1.0,https://www.commission-des-sondages.fr/notices/files/notices/2026/septembre/10277-pres-toluna-harris-interactive-rtl-28-septembre.pdf,https://www.commission-des-sondages.fr/notices/files/notices/2026/septembre/10277-pres-toluna-harris-interactive-rtl-28-septembre.pdf,https://fr.wikipedia.org/wiki/Liste_de_sondages_sur_l%27%C3%A9lection_pr%C3%A9sidentielle_fran%C3%A7aise_de_2027,primary,2026-10-09T14:35Z,sha256:afeda049f0a67922cbf453217d5862e3d5d24d7d618943bb4e791c4c772fbd7a
toluna-harris-2026-09-24-10277,toluna-harris,M6 / RTL,2026-09-22,2026-09-24,2026-09-28,2334,online,likely,1,S5,attal,5.0,https://www.commission-des-sondages.fr/notices/files/notices/2026/septembre/10277-pres-toluna-harris-interactive-rtl-28-septembre.pdf,https://www.commission-des-sondages.fr/notices/files/notices/2026/septembre/10277-pres-toluna-harris-interactive-rtl-28-septembre.pdf,https://fr.wikipedia.org/wiki/Liste_de_sondages_sur_l%27%C3%A9lection_pr%C3%A9sidentielle_fran%C3%A7aise_de_2027,primary,2026-10-09T14:35Z,sha256:afeda049f0a67922cbf453217d5862e3d5d24d7d618943bb4e791c4c772fbd7a
toluna-harris-2026-09-24-10277,toluna-harris,M6 / RTL,2026-09-22,2026-09-24,2026-09-28,2334,online,likely,1,S5,dupont_aignan,2.0,https://www.commission-des-sondages.fr/notices/files/notices/2026/septembre/10277-pres-toluna-harris-interactive-rtl-28-septembre.pdf,https://www.commission-des-sondages.fr/notices/files/notices/2026/septembre/10277-pres-toluna-harris-interactive-rtl-28-septembre.pdf,https://fr.wikipedia.org/wiki/Liste_de_sondages_sur_l%27%C3%A9lection_pr%C3%A9sidentielle_fran%C3%A7aise_de_2027,primary,2026-10-09T14:35Z,sha256:afeda049f0a67922cbf453217d5862e3d5d24d7d618943bb4e791c4c772fbd7a
toluna-harris-2026-09-24-10277,toluna-harris,M6 / RTL,2026-09-22,2026-09-24,2026-09-28,2334,online,likely,1,S5,glucksmann,10.0,https://www.commission-des-sondages.fr/notices/files/notices/2026/septembre/10277-pres-toluna-harris-interactive-rtl-28-septembre.pdf,https://www.commission-des-sondages.fr/notices/files/notices/2026/septembre/10277-pres-toluna-harris-interactive-rtl-28-septembre.pdf,https://fr.wikipedia.org/wiki/Liste_de_sondages_sur_l%27%C3%A9lection_pr%C3%A9sidentielle_fran%C3%A7aise_de_2027,primary,2026-10-09T14:35Z,sha256:afeda049f0a67922cbf453217d5862e3d5d24d7d618943bb4e791c4c772fbd7a
toluna-harris-2026-09-24-10277,toluna-harris,M6 / RTL,2026-09-22,2026-09-24,2026-09-28,2334,online,likely,1,S5,le_pen,35.0,https://www.commission-des-sondages.fr/notices/files/notices/2026/septembre/10277-pres-toluna-harris-interactive-rtl-28-septembre.pdf,https://www.commission-des-sondages.fr/notices/files/notices/2026/septembre/10277-pres-toluna-harris-interactive-rtl-28-septembre.pdf,https://fr.wikipedia.org/wiki/Liste_de_sondages_sur_l%27%C3%A9lection_pr%C3%A9sidentielle_fran%C3%A7aise_de_2027,primary,2026-10-09T14:35Z,sha256:afeda049f0a67922cbf453217d5862e3d5d24d7d618943bb4e791c4c772fbd7a
toluna-harris-2026-09-24-10277,toluna-harris,M6 / RTL,2026-09-22,2026-09-24,2026-09-28,2334,online,likely,1,S5,melenchon,17.0,https://www.commission-des-sondages.fr/notices/files/notices/2026/septembre/10277-pres-toluna-harris-interactive-rtl-28-septembre.pdf,https://www.commission-des-sondages.fr/notices/files/notices/2026/septembre/10277-pres-toluna-harris-interactive-rtl-28-septembre.pdf,https://fr.wikipedia.org/wiki/Liste_de_sondages_sur_l%27%C3%A9lection_pr%C3%A9sidentielle_fran%C3%A7aise_de_2027,primary,2026-10-09T14:35Z,sha256:afeda049f0a67922cbf453217d5862e3d5d24d7d618943bb4e791c4c772fbd7a
toluna-harris-2026-09-24-10277,toluna-harris,M6 / RTL,2026-09-22,2026-09-24,2026-09-28,2334,online,likely,1,S5,philippe,13.0,https://www.commission-des-sondages.fr/notices/files/notices/2026/septembre/10277-pres-toluna-harris-interactive-rtl-28-septembre.pdf,https://www.commission-des-sondages.fr/notices/files/notices/2026/septembre/10277-pres-toluna-harris-interactive-rtl-28-septembre.pdf,https://fr.wikipedia.org/wiki/Liste_de_sondages_sur_l%27%C3%A9lection_pr%C3%A9sidentielle_fran%C3%A7aise_de_2027,primary,2026-10-09T14:35Z,sha256:afeda049f0a67922cbf453217d5862e3d5d24d7d618943bb4e791c4c772fbd7a
toluna-harris-2026-09-24-10277,toluna-harris,M6 / RTL,2026-09-22,2026-09-24,2026-09-28,2334,online,likely,1,S5,retailleau,7.0,https://www.commission-des-sondages.fr/notices/files/notices/2026/septembre/10277-pres-toluna-harris-interactive-rtl-28-septembre.pdf,https://www.commission-des-sondages.fr/notices/files/notices/2026/septembre/10277-pres-toluna-harris-interactive-rtl-28-septembre.pdf,https://fr.wikipedia.org/wiki/Liste_de_sondages_sur_l%27%C3%A9lection_pr%C3%A9sidentielle_fran%C3%A7aise_de_2027,primary,2026-10-09T14:35Z,sha256:afeda049f0a67922cbf453217d5862e3d5d24d7d618943bb4e791c4c772fbd7a
toluna-harris-2026-09-24-10277,toluna-harris,M6 / RTL,2026-09-22,2026-09-24,2026-09-28,2334,online,likely,1,S5,roussel,2.0,https://www.commission-des-sondages.fr/notices/files/notices/2026/septembre/10277-pres-toluna-harris-interactive-rtl-28-septembre.pdf,https://www.commission-des-sondages.fr/notices/files/notices/2026/septembre/10277-pres-toluna-harris-interactive-rtl-28-septembre.pdf,https://fr.wikipedia.org/wiki/Liste_de_sondages_sur_l%27%C3%A9lection_pr%C3%A9sidentielle_fran%C3%A7aise_de_2027,primary,2026-10-09T14:35Z,sha256:afeda049f0a67922cbf453217d5862e3d5d24d7d618943bb4e791c4c772fbd7a
toluna-harris-2026-09-24-10277,toluna-harris,M6 / RTL,2026-09-22,2026-09-24,2026-09-28,2334,online,likely,1,S5,tondelier,3.0,https://www.commission-des-sondages.fr/notices/files/notices/2026/septembre/10277-pres-toluna-harris-interactive-rtl-28-septembre.pdf,https://www.commission-des-sondages.fr/notices/files/notices/2026/septembre/10277-pres-toluna-harris-interactive-rtl-28-septembre.pdf,https://fr.wikipedia.org/wiki/Liste_de_sondages_sur_l%27%C3%A9lection_pr%C3%A9sidentielle_fran%C3%A7aise_de_2027,primary,2026-10-09T14:35Z,sha256:afeda049f0a67922cbf453217d5862e3d5d24d7d618943bb4e791c4c772fbd7a
toluna-harris-2026-09-24-10277,toluna-harris,M6 / RTL,2026-09-22,2026-09-24,2026-09-28,2334,online,likely,1,S5,zemmour,5.0,https://www.commission-des-sondages.fr/notices/files/notices/2026/septembre/10277-pres-toluna-harris-interactive-rtl-28-septembre.pdf,https://www.commission-des-sondages.fr/notices/files/notices/2026/septembre/10277-pres-toluna-harris-interactive-rtl-28-septembre.pdf,https://fr.wikipedia.org/wiki/Liste_de_sondages_sur_l%27%C3%A9lection_pr%C3%A9sidentielle_fran%C3%A7aise_de_2027,primary,2026-10-09T14:35Z,sha256:afeda049f0a67922cbf453217d5862e3d5d24d7d618943bb4e791c4c772fbd7a
toluna-harris-2026-09-24-10277,toluna-harris,M6 / RTL,2026-09-22,2026-09-24,2026-09-28,2334,online,likely,2,H1,le_pen,69.0,https://www.commission-des-sondages.fr/notices/files/notices/2026/septembre/10277-pres-toluna-harris-interactive-rtl-28-septembre.pdf,https://www.commission-des-sondages.fr/notices/files/notices/2026/septembre/10277-pres-toluna-harris-interactive-rtl-28-septembre.pdf,https://fr.wikipedia.org/wiki/Liste_de_sondages_sur_l%27%C3%A9lection_pr%C3%A9sidentielle_fran%C3%A7aise_de_2027,primary,2026-10-09T14:35Z,sha256:afeda049f0a67922cbf453217d5862e3d5d24d7d618943bb4e791c4c772fbd7a
toluna-harris-2026-09-24-10277,toluna-harris,M6 / RTL,2026-09-22,2026-09-24,2026-09-28,2334,online,likely,2,H1,melenchon,31.0,https://www.commission-des-sondages.fr/notices/files/notices/2026/septembre/10277-pres-toluna-harris-interactive-rtl-28-septembre.pdf,https://www.commission-des-sondages.fr/notices/files/notices/2026/septembre/10277-pres-toluna-harris-interactive-rtl-28-septembre.pdf,https://fr.wikipedia.org/wiki/Liste_de_sondages_sur_l%27%C3%A9lection_pr%C3%A9sidentielle_fran%C3%A7aise_de_2027,primary,2026-10-09T14:35Z,sha256:afeda049f0a67922cbf453217d5862e3d5d24d7d618943bb4e791c4c772fbd7a
toluna-harris-2026-09-24-10277,toluna-harris,M6 / RTL,2026-09-22,2026-09-24,2026-09-28,2334,online,likely,2,H2,le_pen,57.0,https://www.commission-des-sondages.fr/notices/files/notices/2026/septembre/10277-pres-toluna-harris-interactive-rtl-28-septembre.pdf,https://www.commission-des-sondages.fr/notices/files/notices/2026/septembre/10277-pres-toluna-harris-interactive-rtl-28-septembre.pdf,https://fr.wikipedia.org/wiki/Liste_de_sondages_sur_l%27%C3%A9lection_pr%C3%A9sidentielle_fran%C3%A7aise_de_2027,primary,2026-10-09T14:35Z,sha256:afeda049f0a67922cbf453217d5862e3d5d24d7d618943bb4e791c4c772fbd7a
toluna-harris-2026-09-24-10277,toluna-harris,M6 / RTL,2026-09-22,2026-09-24,2026-09-28,2334,online,likely,2,H2,philippe,43.0,https://www.commission-des-sondages.fr/notices/files/notices/2026/septembre/10277-pres-toluna-harris-interactive-rtl-28-septembre.pdf,https://www.commission-des-sondages.fr/notices/files/notices/2026/septembre/10277-pres-toluna-harris-interactive-rtl-28-septembre.pdf,https://fr.wikipedia.org/wiki/Liste_de_sondages_sur_l%27%C3%A9lection_pr%C3%A9sidentielle_fran%C3%A7aise_de_2027,primary,2026-10-09T14:35Z,sha256:afeda049f0a67922cbf453217d5862e3d5d24d7d618943bb4e791c4c772fbd7a
ifop-2026-09-29-10284,ifop,LCI / Le Figaro / Sud Radio,2026-09-25,2026-09-29,2026-09-30,1527,online,registered,1,S1,arthaud,0.5,https://www.commission-des-sondages.fr/notices/files/notices/2026/septembre/10284-pres-barometre-election-presidentielle-v6-ifop-le-figaro-30-septembre.pdf,https://www.commission-des-sondages.fr/notices/files/notices/2026/septembre/10284-pres-barometre-election-presidentielle-v6-ifop-le-figaro-30-septembre.pdf,https://fr.wikipedia.org/wiki/Liste_de_sondages_sur_l%27%C3%A9lection_pr%C3%A9sidentielle_fran%C3%A7aise_de_2027,primary,2026-10-09T14:35Z,sha256:cf3758803cabeea281b7ad81713f92c70be7f95384a27d18feeddb58d341334c
ifop-2026-09-29-10284,ifop,LCI / Le Figaro / Sud Radio,2026-09-25,2026-09-29,2026-09-30,1527,online,registered,1,S1,attal,8.0,https://www.commission-des-sondages.fr/notices/files/notices/2026/septembre/10284-pres-barometre-election-presidentielle-v6-ifop-le-figaro-30-septembre.pdf,https://www.commission-des-sondages.fr/notices/files/notices/2026/septembre/10284-pres-barometre-election-presidentielle-v6-ifop-le-figaro-30-septembre.pdf,https://fr.wikipedia.org/wiki/Liste_de_sondages_sur_l%27%C3%A9lection_pr%C3%A9sidentielle_fran%C3%A7aise_de_2027,primary,2026-10-09T14:35Z,sha256:cf3758803cabeea281b7ad81713f92c70be7f95384a27d18feeddb58d341334c
ifop-2026-09-29-10284,ifop,LCI / Le Figaro / Sud Radio,2026-09-25,2026-09-29,2026-09-30,1527,online,registered,1,S1,dupont_aignan,1.0,https://www.commission-des-sondages.fr/notices/files/notices/2026/septembre/10284-pres-barometre-election-presidentielle-v6-ifop-le-figaro-30-septembre.pdf,https://www.commission-des-sondages.fr/notices/files/notices/2026/septembre/10284-pres-barometre-election-presidentielle-v6-ifop-le-figaro-30-septembre.pdf,https://fr.wikipedia.org/wiki/Liste_de_sondages_sur_l%27%C3%A9lection_pr%C3%A9sidentielle_fran%C3%A7aise_de_2027,primary,2026-10-09T14:35Z,sha256:cf3758803cabeea281b7ad81713f92c70be7f95384a27d18feeddb58d341334c
ifop-2026-09-29-10284,ifop,LCI / Le Figaro / Sud Radio,2026-09-25,2026-09-29,2026-09-30,1527,online,registered,1,S1,glucksmann,11.0,https://www.commission-des-sondages.fr/notices/files/notices/2026/septembre/10284-pres-barometre-election-presidentielle-v6-ifop-le-figaro-30-septembre.pdf,https://www.commission-des-sondages.fr/notices/files/notices/2026/septembre/10284-pres-barometre-election-presidentielle-v6-ifop-le-figaro-30-septembre.pdf,https://fr.wikipedia.org/wiki/Liste_de_sondages_sur_l%27%C3%A9lection_pr%C3%A9sidentielle_fran%C3%A7aise_de_2027,primary,2026-10-09T14:35Z,sha256:cf3758803cabeea281b7ad81713f92c70be7f95384a27d18feeddb58d341334c
ifop-2026-09-29-10284,ifop,LCI / Le Figaro / Sud Radio,2026-09-25,2026-09-29,2026-09-30,1527,online,registered,1,S1,le_pen,32.0,https://www.commission-des-sondages.fr/notices/files/notices/2026/septembre/10284-pres-barometre-election-presidentielle-v6-ifop-le-figaro-30-septembre.pdf,https://www.commission-des-sondages.fr/notices/files/notices/2026/septembre/10284-pres-barometre-election-presidentielle-v6-ifop-le-figaro-30-septembre.pdf,https://fr.wikipedia.org/wiki/Liste_de_sondages_sur_l%27%C3%A9lection_pr%C3%A9sidentielle_fran%C3%A7aise_de_2027,primary,2026-10-09T14:35Z,sha256:cf3758803cabeea281b7ad81713f92c70be7f95384a27d18feeddb58d341334c
ifop-2026-09-29-10284,ifop,LCI / Le Figaro / Sud Radio,2026-09-25,2026-09-29,2026-09-30,1527,online,registered,1,S1,melenchon,15.0,https://www.commission-des-sondages.fr/notices/files/notices/2026/septembre/10284-pres-barometre-election-presidentielle-v6-ifop-le-figaro-30-septembre.pdf,https://www.commission-des-sondages.fr/notices/files/notices/2026/septembre/10284-pres-barometre-election-presidentielle-v6-ifop-le-figaro-30-septembre.pdf,https://fr.wikipedia.org/wiki/Liste_de_sondages_sur_l%27%C3%A9lection_pr%C3%A9sidentielle_fran%C3%A7aise_de_2027,primary,2026-10-09T14:35Z,sha256:cf3758803cabeea281b7ad81713f92c70be7f95384a27d18feeddb58d341334c
ifop-2026-09-29-10284,ifop,LCI / Le Figaro / Sud Radio,2026-09-25,2026-09-29,2026-09-30,1527,online,registered,1,S1,philippe,16.0,https://www.commission-des-sondages.fr/notices/files/notices/2026/septembre/10284-pres-barometre-election-presidentielle-v6-ifop-le-figaro-30-septembre.pdf,https://www.commission-des-sondages.fr/notices/files/notices/2026/septembre/10284-pres-barometre-election-presidentielle-v6-ifop-le-figaro-30-septembre.pdf,https://fr.wikipedia.org/wiki/Liste_de_sondages_sur_l%27%C3%A9lection_pr%C3%A9sidentielle_fran%C3%A7aise_de_2027,primary,2026-10-09T14:35Z,sha256:cf3758803cabeea281b7ad81713f92c70be7f95384a27d18feeddb58d341334c
ifop-2026-09-29-10284,ifop,LCI / Le Figaro / Sud Radio,2026-09-25,2026-09-29,2026-09-30,1527,online,registered,1,S1,retailleau,7.0,https://www.commission-des-sondages.fr/notices/files/notices/2026/septembre/10284-pres-barometre-election-presidentielle-v6-ifop-le-figaro-30-septembre.pdf,https://www.commission-des-sondages.fr/notices/files/notices/2026/septembre/10284-pres-barometre-election-presidentielle-v6-ifop-le-figaro-30-septembre.pdf,https://fr.wikipedia.org/wiki/Liste_de_sondages_sur_l%27%C3%A9lection_pr%C3%A9sidentielle_fran%C3%A7aise_de_2027,primary,2026-10-09T14:35Z,sha256:cf3758803cabeea281b7ad81713f92c70be7f95384a27d18feeddb58d341334c
ifop-2026-09-29-10284,ifop,LCI / Le Figaro / Sud Radio,2026-09-25,2026-09-29,2026-09-30,1527,online,registered,1,S1,roussel,2.5,https://www.commission-des-sondages.fr/notices/files/notices/2026/septembre/10284-pres-barometre-election-presidentielle-v6-ifop-le-figaro-30-septembre.pdf,https://www.commission-des-sondages.fr/notices/files/notices/2026/septembre/10284-pres-barometre-election-presidentielle-v6-ifop-le-figaro-30-septembre.pdf,https://fr.wikipedia.org/wiki/Liste_de_sondages_sur_l%27%C3%A9lection_pr%C3%A9sidentielle_fran%C3%A7aise_de_2027,primary,2026-10-09T14:35Z,sha256:cf3758803cabeea281b7ad81713f92c70be7f95384a27d18feeddb58d341334c
ifop-2026-09-29-10284,ifop,LCI / Le Figaro / Sud Radio,2026-09-25,2026-09-29,2026-09-30,1527,online,registered,1,S1,tondelier,3.0,https://www.commission-des-sondages.fr/notices/files/notices/2026/septembre/10284-pres-barometre-election-presidentielle-v6-ifop-le-figaro-30-septembre.pdf,https://www.commission-des-sondages.fr/notices/files/notices/2026/septembre/10284-pres-barometre-election-presidentielle-v6-ifop-le-figaro-30-septembre.pdf,https://fr.wikipedia.org/wiki/Liste_de_sondages_sur_l%27%C3%A9lection_pr%C3%A9sidentielle_fran%C3%A7aise_de_2027,primary,2026-10-09T14:35Z,sha256:cf3758803cabeea281b7ad81713f92c70be7f95384a27d18feeddb58d341334c
ifop-2026-09-29-10284,ifop,LCI / Le Figaro / Sud Radio,2026-09-25,2026-09-29,2026-09-30,1527,online,registered,1,S1,zemmour,4.0,https://www.commission-des-sondages.fr/notices/files/notices/2026/septembre/10284-pres-barometre-election-presidentielle-v6-ifop-le-figaro-30-septembre.pdf,https://www.commission-des-sondages.fr/notices/files/notices/2026/septembre/10284-pres-barometre-election-presidentielle-v6-ifop-le-figaro-30-septembre.pdf,https://fr.wikipedia.org/wiki/Liste_de_sondages_sur_l%27%C3%A9lection_pr%C3%A9sidentielle_fran%C3%A7aise_de_2027,primary,2026-10-09T14:35Z,sha256:cf3758803cabeea281b7ad81713f92c70be7f95384a27d18feeddb58d341334c
ifop-2026-09-29-10284,ifop,LCI / Le Figaro / Sud Radio,2026-09-25,2026-09-29,2026-09-30,1527,online,registered,1,S10,arthaud,0.5,https://www.commission-des-sondages.fr/notices/files/notices/2026/septembre/10284-pres-barometre-election-presidentielle-v6-ifop-le-figaro-30-septembre.pdf,https://www.commission-des-sondages.fr/notices/files/notices/2026/septembre/10284-pres-barometre-election-presidentielle-v6-ifop-le-figaro-30-septembre.pdf,https://fr.wikipedia.org/wiki/Liste_de_sondages_sur_l%27%C3%A9lection_pr%C3%A9sidentielle_fran%C3%A7aise_de_2027,primary,2026-10-09T14:35Z,sha256:cf3758803cabeea281b7ad81713f92c70be7f95384a27d18feeddb58d341334c
ifop-2026-09-29-10284,ifop,LCI / Le Figaro / Sud Radio,2026-09-25,2026-09-29,2026-09-30,1527,online,registered,1,S10,attal,7.0,https://www.commission-des-sondages.fr/notices/files/notices/2026/septembre/10284-pres-barometre-election-presidentielle-v6-ifop-le-figaro-30-septembre.pdf,https://www.commission-des-sondages.fr/notices/files/notices/2026/septembre/10284-pres-barometre-election-presidentielle-v6-ifop-le-figaro-30-septembre.pdf,https://fr.wikipedia.org/wiki/Liste_de_sondages_sur_l%27%C3%A9lection_pr%C3%A9sidentielle_fran%C3%A7aise_de_2027,primary,2026-10-09T14:35Z,sha256:cf3758803cabeea281b7ad81713f92c70be7f95384a27d18feeddb58d341334c
ifop-2026-09-29-10284,ifop,LCI / Le Figaro / Sud Radio,2026-09-25,2026-09-29,2026-09-30,1527,online,registered,1,S10,dupont_aignan,1.0,https://www.commission-des-sondages.fr/notices/files/notices/2026/septembre/10284-pres-barometre-election-presidentielle-v6-ifop-le-figaro-30-septembre.pdf,https://www.commission-des-sondages.fr/notices/files/notices/2026/septembre/10284-pres-barometre-election-presidentielle-v6-ifop-le-figaro-30-septembre.pdf,https://fr.wikipedia.org/wiki/Liste_de_sondages_sur_l%27%C3%A9lection_pr%C3%A9sidentielle_fran%C3%A7aise_de_2027,primary,2026-10-09T14:35Z,sha256:cf3758803cabeea281b7ad81713f92c70be7f95384a27d18feeddb58d341334c
ifop-2026-09-29-10284,ifop,LCI / Le Figaro / Sud Radio,2026-09-25,2026-09-29,2026-09-30,1527,online,registered,1,S10,glucksmann,9.0,https://www.commission-des-sondages.fr/notices/files/notices/2026/septembre/10284-pres-barometre-election-presidentielle-v6-ifop-le-figaro-30-septembre.pdf,https://www.commission-des-sondages.fr/notices/files/notices/2026/septembre/10284-pres-barometre-election-presidentielle-v6-ifop-le-figaro-30-septembre.pdf,https://fr.wikipedia.org/wiki/Liste_de_sondages_sur_l%27%C3%A9lection_pr%C3%A9sidentielle_fran%C3%A7aise_de_2027,primary,2026-10-09T14:35Z,sha256:cf3758803cabeea281b7ad81713f92c70be7f95384a27d18feeddb58d341334c
ifop-2026-09-29-10284,ifop,LCI / Le Figaro / Sud Radio,2026-09-25,2026-09-29,2026-09-30,1527,online,registered,1,S10,le_pen,31.0,https://www.commission-des-sondages.fr/notices/files/notices/2026/septembre/10284-pres-barometre-election-presidentielle-v6-ifop-le-figaro-30-septembre.pdf,https://www.commission-des-sondages.fr/notices/files/notices/2026/septembre/10284-pres-barometre-election-presidentielle-v6-ifop-le-figaro-30-septembre.pdf,https://fr.wikipedia.org/wiki/Liste_de_sondages_sur_l%27%C3%A9lection_pr%C3%A9sidentielle_fran%C3%A7aise_de_2027,primary,2026-10-09T14:35Z,sha256:cf3758803cabeea281b7ad81713f92c70be7f95384a27d18feeddb58d341334c
ifop-2026-09-29-10284,ifop,LCI / Le Figaro / Sud Radio,2026-09-25,2026-09-29,2026-09-30,1527,online,registered,1,S10,lisnard,3.5,https://www.commission-des-sondages.fr/notices/files/notices/2026/septembre/10284-pres-barometre-election-presidentielle-v6-ifop-le-figaro-30-septembre.pdf,https://www.commission-des-sondages.fr/notices/files/notices/2026/septembre/10284-pres-barometre-election-presidentielle-v6-ifop-le-figaro-30-septembre.pdf,https://fr.wikipedia.org/wiki/Liste_de_sondages_sur_l%27%C3%A9lection_pr%C3%A9sidentielle_fran%C3%A7aise_de_2027,primary,2026-10-09T14:35Z,sha256:cf3758803cabeea281b7ad81713f92c70be7f95384a27d18feeddb58d341334c
ifop-2026-09-29-10284,ifop,LCI / Le Figaro / Sud Radio,2026-09-25,2026-09-29,2026-09-30,1527,online,registered,1,S10,melenchon,14.0,https://www.commission-des-sondages.fr/notices/files/notices/2026/septembre/10284-pres-barometre-election-presidentielle-v6-ifop-le-figaro-30-septembre.pdf,https://www.commission-des-sondages.fr/notices/files/notices/2026/septembre/10284-pres-barometre-election-presidentielle-v6-ifop-le-figaro-30-septembre.pdf,https://fr.wikipedia.org/wiki/Liste_de_sondages_sur_l%27%C3%A9lection_pr%C3%A9sidentielle_fran%C3%A7aise_de_2027,primary,2026-10-09T14:35Z,sha256:cf3758803cabeea281b7ad81713f92c70be7f95384a27d18feeddb58d341334c
ifop-2026-09-29-10284,ifop,LCI / Le Figaro / Sud Radio,2026-09-25,2026-09-29,2026-09-30,1527,online,registered,1,S10,philippe,15.0,https://www.commission-des-sondages.fr/notices/files/notices/2026/septembre/10284-pres-barometre-election-presidentielle-v6-ifop-le-figaro-30-septembre.pdf,https://www.commission-des-sondages.fr/notices/files/notices/2026/septembre/10284-pres-barometre-election-presidentielle-v6-ifop-le-figaro-30-septembre.pdf,https://fr.wikipedia.org/wiki/Liste_de_sondages_sur_l%27%C3%A9lection_pr%C3%A9sidentielle_fran%C3%A7aise_de_2027,primary,2026-10-09T14:35Z,sha256:cf3758803cabeea281b7ad81713f92c70be7f95384a27d18feeddb58d341334c
ifop-2026-09-29-10284,ifop,LCI / Le Figaro / Sud Radio,2026-09-25,2026-09-29,2026-09-30,1527,online,registered,1,S10,retailleau,5.0,https://www.commission-des-sondages.fr/notices/files/notices/2026/septembre/10284-pres-barometre-election-presidentielle-v6-ifop-le-figaro-30-septembre.pdf,https://www.commission-des-sondages.fr/notices/files/notices/2026/septembre/10284-pres-barometre-election-presidentielle-v6-ifop-le-figaro-30-septembre.pdf,https://fr.wikipedia.org/wiki/Liste_de_sondages_sur_l%27%C3%A9lection_pr%C3%A9sidentielle_fran%C3%A7aise_de_2027,primary,2026-10-09T14:35Z,sha256:cf3758803cabeea281b7ad81713f92c70be7f95384a27d18feeddb58d341334c
ifop-2026-09-29-10284,ifop,LCI / Le Figaro / Sud Radio,2026-09-25,2026-09-29,2026-09-30,1527,online,registered,1,S10,roussel,2.0,https://www.commission-des-sondages.fr/notices/files/notices/2026/septembre/10284-pres-barometre-election-presidentielle-v6-ifop-le-figaro-30-septembre.pdf,https://www.commission-des-sondages.fr/notices/files/notices/2026/septembre/10284-pres-barometre-election-presidentielle-v6-ifop-le-figaro-30-septembre.pdf,https://fr.wikipedia.org/wiki/Liste_de_sondages_sur_l%27%C3%A9lection_pr%C3%A9sidentielle_fran%C3%A7aise_de_2027,primary,2026-10-09T14:35Z,sha256:cf3758803cabeea281b7ad81713f92c70be7f95384a27d18feeddb58d341334c
ifop-2026-09-29-10284,ifop,LCI / Le Figaro / Sud Radio,2026-09-25,2026-09-29,2026-09-30,1527,online,registered,1,S10,ruffin,3.0,https://www.commission-des-sondages.fr/notices/files/notices/2026/septembre/10284-pres-barometre-election-presidentielle-v6-ifop-le-figaro-30-septembre.pdf,https://www.commission-des-sondages.fr/notices/files/notices/2026/septembre/10284-pres-barometre-election-presidentielle-v6-ifop-le-figaro-30-septembre.pdf,https://fr.wikipedia.org/wiki/Liste_de_sondages_sur_l%27%C3%A9lection_pr%C3%A9sidentielle_fran%C3%A7aise_de_2027,primary,2026-10-09T14:35Z,sha256:cf3758803cabeea281b7ad81713f92c70be7f95384a27d18feeddb58d341334c
ifop-2026-09-29-10284,ifop,LCI / Le Figaro / Sud Radio,2026-09-25,2026-09-29,2026-09-30,1527,online,registered,1,S10,tondelier,3.0,https://www.commission-des-sondages.fr/notices/files/notices/2026/septembre/10284-pres-barometre-election-presidentielle-v6-ifop-le-figaro-30-septembre.pdf,https://www.commission-des-sondages.fr/notices/files/notices/2026/septembre/10284-pres-barometre-election-presidentielle-v6-ifop-le-figaro-30-septembre.pdf,https://fr.wikipedia.org/wiki/Liste_de_sondages_sur_l%27%C3%A9lection_pr%C3%A9sidentielle_fran%C3%A7aise_de_2027,primary,2026-10-09T14:35Z,sha256:cf3758803cabeea281b7ad81713f92c70be7f95384a27d18feeddb58d341334c
ifop-2026-09-29-10284,ifop,LCI / Le Figaro / Sud Radio,2026-09-25,2026-09-29,2026-09-30,1527,online,registered,1,S10,villepin,2.0,https://www.commission-des-sondages.fr/notices/files/notices/2026/septembre/10284-pres-barometre-election-presidentielle-v6-ifop-le-figaro-30-septembre.pdf,https://www.commission-des-sondages.fr/notices/files/notices/2026/septembre/10284-pres-barometre-election-presidentielle-v6-ifop-le-figaro-30-septembre.pdf,https://fr.wikipedia.org/wiki/Liste_de_sondages_sur_l%27%C3%A9lection_pr%C3%A9sidentielle_fran%C3%A7aise_de_2027,primary,2026-10-09T14:35Z,sha256:cf3758803cabeea281b7ad81713f92c70be7f95384a27d18feeddb58d341334c
ifop-2026-09-29-10284,ifop,LCI / Le Figaro / Sud Radio,2026-09-25,2026-09-29,2026-09-30,1527,online,registered,1,S10,zemmour,4.0,https://www.commission-des-sondages.fr/notices/files/notices/2026/septembre/10284-pres-barometre-election-presidentielle-v6-ifop-le-figaro-30-septembre.pdf,https://www.commission-des-sondages.fr/notices/files/notices/2026/septembre/10284-pres-barometre-election-presidentielle-v6-ifop-le-figaro-30-septembre.pdf,https://fr.wikipedia.org/wiki/Liste_de_sondages_sur_l%27%C3%A9lection_pr%C3%A9sidentielle_fran%C3%A7aise_de_2027,primary,2026-10-09T14:35Z,sha256:cf3758803cabeea281b7ad81713f92c70be7f95384a27d18feeddb58d341334c
ifop-2026-09-29-10284,ifop,LCI / Le Figaro / Sud Radio,2026-09-25,2026-09-29,2026-09-30,1527,online,registered,1,S2,arthaud,0.5,https://www.commission-des-sondages.fr/notices/files/notices/2026/septembre/10284-pres-barometre-election-presidentielle-v6-ifop-le-figaro-30-septembre.pdf,https://www.commission-des-sondages.fr/notices/files/notices/2026/septembre/10284-pres-barometre-election-presidentielle-v6-ifop-le-figaro-30-septembre.pdf,https://fr.wikipedia.org/wiki/Liste_de_sondages_sur_l%27%C3%A9lection_pr%C3%A9sidentielle_fran%C3%A7aise_de_2027,primary,2026-10-09T14:35Z,sha256:cf3758803cabeea281b7ad81713f92c70be7f95384a27d18feeddb58d341334c
ifop-2026-09-29-10284,ifop,LCI / Le Figaro / Sud Radio,2026-09-25,2026-09-29,2026-09-30,1527,online,registered,1,S2,dupont_aignan,1.5,https://www.commission-des-sondages.fr/notices/files/notices/2026/septembre/10284-pres-barometre-election-presidentielle-v6-ifop-le-figaro-30-septembre.pdf,https://www.commission-des-sondages.fr/notices/files/notices/2026/septembre/10284-pres-barometre-election-presidentielle-v6-ifop-le-figaro-30-septembre.pdf,https://fr.wikipedia.org/wiki/Liste_de_sondages_sur_l%27%C3%A9lection_pr%C3%A9sidentielle_fran%C3%A7aise_de_2027,primary,2026-10-09T14:35Z,sha256:cf3758803cabeea281b7ad81713f92c70be7f95384a27d18feeddb58d341334c
ifop-2026-09-29-10284,ifop,LCI / Le Figaro / Sud Radio,2026-09-25,2026-09-29,2026-09-30,1527,online,registered,1,S2,glucksmann,11.0,https://www.commission-des-sondages.fr/notices/files/notices/2026/septembre/10284-pres-barometre-election-presidentielle-v6-ifop-le-figaro-30-septembre.pdf,https://www.commission-des-sondages.fr/notices/files/notices/2026/septembre/10284-pres-barometre-election-presidentielle-v6-ifop-le-figaro-30-septembre.pdf,https://fr.wikipedia.org/wiki/Liste_de_sondages_sur_l%27%C3%A9lection_pr%C3%A9sidentielle_fran%C3%A7aise_de_2027,primary,2026-10-09T14:35Z,sha256:cf3758803cabeea281b7ad81713f92c70be7f95384a27d18feeddb58d341334c
ifop-2026-09-29-10284,ifop,LCI / Le Figaro / Sud Radio,2026-09-25,2026-09-29,2026-09-30,1527,online,registered,1,S2,le_pen,33.0,https://www.commission-des-sondages.fr/notices/files/notices/2026/septembre/10284-pres-barometre-election-presidentielle-v6-ifop-le-figaro-30-septembre.pdf,https://www.commission-des-sondages.fr/notices/files/notices/2026/septembre/10284-pres-barometre-election-presidentielle-v6-ifop-le-figaro-30-septembre.pdf,https://fr.wikipedia.org/wiki/Liste_de_sondages_sur_l%27%C3%A9lection_pr%C3%A9sidentielle_fran%C3%A7aise_de_2027,primary,2026-10-09T14:35Z,sha256:cf3758803cabeea281b7ad81713f92c70be7f95384a27d18feeddb58d341334c
ifop-2026-09-29-10284,ifop,LCI / Le Figaro / Sud Radio,2026-09-25,2026-09-29,2026-09-30,1527,online,registered,1,S2,melenchon,16.0,https://www.commission-des-sondages.fr/notices/files/notices/2026/septembre/10284-pres-barometre-election-presidentielle-v6-ifop-le-figaro-30-septembre.pdf,https://www.commission-des-sondages.fr/notices/files/notices/2026/septembre/10284-pres-barometre-election-presidentielle-v6-ifop-le-figaro-30-septembre.pdf,https://fr.wikipedia.org/wiki/Liste_de_sondages_sur_l%27%C3%A9lection_pr%C3%A9sidentielle_fran%C3%A7aise_de_2027,primary,2026-10-09T14:35Z,sha256:cf3758803cabeea281b7ad81713f92c70be7f95384a27d18feeddb58d341334c
ifop-2026-09-29-10284,ifop,LCI / Le Figaro / Sud Radio,2026-09-25,2026-09-29,2026-09-30,1527,online,registered,1,S2,philippe,21.0,https://www.commission-des-sondages.fr/notices/files/notices/2026/septembre/10284-pres-barometre-election-presidentielle-v6-ifop-le-figaro-30-septembre.pdf,https://www.commission-des-sondages.fr/notices/files/notices/2026/septembre/10284-pres-barometre-election-presidentielle-v6-ifop-le-figaro-30-septembre.pdf,https://fr.wikipedia.org/wiki/Liste_de_sondages_sur_l%27%C3%A9lection_pr%C3%A9sidentielle_fran%C3%A7aise_de_2027,primary,2026-10-09T14:35Z,sha256:cf3758803cabeea281b7ad81713f92c70be7f95384a27d18feeddb58d341334c
ifop-2026-09-29-10284,ifop,LCI / Le Figaro / Sud Radio,2026-09-25,2026-09-29,2026-09-30,1527,online,registered,1,S2,retailleau,8.0,https://www.commission-des-sondages.fr/notices/files/notices/2026/septembre/10284-pres-barometre-election-presidentielle-v6-ifop-le-figaro-30-septembre.pdf,https://www.commission-des-sondages.fr/notices/files/notices/2026/septembre/10284-pres-barometre-election-presidentielle-v6-ifop-le-figaro-30-septembre.pdf,https://fr.wikipedia.org/wiki/Liste_de_sondages_sur_l%27%C3%A9lection_pr%C3%A9sidentielle_fran%C3%A7aise_de_2027,primary,2026-10-09T14:35Z,sha256:cf3758803cabeea281b7ad81713f92c70be7f95384a27d18feeddb58d341334c
ifop-2026-09-29-10284,ifop,LCI / Le Figaro / Sud Radio,2026-09-25,2026-09-29,2026-09-30,1527,online,registered,1,S2,roussel,2.5,https://www.commission-des-sondages.fr/notices/files/notices/2026/septembre/10284-pres-barometre-election-presidentielle-v6-ifop-le-figaro-30-septembre.pdf,https://www.commission-des-sondages.fr/notices/files/notices/2026/septembre/10284-pres-barometre-election-presidentielle-v6-ifop-le-figaro-30-septembre.pdf,https://fr.wikipedia.org/wiki/Liste_de_sondages_sur_l%27%C3%A9lection_pr%C3%A9sidentielle_fran%C3%A7aise_de_2027,primary,2026-10-09T14:35Z,sha256:cf3758803cabeea281b7ad81713f92c70be7f95384a27d18feeddb58d341334c
ifop-2026-09-29-10284,ifop,LCI / Le Figaro / Sud Radio,2026-09-25,2026-09-29,2026-09-30,1527,online,registered,1,S2,tondelier,3.0,https://www.commission-des-sondages.fr/notices/files/notices/2026/septembre/10284-pres-barometre-election-presidentielle-v6-ifop-le-figaro-30-septembre.pdf,https://www.commission-des-sondages.fr/notices/files/notices/2026/septembre/10284-pres-barometre-election-presidentielle-v6-ifop-le-figaro-30-septembre.pdf,https://fr.wikipedia.org/wiki/Liste_de_sondages_sur_l%27%C3%A9lection_pr%C3%A9sidentielle_fran%C3%A7aise_de_2027,primary,2026-10-09T14:35Z,sha256:cf3758803cabeea281b7ad81713f92c70be7f95384a27d18feeddb58d341334c
ifop-2026-09-29-10284,ifop,LCI / Le Figaro / Sud Radio,2026-09-25,2026-09-29,2026-09-30,1527,online,registered,1,S2,zemmour,3.5,https://www.commission-des-sondages.fr/notices/files/notices/2026/septembre/10284-pres-barometre-election-presidentielle-v6-ifop-le-figaro-30-septembre.pdf,https://www.commission-des-sondages.fr/notices/files/notices/2026/septembre/10284-pres-barometre-election-presidentielle-v6-ifop-le-figaro-30-septembre.pdf,https://fr.wikipedia.org/wiki/Liste_de_sondages_sur_l%27%C3%A9lection_pr%C3%A9sidentielle_fran%C3%A7aise_de_2027,primary,2026-10-09T14:35Z,sha256:cf3758803cabeea281b7ad81713f92c70be7f95384a27d18feeddb58d341334c
ifop-2026-09-29-10284,ifop,LCI / Le Figaro / Sud Radio,2026-09-25,2026-09-29,2026-09-30,1527,online,registered,1,S3,arthaud,1.0,https://www.commission-des-sondages.fr/notices/files/notices/2026/septembre/10284-pres-barometre-election-presidentielle-v6-ifop-le-figaro-30-septembre.pdf,https://www.commission-des-sondages.fr/notices/files/notices/2026/septembre/10284-pres-barometre-election-presidentielle-v6-ifop-le-figaro-30-septembre.pdf,https://fr.wikipedia.org/wiki/Liste_de_sondages_sur_l%27%C3%A9lection_pr%C3%A9sidentielle_fran%C3%A7aise_de_2027,primary,2026-10-09T14:35Z,sha256:cf3758803cabeea281b7ad81713f92c70be7f95384a27d18feeddb58d341334c
ifop-2026-09-29-10284,ifop,LCI / Le Figaro / Sud Radio,2026-09-25,2026-09-29,2026-09-30,1527,online,registered,1,S3,attal,15.0,https://www.commission-des-sondages.fr/notices/files/notices/2026/septembre/10284-pres-barometre-election-presidentielle-v6-ifop-le-figaro-30-septembre.pdf,https://www.commission-des-sondages.fr/notices/files/notices/2026/septembre/10284-pres-barometre-election-presidentielle-v6-ifop-le-figaro-30-septembre.pdf,https://fr.wikipedia.org/wiki/Liste_de_sondages_sur_l%27%C3%A9lection_pr%C3%A9sidentielle_fran%C3%A7aise_de_2027,primary,2026-10-09T14:35Z,sha256:cf3758803cabeea281b7ad81713f92c70be7f95384a27d18feeddb58d341334c
ifop-2026-09-29-10284,ifop,LCI / Le Figaro / Sud Radio,2026-09-25,2026-09-29,2026-09-30,1527,online,registered,1,S3,dupont_aignan,2.0,https://www.commission-des-sondages.fr/notices/files/notices/2026/septembre/10284-pres-barometre-election-presidentielle-v6-ifop-le-figaro-30-septembre.pdf,https://www.commission-des-sondages.fr/notices/files/notices/2026/septembre/10284-pres-barometre-election-presidentielle-v6-ifop-le-figaro-30-septembre.pdf,https://fr.wikipedia.org/wiki/Liste_de_sondages_sur_l%27%C3%A9lection_pr%C3%A9sidentielle_fran%C3%A7aise_de_2027,primary,2026-10-09T14:35Z,sha256:cf3758803cabeea281b7ad81713f92c70be7f95384a27d18feeddb58d341334c
ifop-2026-09-29-10284,ifop,LCI / Le Figaro / Sud Radio,2026-09-25,2026-09-29,2026-09-30,1527,online,registered,1,S3,glucksmann,13.0,https://www.commission-des-sondages.fr/notices/files/notices/2026/septembre/10284-pres-barometre-election-presidentielle-v6-ifop-le-figaro-30-septembre.pdf,https://www.commission-des-sondages.fr/notices/files/notices/2026/septembre/10284-pres-barometre-election-presidentielle-v6-ifop-le-figaro-30-septembre.pdf,https://fr.wikipedia.org/wiki/Liste_de_sondages_sur_l%27%C3%A9lection_pr%C3%A9sidentielle_fran%C3%A7aise_de_2027,primary,2026-10-09T14:35Z,sha256:cf3758803cabeea281b7ad81713f92c70be7f95384a27d18feeddb58d341334c
ifop-2026-09-29-10284,ifop,LCI / Le Figaro / Sud Radio,2026-09-25,2026-09-29,2026-09-30,1527,online,registered,1,S3,le_pen,34.0,https://www.commission-des-sondages.fr/notices/files/notices/2026/septembre/10284-pres-barometre-election-presidentielle-v6-ifop-le-figaro-30-septembre.pdf,https://www.commission-des-sondages.fr/notices/files/notices/2026/septembre/10284-pres-barometre-election-presidentielle-v6-ifop-le-figaro-30-septembre.pdf,https://fr.wikipedia.org/wiki/Liste_de_sondages_sur_l%27%C3%A9lection_pr%C3%A9sidentielle_fran%C3%A7aise_de_2027,primary,2026-10-09T14:35Z,sha256:cf3758803cabeea281b7ad81713f92c70be7f95384a27d18feeddb58d341334c
ifop-2026-09-29-10284,ifop,LCI / Le Figaro / Sud Radio,2026-09-25,2026-09-29,2026-09-30,1527,online,registered,1,S3,melenchon,15.0,https://www.commission-des-sondages.fr/notices/files/notices/2026/septembre/10284-pres-barometre-election-presidentielle-v6-ifop-le-figaro-30-septembre.pdf,https://www.commission-des-sondages.fr/notices/files/notices/2026/septembre/10284-pres-barometre-election-presidentielle-v6-ifop-le-figaro-30-septembre.pdf,https://fr.wikipedia.org/wiki/Liste_de_sondages_sur_l%27%C3%A9lection_pr%C3%A9sidentielle_fran%C3%A7aise_de_2027,primary,2026-10-09T14:35Z,sha256:cf3758803cabeea281b7ad81713f92c70be7f95384a27d18feeddb58d341334c
ifop-2026-09-29-10284,ifop,LCI / Le Figaro / Sud Radio,2026-09-25,2026-09-29,2026-09-30,1527,online,registered,1,S3,retailleau,10.0,https://www.commission-des-sondages.fr/notices/files/notices/2026/septembre/10284-pres-barometre-election-presidentielle-v6-ifop-le-figaro-30-septembre.pdf,https://www.commission-des-sondages.fr/notices/files/notices/2026/septembre/10284-pres-barometre-election-presidentielle-v6-ifop-le-figaro-30-septembre.pdf,https://fr.wikipedia.org/wiki/Liste_de_sondages_sur_l%27%C3%A9lection_pr%C3%A9sidentielle_fran%C3%A7aise_de_2027,primary,2026-10-09T14:35Z,sha256:cf3758803cabeea281b7ad81713f92c70be7f95384a27d18feeddb58d341334c
ifop-2026-09-29-10284,ifop,LCI / Le Figaro / Sud Radio,2026-09-25,2026-09-29,2026-09-30,1527,online,registered,1,S3,roussel,2.5,https://www.commission-des-sondages.fr/notices/files/notices/2026/septembre/10284-pres-barometre-election-presidentielle-v6-ifop-le-figaro-30-septembre.pdf,https://www.commission-des-sondages.fr/notices/files/notices/2026/septembre/10284-pres-barometre-election-presidentielle-v6-ifop-le-figaro-30-septembre.pdf,https://fr.wikipedia.org/wiki/Liste_de_sondages_sur_l%27%C3%A9lection_pr%C3%A9sidentielle_fran%C3%A7aise_de_2027,primary,2026-10-09T14:35Z,sha256:cf3758803cabeea281b7ad81713f92c70be7f95384a27d18feeddb58d341334c
ifop-2026-09-29-10284,ifop,LCI / Le Figaro / Sud Radio,2026-09-25,2026-09-29,2026-09-30,1527,online,registered,1,S3,tondelier,4.0,https://www.commission-des-sondages.fr/notices/files/notices/2026/septembre/10284-pres-barometre-election-presidentielle-v6-ifop-le-figaro-30-septembre.pdf,https://www.commission-des-sondages.fr/notices/files/notices/2026/septembre/10284-pres-barometre-election-presidentielle-v6-ifop-le-figaro-30-septembre.pdf,https://fr.wikipedia.org/wiki/Liste_de_sondages_sur_l%27%C3%A9lection_pr%C3%A9sidentielle_fran%C3%A7aise_de_2027,primary,2026-10-09T14:35Z,sha256:cf3758803cabeea281b7ad81713f92c70be7f95384a27d18feeddb58d341334c
ifop-2026-09-29-10284,ifop,LCI / Le Figaro / Sud Radio,2026-09-25,2026-09-29,2026-09-30,1527,online,registered,1,S3,zemmour,3.5,https://www.commission-des-sondages.fr/notices/files/notices/2026/septembre/10284-pres-barometre-election-presidentielle-v6-ifop-le-figaro-30-septembre.pdf,https://www.commission-des-sondages.fr/notices/files/notices/2026/septembre/10284-pres-barometre-election-presidentielle-v6-ifop-le-figaro-30-septembre.pdf,https://fr.wikipedia.org/wiki/Liste_de_sondages_sur_l%27%C3%A9lection_pr%C3%A9sidentielle_fran%C3%A7aise_de_2027,primary,2026-10-09T14:35Z,sha256:cf3758803cabeea281b7ad81713f92c70be7f95384a27d18feeddb58d341334c
ifop-2026-09-29-10284,ifop,LCI / Le Figaro / Sud Radio,2026-09-25,2026-09-29,2026-09-30,1527,online,registered,1,S4,arthaud,1.0,https://www.commission-des-sondages.fr/notices/files/notices/2026/septembre/10284-pres-barometre-election-presidentielle-v6-ifop-le-figaro-30-septembre.pdf,https://www.commission-des-sondages.fr/notices/files/notices/2026/septembre/10284-pres-barometre-election-presidentielle-v6-ifop-le-figaro-30-septembre.pdf,https://fr.wikipedia.org/wiki/Liste_de_sondages_sur_l%27%C3%A9lection_pr%C3%A9sidentielle_fran%C3%A7aise_de_2027,primary,2026-10-09T14:35Z,sha256:cf3758803cabeea281b7ad81713f92c70be7f95384a27d18feeddb58d341334c
ifop-2026-09-29-10284,ifop,LCI / Le Figaro / Sud Radio,2026-09-25,2026-09-29,2026-09-30,1527,online,registered,1,S4,attal,17.0,https://www.commission-des-sondages.fr/notices/files/notices/2026/septembre/10284-pres-barometre-election-presidentielle-v6-ifop-le-figaro-30-septembre.pdf,https://www.commission-des-sondages.fr/notices/files/notices/2026/septembre/10284-pres-barometre-election-presidentielle-v6-ifop-le-figaro-30-septembre.pdf,https://fr.wikipedia.org/wiki/Liste_de_sondages_sur_l%27%C3%A9lection_pr%C3%A9sidentielle_fran%C3%A7aise_de_2027,primary,2026-10-09T14:35Z,sha256:cf3758803cabeea281b7ad81713f92c70be7f95384a27d18feeddb58d341334c
ifop-2026-09-29-10284,ifop,LCI / Le Figaro / Sud Radio,2026-09-25,2026-09-29,2026-09-30,1527,online,registered,1,S4,dupont_aignan,1.0,https://www.commission-des-sondages.fr/notices/files/notices/2026/septembre/10284-pres-barometre-election-presidentielle-v6-ifop-le-figaro-30-septembre.pdf,https://www.commission-des-sondages.fr/notices/files/notices/2026/septembre/10284-pres-barometre-election-presidentielle-v6-ifop-le-figaro-30-septembre.pdf,https://fr.wikipedia.org/wiki/Liste_de_sondages_sur_l%27%C3%A9lection_pr%C3%A9sidentielle_fran%C3%A7aise_de_2027,primary,2026-10-09T14:35Z,sha256:cf3758803cabeea281b7ad81713f92c70be7f95384a27d18feeddb58d341334c
ifop-2026-09-29-10284,ifop,LCI / Le Figaro / Sud Radio,2026-09-25,2026-09-29,2026-09-30,1527,online,registered,1,S4,faure,4.0,https://www.commission-des-sondages.fr/notices/files/notices/2026/septembre/10284-pres-barometre-election-presidentielle-v6-ifop-le-figaro-30-septembre.pdf,https://www.commission-des-sondages.fr/notices/files/notices/2026/septembre/10284-pres-barometre-election-presidentielle-v6-ifop-le-figaro-30-septembre.pdf,https://fr.wikipedia.org/wiki/Liste_de_sondages_sur_l%27%C3%A9lection_pr%C3%A9sidentielle_fran%C3%A7aise_de_2027,primary,2026-10-09T14:35Z,sha256:cf3758803cabeea281b7ad81713f92c70be7f95384a27d18feeddb58d341334c
ifop-2026-09-29-10284,ifop,LCI / Le Figaro / Sud Radio,2026-09-25,2026-09-29,2026-09-30,1527,online,registered,1,S4,le_pen,36.0,https://www.commission-des-sondages.fr/notices/files/notices/2026/septembre/10284-pres-barometre-election-presidentielle-v6-ifop-le-figaro-30-septembre.pdf,https://www.commission-des-sondages.fr/notices/files/notices/2026/septembre/10284-pres-barometre-election-presidentielle-v6-ifop-le-figaro-30-septembre.pdf,https://fr.wikipedia.org/wiki/Liste_de_sondages_sur_l%27%C3%A9lection_pr%C3%A9sidentielle_fran%C3%A7aise_de_2027,primary,2026-10-09T14:35Z,sha256:cf3758803cabeea281b7ad81713f92c70be7f95384a27d18feeddb58d341334c
ifop-2026-09-29-10284,ifop,LCI / Le Figaro / Sud Radio,2026-09-25,2026-09-29,2026-09-30,1527,online,registered,1,S4,melenchon,17.0,https://www.commission-des-sondages.fr/notices/files/notices/2026/septembre/10284-pres-barometre-election-presidentielle-v6-ifop-le-figaro-30-septembre.pdf,https://www.commission-des-sondages.fr/notices/files/notices/2026/septembre/10284-pres-barometre-election-presidentielle-v6-ifop-le-figaro-30-septembre.pdf,https://fr.wikipedia.org/wiki/Liste_de_sondages_sur_l%27%C3%A9lection_pr%C3%A9sidentielle_fran%C3%A7aise_de_2027,primary,2026-10-09T14:35Z,sha256:cf3758803cabeea281b7ad81713f92c70be7f95384a27d18feeddb58d341334c
ifop-2026-09-29-10284,ifop,LCI / Le Figaro / Sud Radio,2026-09-25,2026-09-29,2026-09-30,1527,online,registered,1,S4,retailleau,11.0,https://www.commission-des-sondages.fr/notices/files/notices/2026/septembre/10284-pres-barometre-election-presidentielle-v6-ifop-le-figaro-30-septembre.pdf,https://www.commission-des-sondages.fr/notices/files/notices/2026/septembre/10284-pres-barometre-election-presidentielle-v6-ifop-le-figaro-30-septembre.pdf,https://fr.wikipedia.org/wiki/Liste_de_sondages_sur_l%27%C3%A9lection_pr%C3%A9sidentielle_fran%C3%A7aise_de_2027,primary,2026-10-09T14:35Z,sha256:cf3758803cabeea281b7ad81713f92c70be7f95384a27d18feeddb58d341334c
ifop-2026-09-29-10284,ifop,LCI / Le Figaro / Sud Radio,2026-09-25,2026-09-29,2026-09-30,1527,online,registered,1,S4,roussel,3.0,https://www.commission-des-sondages.fr/notices/files/notices/2026/septembre/10284-pres-barometre-election-presidentielle-v6-ifop-le-figaro-30-septembre.pdf,https://www.commission-des-sondages.fr/notices/files/notices/2026/septembre/10284-pres-barometre-election-presidentielle-v6-ifop-le-figaro-30-septembre.pdf,https://fr.wikipedia.org/wiki/Liste_de_sondages_sur_l%27%C3%A9lection_pr%C3%A9sidentielle_fran%C3%A7aise_de_2027,primary,2026-10-09T14:35Z,sha256:cf3758803cabeea281b7ad81713f92c70be7f95384a27d18feeddb58d341334c
ifop-2026-09-29-10284,ifop,LCI / Le Figaro / Sud Radio,2026-09-25,2026-09-29,2026-09-30,1527,online,registered,1,S4,tondelier,5.5,https://www.commission-des-sondages.fr/notices/files/notices/2026/septembre/10284-pres-barometre-election-presidentielle-v6-ifop-le-figaro-30-septembre.pdf,https://www.commission-des-sondages.fr/notices/files/notices/2026/septembre/10284-pres-barometre-election-presidentielle-v6-ifop-le-figaro-30-septembre.pdf,https://fr.wikipedia.org/wiki/Liste_de_sondages_sur_l%27%C3%A9lection_pr%C3%A9sidentielle_fran%C3%A7aise_de_2027,primary,2026-10-09T14:35Z,sha256:cf3758803cabeea281b7ad81713f92c70be7f95384a27d18feeddb58d341334c
ifop-2026-09-29-10284,ifop,LCI / Le Figaro / Sud Radio,2026-09-25,2026-09-29,2026-09-30,1527,online,registered,1,S4,zemmour,4.5,https://www.commission-des-sondages.fr/notices/files/notices/2026/septembre/10284-pres-barometre-election-presidentielle-v6-ifop-le-figaro-30-septembre.pdf,https://www.commission-des-sondages.fr/notices/files/notices/2026/septembre/10284-pres-barometre-election-presidentielle-v6-ifop-le-figaro-30-septembre.pdf,https://fr.wikipedia.org/wiki/Liste_de_sondages_sur_l%27%C3%A9lection_pr%C3%A9sidentielle_fran%C3%A7aise_de_2027,primary,2026-10-09T14:35Z,sha256:cf3758803cabeea281b7ad81713f92c70be7f95384a27d18feeddb58d341334c
ifop-2026-09-29-10284,ifop,LCI / Le Figaro / Sud Radio,2026-09-25,2026-09-29,2026-09-30,1527,online,registered,1,S5,arthaud,1.0,https://www.commission-des-sondages.fr/notices/files/notices/2026/septembre/10284-pres-barometre-election-presidentielle-v6-ifop-le-figaro-30-septembre.pdf,https://www.commission-des-sondages.fr/notices/files/notices/2026/septembre/10284-pres-barometre-election-presidentielle-v6-ifop-le-figaro-30-septembre.pdf,https://fr.wikipedia.org/wiki/Liste_de_sondages_sur_l%27%C3%A9lection_pr%C3%A9sidentielle_fran%C3%A7aise_de_2027,primary,2026-10-09T14:35Z,sha256:cf3758803cabeea281b7ad81713f92c70be7f95384a27d18feeddb58d341334c
ifop-2026-09-29-10284,ifop,LCI / Le Figaro / Sud Radio,2026-09-25,2026-09-29,2026-09-30,1527,online,registered,1,S5,dupont_aignan,1.5,https://www.commission-des-sondages.fr/notices/files/notices/2026/septembre/10284-pres-barometre-election-presidentielle-v6-ifop-le-figaro-30-septembre.pdf,https://www.commission-des-sondages.fr/notices/files/notices/2026/septembre/10284-pres-barometre-election-presidentielle-v6-ifop-le-figaro-30-septembre.pdf,https://fr.wikipedia.org/wiki/Liste_de_sondages_sur_l%27%C3%A9lection_pr%C3%A9sidentielle_fran%C3%A7aise_de_2027,primary,2026-10-09T14:35Z,sha256:cf3758803cabeea281b7ad81713f92c70be7f95384a27d18feeddb58d341334c
ifop-2026-09-29-10284,ifop,LCI / Le Figaro / Sud Radio,2026-09-25,2026-09-29,2026-09-30,1527,online,registered,1,S5,faure,3.0,https://www.commission-des-sondages.fr/notices/files/notices/2026/septembre/10284-pres-barometre-election-presidentielle-v6-ifop-le-figaro-30-septembre.pdf,https://www.commission-des-sondages.fr/notices/files/notices/2026/septembre/10284-pres-barometre-election-presidentielle-v6-ifop-le-figaro-30-septembre.pdf,https://fr.wikipedia.org/wiki/Liste_de_sondages_sur_l%27%C3%A9lection_pr%C3%A9sidentielle_fran%C3%A7aise_de_2027,primary,2026-10-09T14:35Z,sha256:cf3758803cabeea281b7ad81713f92c70be7f95384a27d18feeddb58d341334c
ifop-2026-09-29-10284,ifop,LCI / Le Figaro / Sud Radio,2026-09-25,2026-09-29,2026-09-30,1527,online,registered,1,S5,le_pen,35.0,https://www.commission-des-sondages.fr/notices/files/notices/2026/septembre/10284-pres-barometre-election-presidentielle-v6-ifop-le-figaro-30-septembre.pdf,https://www.commission-des-sondages.fr/notices/files/notices/2026/septembre/10284-pres-barometre-election-presidentielle-v6-ifop-le-figaro-30-septembre.pdf,https://fr.wikipedia.org/wiki/Liste_de_sondages_sur_l%27%C3%A9lection_pr%C3%A9sidentielle_fran%C3%A7aise_de_2027,primary,2026-10-09T14:35Z,sha256:cf3758803cabeea281b7ad81713f92c70be7f95384a27d18feeddb58d341334c
ifop-2026-09-29-10284,ifop,LCI / Le Figaro / Sud Radio,2026-09-25,2026-09-29,2026-09-30,1527,online,registered,1,S5,melenchon,16.0,https://www.commission-des-sondages.fr/notices/files/notices/2026/septembre/10284-pres-barometre-election-presidentielle-v6-ifop-le-figaro-30-septembre.pdf,https://www.commission-des-sondages.fr/notices/files/notices/2026/septembre/10284-pres-barometre-election-presidentielle-v6-ifop-le-figaro-30-septembre.pdf,https://fr.wikipedia.org/wiki/Liste_de_sondages_sur_l%27%C3%A9lection_pr%C3%A9sidentielle_fran%C3%A7aise_de_2027,primary,2026-10-09T14:35Z,sha256:cf3758803cabeea281b7ad81713f92c70be7f95384a27d18feeddb58d341334c
ifop-2026-09-29-10284,ifop,LCI / Le Figaro / Sud Radio,2026-09-25,2026-09-29,2026-09-30,1527,online,registered,1,S5,philippe,23.0,https://www.commission-des-sondages.fr/notices/files/notices/2026/septembre/10284-pres-barometre-election-presidentielle-v6-ifop-le-figaro-30-septembre.pdf,https://www.commission-des-sondages.fr/notices/files/notices/2026/septembre/10284-pres-barometre-election-presidentielle-v6-ifop-le-figaro-30-septembre.pdf,https://fr.wikipedia.org/wiki/Liste_de_sondages_sur_l%27%C3%A9lection_pr%C3%A9sidentielle_fran%C3%A7aise_de_2027,primary,2026-10-09T14:35Z,sha256:cf3758803cabeea281b7ad81713f92c70be7f95384a27d18feeddb58d341334c
ifop-2026-09-29-10284,ifop,LCI / Le Figaro / Sud Radio,2026-09-25,2026-09-29,2026-09-30,1527,online,registered,1,S5,retailleau,8.0,https://www.commission-des-sondages.fr/notices/files/notices/2026/septembre/10284-pres-barometre-election-presidentielle-v6-ifop-le-figaro-30-septembre.pdf,https://www.commission-des-sondages.fr/notices/files/notices/2026/septembre/10284-pres-barometre-election-presidentielle-v6-ifop-le-figaro-30-septembre.pdf,https://fr.wikipedia.org/wiki/Liste_de_sondages_sur_l%27%C3%A9lection_pr%C3%A9sidentielle_fran%C3%A7aise_de_2027,primary,2026-10-09T14:35Z,sha256:cf3758803cabeea281b7ad81713f92c70be7f95384a27d18feeddb58d341334c
ifop-2026-09-29-10284,ifop,LCI / Le Figaro / Sud Radio,2026-09-25,2026-09-29,2026-09-30,1527,online,registered,1,S5,roussel,3.5,https://www.commission-des-sondages.fr/notices/files/notices/2026/septembre/10284-pres-barometre-election-presidentielle-v6-ifop-le-figaro-30-septembre.pdf,https://www.commission-des-sondages.fr/notices/files/notices/2026/septembre/10284-pres-barometre-election-presidentielle-v6-ifop-le-figaro-30-septembre.pdf,https://fr.wikipedia.org/wiki/Liste_de_sondages_sur_l%27%C3%A9lection_pr%C3%A9sidentielle_fran%C3%A7aise_de_2027,primary,2026-10-09T14:35Z,sha256:cf3758803cabeea281b7ad81713f92c70be7f95384a27d18feeddb58d341334c
ifop-2026-09-29-10284,ifop,LCI / Le Figaro / Sud Radio,2026-09-25,2026-09-29,2026-09-30,1527,online,registered,1,S5,tondelier,5.0,https://www.commission-des-sondages.fr/notices/files/notices/2026/septembre/10284-pres-barometre-election-presidentielle-v6-ifop-le-figaro-30-septembre.pdf,https://www.commission-des-sondages.fr/notices/files/notices/2026/septembre/10284-pres-barometre-election-presidentielle-v6-ifop-le-figaro-30-septembre.pdf,https://fr.wikipedia.org/wiki/Liste_de_sondages_sur_l%27%C3%A9lection_pr%C3%A9sidentielle_fran%C3%A7aise_de_2027,primary,2026-10-09T14:35Z,sha256:cf3758803cabeea281b7ad81713f92c70be7f95384a27d18feeddb58d341334c
ifop-2026-09-29-10284,ifop,LCI / Le Figaro / Sud Radio,2026-09-25,2026-09-29,2026-09-30,1527,online,registered,1,S5,zemmour,4.0,https://www.commission-des-sondages.fr/notices/files/notices/2026/septembre/10284-pres-barometre-election-presidentielle-v6-ifop-le-figaro-30-septembre.pdf,https://www.commission-des-sondages.fr/notices/files/notices/2026/septembre/10284-pres-barometre-election-presidentielle-v6-ifop-le-figaro-30-septembre.pdf,https://fr.wikipedia.org/wiki/Liste_de_sondages_sur_l%27%C3%A9lection_pr%C3%A9sidentielle_fran%C3%A7aise_de_2027,primary,2026-10-09T14:35Z,sha256:cf3758803cabeea281b7ad81713f92c70be7f95384a27d18feeddb58d341334c
ifop-2026-09-29-10284,ifop,LCI / Le Figaro / Sud Radio,2026-09-25,2026-09-29,2026-09-30,1527,online,registered,1,S6,arthaud,0.5,https://www.commission-des-sondages.fr/notices/files/notices/2026/septembre/10284-pres-barometre-election-presidentielle-v6-ifop-le-figaro-30-septembre.pdf,https://www.commission-des-sondages.fr/notices/files/notices/2026/septembre/10284-pres-barometre-election-presidentielle-v6-ifop-le-figaro-30-septembre.pdf,https://fr.wikipedia.org/wiki/Liste_de_sondages_sur_l%27%C3%A9lection_pr%C3%A9sidentielle_fran%C3%A7aise_de_2027,primary,2026-10-09T14:35Z,sha256:cf3758803cabeea281b7ad81713f92c70be7f95384a27d18feeddb58d341334c
ifop-2026-09-29-10284,ifop,LCI / Le Figaro / Sud Radio,2026-09-25,2026-09-29,2026-09-30,1527,online,registered,1,S6,dupont_aignan,1.5,https://www.commission-des-sondages.fr/notices/files/notices/2026/septembre/10284-pres-barometre-election-presidentielle-v6-ifop-le-figaro-30-septembre.pdf,https://www.commission-des-sondages.fr/notices/files/notices/2026/septembre/10284-pres-barometre-election-presidentielle-v6-ifop-le-figaro-30-septembre.pdf,https://fr.wikipedia.org/wiki/Liste_de_sondages_sur_l%27%C3%A9lection_pr%C3%A9sidentielle_fran%C3%A7aise_de_2027,primary,2026-10-09T14:35Z,sha256:cf3758803cabeea281b7ad81713f92c70be7f95384a27d18feeddb58d341334c
ifop-2026-09-29-10284,ifop,LCI / Le Figaro / Sud Radio,2026-09-25,2026-09-29,2026-09-30,1527,online,registered,1,S6,le_pen,35.0,https://www.commission-des-sondages.fr/notices/files/notices/2026/septembre/10284-pres-barometre-election-presidentielle-v6-ifop-le-figaro-30-septembre.pdf,https://www.commission-des-sondages.fr/notices/files/notices/2026/septembre/10284-pres-barometre-election-presidentielle-v6-ifop-le-figaro-30-septembre.pdf,https://fr.wikipedia.org/wiki/Liste_de_sondages_sur_l%27%C3%A9lection_pr%C3%A9sidentielle_fran%C3%A7aise_de_2027,primary,2026-10-09T14:35Z,sha256:cf3758803cabeea281b7ad81713f92c70be7f95384a27d18feeddb58d341334c
ifop-2026-09-29-10284,ifop,LCI / Le Figaro / Sud Radio,2026-09-25,2026-09-29,2026-09-30,1527,online,registered,1,S6,melenchon,15.0,https://www.commission-des-sondages.fr/notices/files/notices/2026/septembre/10284-pres-barometre-election-presidentielle-v6-ifop-le-figaro-30-septembre.pdf,https://www.commission-des-sondages.fr/notices/files/notices/2026/septembre/10284-pres-barometre-election-presidentielle-v6-ifop-le-figaro-30-septembre.pdf,https://fr.wikipedia.org/wiki/Liste_de_sondages_sur_l%27%C3%A9lection_pr%C3%A9sidentielle_fran%C3%A7aise_de_2027,primary,2026-10-09T14:35Z,sha256:cf3758803cabeea281b7ad81713f92c70be7f95384a27d18feeddb58d341334c
ifop-2026-09-29-10284,ifop,LCI / Le Figaro / Sud Radio,2026-09-25,2026-09-29,2026-09-30,1527,online,registered,1,S6,philippe,24.0,https://www.commission-des-sondages.fr/notices/files/notices/2026/septembre/10284-pres-barometre-election-presidentielle-v6-ifop-le-figaro-30-septembre.pdf,https://www.commission-des-sondages.fr/notices/files/notices/2026/septembre/10284-pres-barometre-election-presidentielle-v6-ifop-le-figaro-30-septembre.pdf,https://fr.wikipedia.org/wiki/Liste_de_sondages_sur_l%27%C3%A9lection_pr%C3%A9sidentielle_fran%C3%A7aise_de_2027,primary,2026-10-09T14:35Z,sha256:cf3758803cabeea281b7ad81713f92c70be7f95384a27d18feeddb58d341334c
ifop-2026-09-29-10284,ifop,LCI / Le Figaro / Sud Radio,2026-09-25,2026-09-29,2026-09-30,1527,online,registered,1,S6,retailleau,8.0,https://www.commission-des-sondages.fr/notices/files/notices/2026/septembre/10284-pres-barometre-election-presidentielle-v6-ifop-le-figaro-30-septembre.pdf,https://www.commission-des-sondages.fr/notices/files/notices/2026/septembre/10284-pres-barometre-election-presidentielle-v6-ifop-le-figaro-30-septembre.pdf,https://fr.wikipedia.org/wiki/Liste_de_sondages_sur_l%27%C3%A9lection_pr%C3%A9sidentielle_fran%C3%A7aise_de_2027,primary,2026-10-09T14:35Z,sha256:cf3758803cabeea281b7ad81713f92c70be7f95384a27d18feeddb58d341334c
ifop-2026-09-29-10284,ifop,LCI / Le Figaro / Sud Radio,2026-09-25,2026-09-29,2026-09-30,1527,online,registered,1,S6,roussel,3.0,https://www.commission-des-sondages.fr/notices/files/notices/2026/septembre/10284-pres-barometre-election-presidentielle-v6-ifop-le-figaro-30-septembre.pdf,https://www.commission-des-sondages.fr/notices/files/notices/2026/septembre/10284-pres-barometre-election-presidentielle-v6-ifop-le-figaro-30-septembre.pdf,https://fr.wikipedia.org/wiki/Liste_de_sondages_sur_l%27%C3%A9lection_pr%C3%A9sidentielle_fran%C3%A7aise_de_2027,primary,2026-10-09T14:35Z,sha256:cf3758803cabeea281b7ad81713f92c70be7f95384a27d18feeddb58d341334c
ifop-2026-09-29-10284,ifop,LCI / Le Figaro / Sud Radio,2026-09-25,2026-09-29,2026-09-30,1527,online,registered,1,S6,royal,3.0,https://www.commission-des-sondages.fr/notices/files/notices/2026/septembre/10284-pres-barometre-election-presidentielle-v6-ifop-le-figaro-30-septembre.pdf,https://www.commission-des-sondages.fr/notices/files/notices/2026/septembre/10284-pres-barometre-election-presidentielle-v6-ifop-le-figaro-30-septembre.pdf,https://fr.wikipedia.org/wiki/Liste_de_sondages_sur_l%27%C3%A9lection_pr%C3%A9sidentielle_fran%C3%A7aise_de_2027,primary,2026-10-09T14:35Z,sha256:cf3758803cabeea281b7ad81713f92c70be7f95384a27d18feeddb58d341334c
ifop-2026-09-29-10284,ifop,LCI / Le Figaro / Sud Radio,2026-09-25,2026-09-29,2026-09-30,1527,online,registered,1,S6,tondelier,6.0,https://www.commission-des-sondages.fr/notices/files/notices/2026/septembre/10284-pres-barometre-election-presidentielle-v6-ifop-le-figaro-30-septembre.pdf,https://www.commission-des-sondages.fr/notices/files/notices/2026/septembre/10284-pres-barometre-election-presidentielle-v6-ifop-le-figaro-30-septembre.pdf,https://fr.wikipedia.org/wiki/Liste_de_sondages_sur_l%27%C3%A9lection_pr%C3%A9sidentielle_fran%C3%A7aise_de_2027,primary,2026-10-09T14:35Z,sha256:cf3758803cabeea281b7ad81713f92c70be7f95384a27d18feeddb58d341334c
ifop-2026-09-29-10284,ifop,LCI / Le Figaro / Sud Radio,2026-09-25,2026-09-29,2026-09-30,1527,online,registered,1,S6,zemmour,4.0,https://www.commission-des-sondages.fr/notices/files/notices/2026/septembre/10284-pres-barometre-election-presidentielle-v6-ifop-le-figaro-30-septembre.pdf,https://www.commission-des-sondages.fr/notices/files/notices/2026/septembre/10284-pres-barometre-election-presidentielle-v6-ifop-le-figaro-30-septembre.pdf,https://fr.wikipedia.org/wiki/Liste_de_sondages_sur_l%27%C3%A9lection_pr%C3%A9sidentielle_fran%C3%A7aise_de_2027,primary,2026-10-09T14:35Z,sha256:cf3758803cabeea281b7ad81713f92c70be7f95384a27d18feeddb58d341334c
ifop-2026-09-29-10284,ifop,LCI / Le Figaro / Sud Radio,2026-09-25,2026-09-29,2026-09-30,1527,online,registered,1,S7,arthaud,1.0,https://www.commission-des-sondages.fr/notices/files/notices/2026/septembre/10284-pres-barometre-election-presidentielle-v6-ifop-le-figaro-30-septembre.pdf,https://www.commission-des-sondages.fr/notices/files/notices/2026/septembre/10284-pres-barometre-election-presidentielle-v6-ifop-le-figaro-30-septembre.pdf,https://fr.wikipedia.org/wiki/Liste_de_sondages_sur_l%27%C3%A9lection_pr%C3%A9sidentielle_fran%C3%A7aise_de_2027,primary,2026-10-09T14:35Z,sha256:cf3758803cabeea281b7ad81713f92c70be7f95384a27d18feeddb58d341334c
ifop-2026-09-29-10284,ifop,LCI / Le Figaro / Sud Radio,2026-09-25,2026-09-29,2026-09-30,1527,online,registered,1,S7,dupont_aignan,1.0,https://www.commission-des-sondages.fr/notices/files/notices/2026/septembre/10284-pres-barometre-election-presidentielle-v6-ifop-le-figaro-30-septembre.pdf,https://www.commission-des-sondages.fr/notices/files/notices/2026/septembre/10284-pres-barometre-election-presidentielle-v6-ifop-le-figaro-30-septembre.pdf,https://fr.wikipedia.org/wiki/Liste_de_sondages_sur_l%27%C3%A9lection_pr%C3%A9sidentielle_fran%C3%A7aise_de_2027,primary,2026-10-09T14:35Z,sha256:cf3758803cabeea281b7ad81713f92c70be7f95384a27d18feeddb58d341334c
ifop-2026-09-29-10284,ifop,LCI / Le Figaro / Sud Radio,2026-09-25,2026-09-29,2026-09-30,1527,online,registered,1,S7,guedj,3.0,https://www.commission-des-sondages.fr/notices/files/notices/2026/septembre/10284-pres-barometre-election-presidentielle-v6-ifop-le-figaro-30-septembre.pdf,https://www.commission-des-sondages.fr/notices/files/notices/2026/septembre/10284-pres-barometre-election-presidentielle-v6-ifop-le-figaro-30-septembre.pdf,https://fr.wikipedia.org/wiki/Liste_de_sondages_sur_l%27%C3%A9lection_pr%C3%A9sidentielle_fran%C3%A7aise_de_2027,primary,2026-10-09T14:35Z,sha256:cf3758803cabeea281b7ad81713f92c70be7f95384a27d18feeddb58d341334c
ifop-2026-09-29-10284,ifop,LCI / Le Figaro / Sud Radio,2026-09-25,2026-09-29,2026-09-30,1527,online,registered,1,S7,le_pen,35.0,https://www.commission-des-sondages.fr/notices/files/notices/2026/septembre/10284-pres-barometre-election-presidentielle-v6-ifop-le-figaro-30-septembre.pdf,https://www.commission-des-sondages.fr/notices/files/notices/2026/septembre/10284-pres-barometre-election-presidentielle-v6-ifop-le-figaro-30-septembre.pdf,https://fr.wikipedia.org/wiki/Liste_de_sondages_sur_l%27%C3%A9lection_pr%C3%A9sidentielle_fran%C3%A7aise_de_2027,primary,2026-10-09T14:35Z,sha256:cf3758803cabeea281b7ad81713f92c70be7f95384a27d18feeddb58d341334c
ifop-2026-09-29-10284,ifop,LCI / Le Figaro / Sud Radio,2026-09-25,2026-09-29,2026-09-30,1527,online,registered,1,S7,melenchon,17.0,https://www.commission-des-sondages.fr/notices/files/notices/2026/septembre/10284-pres-barometre-election-presidentielle-v6-ifop-le-figaro-30-septembre.pdf,https://www.commission-des-sondages.fr/notices/files/notices/2026/septembre/10284-pres-barometre-election-presidentielle-v6-ifop-le-figaro-30-septembre.pdf,https://fr.wikipedia.org/wiki/Liste_de_sondages_sur_l%27%C3%A9lection_pr%C3%A9sidentielle_fran%C3%A7aise_de_2027,primary,2026-10-09T14:35Z,sha256:cf3758803cabeea281b7ad81713f92c70be7f95384a27d18feeddb58d341334c
ifop-2026-09-29-10284,ifop,LCI / Le Figaro / Sud Radio,2026-09-25,2026-09-29,2026-09-30,1527,online,registered,1,S7,philippe,23.0,https://www.commission-des-sondages.fr/notices/files/notices/2026/septembre/10284-pres-barometre-election-presidentielle-v6-ifop-le-figaro-30-septembre.pdf,https://www.commission-des-sondages.fr/notices/files/notices/2026/septembre/10284-pres-barometre-election-presidentielle-v6-ifop-le-figaro-30-septembre.pdf,https://fr.wikipedia.org/wiki/Liste_de_sondages_sur_l%27%C3%A9lection_pr%C3%A9sidentielle_fran%C3%A7aise_de_2027,primary,2026-10-09T14:35Z,sha256:cf3758803cabeea281b7ad81713f92c70be7f95384a27d18feeddb58d341334c
ifop-2026-09-29-10284,ifop,LCI / Le Figaro / Sud Radio,2026-09-25,2026-09-29,2026-09-30,1527,online,registered,1,S7,retailleau,8.0,https://www.commission-des-sondages.fr/notices/files/notices/2026/septembre/10284-pres-barometre-election-presidentielle-v6-ifop-le-figaro-30-septembre.pdf,https://www.commission-des-sondages.fr/notices/files/notices/2026/septembre/10284-pres-barometre-election-presidentielle-v6-ifop-le-figaro-30-septembre.pdf,https://fr.wikipedia.org/wiki/Liste_de_sondages_sur_l%27%C3%A9lection_pr%C3%A9sidentielle_fran%C3%A7aise_de_2027,primary,2026-10-09T14:35Z,sha256:cf3758803cabeea281b7ad81713f92c70be7f95384a27d18feeddb58d341334c
ifop-2026-09-29-10284,ifop,LCI / Le Figaro / Sud Radio,2026-09-25,2026-09-29,2026-09-30,1527,online,registered,1,S7,roussel,3.5,https://www.commission-des-sondages.fr/notices/files/notices/2026/septembre/10284-pres-barometre-election-presidentielle-v6-ifop-le-figaro-30-septembre.pdf,https://www.commission-des-sondages.fr/notices/files/notices/2026/septembre/10284-pres-barometre-election-presidentielle-v6-ifop-le-figaro-30-septembre.pdf,https://fr.wikipedia.org/wiki/Liste_de_sondages_sur_l%27%C3%A9lection_pr%C3%A9sidentielle_fran%C3%A7aise_de_2027,primary,2026-10-09T14:35Z,sha256:cf3758803cabeea281b7ad81713f92c70be7f95384a27d18feeddb58d341334c
ifop-2026-09-29-10284,ifop,LCI / Le Figaro / Sud Radio,2026-09-25,2026-09-29,2026-09-30,1527,online,registered,1,S7,tondelier,5.5,https://www.commission-des-sondages.fr/notices/files/notices/2026/septembre/10284-pres-barometre-election-presidentielle-v6-ifop-le-figaro-30-septembre.pdf,https://www.commission-des-sondages.fr/notices/files/notices/2026/septembre/10284-pres-barometre-election-presidentielle-v6-ifop-le-figaro-30-septembre.pdf,https://fr.wikipedia.org/wiki/Liste_de_sondages_sur_l%27%C3%A9lection_pr%C3%A9sidentielle_fran%C3%A7aise_de_2027,primary,2026-10-09T14:35Z,sha256:cf3758803cabeea281b7ad81713f92c70be7f95384a27d18feeddb58d341334c
ifop-2026-09-29-10284,ifop,LCI / Le Figaro / Sud Radio,2026-09-25,2026-09-29,2026-09-30,1527,online,registered,1,S7,zemmour,3.0,https://www.commission-des-sondages.fr/notices/files/notices/2026/septembre/10284-pres-barometre-election-presidentielle-v6-ifop-le-figaro-30-septembre.pdf,https://www.commission-des-sondages.fr/notices/files/notices/2026/septembre/10284-pres-barometre-election-presidentielle-v6-ifop-le-figaro-30-septembre.pdf,https://fr.wikipedia.org/wiki/Liste_de_sondages_sur_l%27%C3%A9lection_pr%C3%A9sidentielle_fran%C3%A7aise_de_2027,primary,2026-10-09T14:35Z,sha256:cf3758803cabeea281b7ad81713f92c70be7f95384a27d18feeddb58d341334c
ifop-2026-09-29-10284,ifop,LCI / Le Figaro / Sud Radio,2026-09-25,2026-09-29,2026-09-30,1527,online,registered,1,S8,arthaud,1.0,https://www.commission-des-sondages.fr/notices/files/notices/2026/septembre/10284-pres-barometre-election-presidentielle-v6-ifop-le-figaro-30-septembre.pdf,https://www.commission-des-sondages.fr/notices/files/notices/2026/septembre/10284-pres-barometre-election-presidentielle-v6-ifop-le-figaro-30-septembre.pdf,https://fr.wikipedia.org/wiki/Liste_de_sondages_sur_l%27%C3%A9lection_pr%C3%A9sidentielle_fran%C3%A7aise_de_2027,primary,2026-10-09T14:35Z,sha256:cf3758803cabeea281b7ad81713f92c70be7f95384a27d18feeddb58d341334c
ifop-2026-09-29-10284,ifop,LCI / Le Figaro / Sud Radio,2026-09-25,2026-09-29,2026-09-30,1527,online,registered,1,S8,dupont_aignan,1.5,https://www.commission-des-sondages.fr/notices/files/notices/2026/septembre/10284-pres-barometre-election-presidentielle-v6-ifop-le-figaro-30-septembre.pdf,https://www.commission-des-sondages.fr/notices/files/notices/2026/septembre/10284-pres-barometre-election-presidentielle-v6-ifop-le-figaro-30-septembre.pdf,https://fr.wikipedia.org/wiki/Liste_de_sondages_sur_l%27%C3%A9lection_pr%C3%A9sidentielle_fran%C3%A7aise_de_2027,primary,2026-10-09T14:35Z,sha256:cf3758803cabeea281b7ad81713f92c70be7f95384a27d18feeddb58d341334c
ifop-2026-09-29-10284,ifop,LCI / Le Figaro / Sud Radio,2026-09-25,2026-09-29,2026-09-30,1527,online,registered,1,S8,le_pen,35.0,https://www.commission-des-sondages.fr/notices/files/notices/2026/septembre/10284-pres-barometre-election-presidentielle-v6-ifop-le-figaro-30-septembre.pdf,https://www.commission-des-sondages.fr/notices/files/notices/2026/septembre/10284-pres-barometre-election-presidentielle-v6-ifop-le-figaro-30-septembre.pdf,https://fr.wikipedia.org/wiki/Liste_de_sondages_sur_l%27%C3%A9lection_pr%C3%A9sidentielle_fran%C3%A7aise_de_2027,primary,2026-10-09T14:35Z,sha256:cf3758803cabeea281b7ad81713f92c70be7f95384a27d18feeddb58d341334c
ifop-2026-09-29-10284,ifop,LCI / Le Figaro / Sud Radio,2026-09-25,2026-09-29,2026-09-30,1527,online,registered,1,S8,maurel,1.0,https://www.commission-des-sondages.fr/notices/files/notices/2026/septembre/10284-pres-barometre-election-presidentielle-v6-ifop-le-figaro-30-septembre.pdf,https://www.commission-des-sondages.fr/notices/files/notices/2026/septembre/10284-pres-barometre-election-presidentielle-v6-ifop-le-figaro-30-septembre.pdf,https://fr.wikipedia.org/wiki/Liste_de_sondages_sur_l%27%C3%A9lection_pr%C3%A9sidentielle_fran%C3%A7aise_de_2027,primary,2026-10-09T14:35Z,sha256:cf3758803cabeea281b7ad81713f92c70be7f95384a27d18feeddb58d341334c
ifop-2026-09-29-10284,ifop,LCI / Le Figaro / Sud Radio,2026-09-25,2026-09-29,2026-09-30,1527,online,registered,1,S8,melenchon,17.0,https://www.commission-des-sondages.fr/notices/files/notices/2026/septembre/10284-pres-barometre-election-presidentielle-v6-ifop-le-figaro-30-septembre.pdf,https://www.commission-des-sondages.fr/notices/files/notices/2026/septembre/10284-pres-barometre-election-presidentielle-v6-ifop-le-figaro-30-septembre.pdf,https://fr.wikipedia.org/wiki/Liste_de_sondages_sur_l%27%C3%A9lection_pr%C3%A9sidentielle_fran%C3%A7aise_de_2027,primary,2026-10-09T14:35Z,sha256:cf3758803cabeea281b7ad81713f92c70be7f95384a27d18feeddb58d341334c
ifop-2026-09-29-10284,ifop,LCI / Le Figaro / Sud Radio,2026-09-25,2026-09-29,2026-09-30,1527,online,registered,1,S8,philippe,23.0,https://www.commission-des-sondages.fr/notices/files/notices/2026/septembre/10284-pres-barometre-election-presidentielle-v6-ifop-le-figaro-30-septembre.pdf,https://www.commission-des-sondages.fr/notices/files/notices/2026/septembre/10284-pres-barometre-election-presidentielle-v6-ifop-le-figaro-30-septembre.pdf,https://fr.wikipedia.org/wiki/Liste_de_sondages_sur_l%27%C3%A9lection_pr%C3%A9sidentielle_fran%C3%A7aise_de_2027,primary,2026-10-09T14:35Z,sha256:cf3758803cabeea281b7ad81713f92c70be7f95384a27d18feeddb58d341334c
ifop-2026-09-29-10284,ifop,LCI / Le Figaro / Sud Radio,2026-09-25,2026-09-29,2026-09-30,1527,online,registered,1,S8,retailleau,9.0,https://www.commission-des-sondages.fr/notices/files/notices/2026/septembre/10284-pres-barometre-election-presidentielle-v6-ifop-le-figaro-30-septembre.pdf,https://www.commission-des-sondages.fr/notices/files/notices/2026/septembre/10284-pres-barometre-election-presidentielle-v6-ifop-le-figaro-30-septembre.pdf,https://fr.wikipedia.org/wiki/Liste_de_sondages_sur_l%27%C3%A9lection_pr%C3%A9sidentielle_fran%C3%A7aise_de_2027,primary,2026-10-09T14:35Z,sha256:cf3758803cabeea281b7ad81713f92c70be7f95384a27d18feeddb58d341334c
ifop-2026-09-29-10284,ifop,LCI / Le Figaro / Sud Radio,2026-09-25,2026-09-29,2026-09-30,1527,online,registered,1,S8,roussel,3.5,https://www.commission-des-sondages.fr/notices/files/notices/2026/septembre/10284-pres-barometre-election-presidentielle-v6-ifop-le-figaro-30-septembre.pdf,https://www.commission-des-sondages.fr/notices/files/notices/2026/septembre/10284-pres-barometre-election-presidentielle-v6-ifop-le-figaro-30-septembre.pdf,https://fr.wikipedia.org/wiki/Liste_de_sondages_sur_l%27%C3%A9lection_pr%C3%A9sidentielle_fran%C3%A7aise_de_2027,primary,2026-10-09T14:35Z,sha256:cf3758803cabeea281b7ad81713f92c70be7f95384a27d18feeddb58d341334c
ifop-2026-09-29-10284,ifop,LCI / Le Figaro / Sud Radio,2026-09-25,2026-09-29,2026-09-30,1527,online,registered,1,S8,tondelier,6.0,https://www.commission-des-sondages.fr/notices/files/notices/2026/septembre/10284-pres-barometre-election-presidentielle-v6-ifop-le-figaro-30-septembre.pdf,https://www.commission-des-sondages.fr/notices/files/notices/2026/septembre/10284-pres-barometre-election-presidentielle-v6-ifop-le-figaro-30-septembre.pdf,https://fr.wikipedia.org/wiki/Liste_de_sondages_sur_l%27%C3%A9lection_pr%C3%A9sidentielle_fran%C3%A7aise_de_2027,primary,2026-10-09T14:35Z,sha256:cf3758803cabeea281b7ad81713f92c70be7f95384a27d18feeddb58d341334c
ifop-2026-09-29-10284,ifop,LCI / Le Figaro / Sud Radio,2026-09-25,2026-09-29,2026-09-30,1527,online,registered,1,S8,zemmour,3.0,https://www.commission-des-sondages.fr/notices/files/notices/2026/septembre/10284-pres-barometre-election-presidentielle-v6-ifop-le-figaro-30-septembre.pdf,https://www.commission-des-sondages.fr/notices/files/notices/2026/septembre/10284-pres-barometre-election-presidentielle-v6-ifop-le-figaro-30-septembre.pdf,https://fr.wikipedia.org/wiki/Liste_de_sondages_sur_l%27%C3%A9lection_pr%C3%A9sidentielle_fran%C3%A7aise_de_2027,primary,2026-10-09T14:35Z,sha256:cf3758803cabeea281b7ad81713f92c70be7f95384a27d18feeddb58d341334c
ifop-2026-09-29-10284,ifop,LCI / Le Figaro / Sud Radio,2026-09-25,2026-09-29,2026-09-30,1527,online,registered,1,S9,arthaud,0.5,https://www.commission-des-sondages.fr/notices/files/notices/2026/septembre/10284-pres-barometre-election-presidentielle-v6-ifop-le-figaro-30-septembre.pdf,https://www.commission-des-sondages.fr/notices/files/notices/2026/septembre/10284-pres-barometre-election-presidentielle-v6-ifop-le-figaro-30-septembre.pdf,https://fr.wikipedia.org/wiki/Liste_de_sondages_sur_l%27%C3%A9lection_pr%C3%A9sidentielle_fran%C3%A7aise_de_2027,primary,2026-10-09T14:35Z,sha256:cf3758803cabeea281b7ad81713f92c70be7f95384a27d18feeddb58d341334c
ifop-2026-09-29-10284,ifop,LCI / Le Figaro / Sud Radio,2026-09-25,2026-09-29,2026-09-30,1527,online,registered,1,S9,dupont_aignan,1.0,https://www.commission-des-sondages.fr/notices/files/notices/2026/septembre/10284-pres-barometre-election-presidentielle-v6-ifop-le-figaro-30-septembre.pdf,https://www.commission-des-sondages.fr/notices/files/notices/2026/septembre/10284-pres-barometre-election-presidentielle-v6-ifop-le-figaro-30-septembre.pdf,https://fr.wikipedia.org/wiki/Liste_de_sondages_sur_l%27%C3%A9lection_pr%C3%A9sidentielle_fran%C3%A7aise_de_2027,primary,2026-10-09T14:35Z,sha256:cf3758803cabeea281b7ad81713f92c70be7f95384a27d18feeddb58d341334c
ifop-2026-09-29-10284,ifop,LCI / Le Figaro / Sud Radio,2026-09-25,2026-09-29,2026-09-30,1527,online,registered,1,S9,hollande,8.0,https://www.commission-des-sondages.fr/notices/files/notices/2026/septembre/10284-pres-barometre-election-presidentielle-v6-ifop-le-figaro-30-septembre.pdf,https://www.commission-des-sondages.fr/notices/files/notices/2026/septembre/10284-pres-barometre-election-presidentielle-v6-ifop-le-figaro-30-septembre.pdf,https://fr.wikipedia.org/wiki/Liste_de_sondages_sur_l%27%C3%A9lection_pr%C3%A9sidentielle_fran%C3%A7aise_de_2027,primary,2026-10-09T14:35Z,sha256:cf3758803cabeea281b7ad81713f92c70be7f95384a27d18feeddb58d341334c
ifop-2026-09-29-10284,ifop,LCI / Le Figaro / Sud Radio,2026-09-25,2026-09-29,2026-09-30,1527,online,registered,1,S9,le_pen,34.0,https://www.commission-des-sondages.fr/notices/files/notices/2026/septembre/10284-pres-barometre-election-presidentielle-v6-ifop-le-figaro-30-septembre.pdf,https://www.commission-des-sondages.fr/notices/files/notices/2026/septembre/10284-pres-barometre-election-presidentielle-v6-ifop-le-figaro-30-septembre.pdf,https://fr.wikipedia.org/wiki/Liste_de_sondages_sur_l%27%C3%A9lection_pr%C3%A9sidentielle_fran%C3%A7aise_de_2027,primary,2026-10-09T14:35Z,sha256:cf3758803cabeea281b7ad81713f92c70be7f95384a27d18feeddb58d341334c
ifop-2026-09-29-10284,ifop,LCI / Le Figaro / Sud Radio,2026-09-25,2026-09-29,2026-09-30,1527,online,registered,1,S9,melenchon,16.0,https://www.commission-des-sondages.fr/notices/files/notices/2026/septembre/10284-pres-barometre-election-presidentielle-v6-ifop-le-figaro-30-septembre.pdf,https://www.commission-des-sondages.fr/notices/files/notices/2026/septembre/10284-pres-barometre-election-presidentielle-v6-ifop-le-figaro-30-septembre.pdf,https://fr.wikipedia.org/wiki/Liste_de_sondages_sur_l%27%C3%A9lection_pr%C3%A9sidentielle_fran%C3%A7aise_de_2027,primary,2026-10-09T14:35Z,sha256:cf3758803cabeea281b7ad81713f92c70be7f95384a27d18feeddb58d341334c
ifop-2026-09-29-10284,ifop,LCI / Le Figaro / Sud Radio,2026-09-25,2026-09-29,2026-09-30,1527,online,registered,1,S9,philippe,22.0,https://www.commission-des-sondages.fr/notices/files/notices/2026/septembre/10284-pres-barometre-election-presidentielle-v6-ifop-le-figaro-30-septembre.pdf,https://www.commission-des-sondages.fr/notices/files/notices/2026/septembre/10284-pres-barometre-election-presidentielle-v6-ifop-le-figaro-30-septembre.pdf,https://fr.wikipedia.org/wiki/Liste_de_sondages_sur_l%27%C3%A9lection_pr%C3%A9sidentielle_fran%C3%A7aise_de_2027,primary,2026-10-09T14:35Z,sha256:cf3758803cabeea281b7ad81713f92c70be7f95384a27d18feeddb58d341334c
ifop-2026-09-29-10284,ifop,LCI / Le Figaro / Sud Radio,2026-09-25,2026-09-29,2026-09-30,1527,online,registered,1,S9,retailleau,7.0,https://www.commission-des-sondages.fr/notices/files/notices/2026/septembre/10284-pres-barometre-election-presidentielle-v6-ifop-le-figaro-30-septembre.pdf,https://www.commission-des-sondages.fr/notices/files/notices/2026/septembre/10284-pres-barometre-election-presidentielle-v6-ifop-le-figaro-30-septembre.pdf,https://fr.wikipedia.org/wiki/Liste_de_sondages_sur_l%27%C3%A9lection_pr%C3%A9sidentielle_fran%C3%A7aise_de_2027,primary,2026-10-09T14:35Z,sha256:cf3758803cabeea281b7ad81713f92c70be7f95384a27d18feeddb58d341334c
ifop-2026-09-29-10284,ifop,LCI / Le Figaro / Sud Radio,2026-09-25,2026-09-29,2026-09-30,1527,online,registered,1,S9,roussel,2.5,https://www.commission-des-sondages.fr/notices/files/notices/2026/septembre/10284-pres-barometre-election-presidentielle-v6-ifop-le-figaro-30-septembre.pdf,https://www.commission-des-sondages.fr/notices/files/notices/2026/septembre/10284-pres-barometre-election-presidentielle-v6-ifop-le-figaro-30-septembre.pdf,https://fr.wikipedia.org/wiki/Liste_de_sondages_sur_l%27%C3%A9lection_pr%C3%A9sidentielle_fran%C3%A7aise_de_2027,primary,2026-10-09T14:35Z,sha256:cf3758803cabeea281b7ad81713f92c70be7f95384a27d18feeddb58d341334c
ifop-2026-09-29-10284,ifop,LCI / Le Figaro / Sud Radio,2026-09-25,2026-09-29,2026-09-30,1527,online,registered,1,S9,tondelier,5.0,https://www.commission-des-sondages.fr/notices/files/notices/2026/septembre/10284-pres-barometre-election-presidentielle-v6-ifop-le-figaro-30-septembre.pdf,https://www.commission-des-sondages.fr/notices/files/notices/2026/septembre/10284-pres-barometre-election-presidentielle-v6-ifop-le-figaro-30-septembre.pdf,https://fr.wikipedia.org/wiki/Liste_de_sondages_sur_l%27%C3%A9lection_pr%C3%A9sidentielle_fran%C3%A7aise_de_2027,primary,2026-10-09T14:35Z,sha256:cf3758803cabeea281b7ad81713f92c70be7f95384a27d18feeddb58d341334c
ifop-2026-09-29-10284,ifop,LCI / Le Figaro / Sud Radio,2026-09-25,2026-09-29,2026-09-30,1527,online,registered,1,S9,zemmour,4.0,https://www.commission-des-sondages.fr/notices/files/notices/2026/septembre/10284-pres-barometre-election-presidentielle-v6-ifop-le-figaro-30-septembre.pdf,https://www.commission-des-sondages.fr/notices/files/notices/2026/septembre/10284-pres-barometre-election-presidentielle-v6-ifop-le-figaro-30-septembre.pdf,https://fr.wikipedia.org/wiki/Liste_de_sondages_sur_l%27%C3%A9lection_pr%C3%A9sidentielle_fran%C3%A7aise_de_2027,primary,2026-10-09T14:35Z,sha256:cf3758803cabeea281b7ad81713f92c70be7f95384a27d18feeddb58d341334c
ifop-2026-09-11-10292,ifop,Parti du vote blanc,2026-09-09,2026-09-11,2026-10-06,1548,online,registered,1,S1,arthaud,0.5,https://www.commission-des-sondages.fr/notices/files/notices/2026/octobre/10292-pres-vote-blanc-ifop-6-octobre.pdf,https://www.commission-des-sondages.fr/notices/files/notices/2026/octobre/10292-pres-vote-blanc-ifop-6-octobre.pdf,https://fr.wikipedia.org/wiki/Liste_de_sondages_sur_l%27%C3%A9lection_pr%C3%A9sidentielle_fran%C3%A7aise_de_2027,primary,2026-10-09T14:35Z,sha256:49ea3bab4c7cd1cddfeece285e01471c91c7ba8631da096167f008ae998942ce
ifop-2026-09-11-10292,ifop,Parti du vote blanc,2026-09-09,2026-09-11,2026-10-06,1548,online,registered,1,S1,attal,7.0,https://www.commission-des-sondages.fr/notices/files/notices/2026/octobre/10292-pres-vote-blanc-ifop-6-octobre.pdf,https://www.commission-des-sondages.fr/notices/files/notices/2026/octobre/10292-pres-vote-blanc-ifop-6-octobre.pdf,https://fr.wikipedia.org/wiki/Liste_de_sondages_sur_l%27%C3%A9lection_pr%C3%A9sidentielle_fran%C3%A7aise_de_2027,primary,2026-10-09T14:35Z,sha256:49ea3bab4c7cd1cddfeece285e01471c91c7ba8631da096167f008ae998942ce
ifop-2026-09-11-10292,ifop,Parti du vote blanc,2026-09-09,2026-09-11,2026-10-06,1548,online,registered,1,S1,dupont_aignan,2.0,https://www.commission-des-sondages.fr/notices/files/notices/2026/octobre/10292-pres-vote-blanc-ifop-6-octobre.pdf,https://www.commission-des-sondages.fr/notices/files/notices/2026/octobre/10292-pres-vote-blanc-ifop-6-octobre.pdf,https://fr.wikipedia.org/wiki/Liste_de_sondages_sur_l%27%C3%A9lection_pr%C3%A9sidentielle_fran%C3%A7aise_de_2027,primary,2026-10-09T14:35Z,sha256:49ea3bab4c7cd1cddfeece285e01471c91c7ba8631da096167f008ae998942ce
ifop-2026-09-11-10292,ifop,Parti du vote blanc,2026-09-09,2026-09-11,2026-10-06,1548,online,registered,1,S1,glucksmann,9.0,https://www.commission-des-sondages.fr/notices/files/notices/2026/octobre/10292-pres-vote-blanc-ifop-6-octobre.pdf,https://www.commission-des-sondages.fr/notices/files/notices/2026/octobre/10292-pres-vote-blanc-ifop-6-octobre.pdf,https://fr.wikipedia.org/wiki/Liste_de_sondages_sur_l%27%C3%A9lection_pr%C3%A9sidentielle_fran%C3%A7aise_de_2027,primary,2026-10-09T14:35Z,sha256:49ea3bab4c7cd1cddfeece285e01471c91c7ba8631da096167f008ae998942ce
ifop-2026-09-11-10292,ifop,Parti du vote blanc,2026-09-09,2026-09-11,2026-10-06,1548,online,registered,1,S1,le_pen,35.0,https://www.commission-des-sondages.fr/notices/files/notices/2026/octobre/10292-pres-vote-blanc-ifop-6-octobre.pdf,https://www.commission-des-sondages.fr/notices/files/notices/2026/octobre/10292-pres-vote-blanc-ifop-6-octobre.pdf,https://fr.wikipedia.org/wiki/Liste_de_sondages_sur_l%27%C3%A9lection_pr%C3%A9sidentielle_fran%C3%A7aise_de_2027,primary,2026-10-09T14:35Z,sha256:49ea3bab4c7cd1cddfeece285e01471c91c7ba8631da096167f008ae998942ce
ifop-2026-09-11-10292,ifop,Parti du vote blanc,2026-09-09,2026-09-11,2026-10-06,1548,online,registered,1,S1,melenchon,17.0,https://www.commission-des-sondages.fr/notices/files/notices/2026/octobre/10292-pres-vote-blanc-ifop-6-octobre.pdf,https://www.commission-des-sondages.fr/notices/files/notices/2026/octobre/10292-pres-vote-blanc-ifop-6-octobre.pdf,https://fr.wikipedia.org/wiki/Liste_de_sondages_sur_l%27%C3%A9lection_pr%C3%A9sidentielle_fran%C3%A7aise_de_2027,primary,2026-10-09T14:35Z,sha256:49ea3bab4c7cd1cddfeece285e01471c91c7ba8631da096167f008ae998942ce
ifop-2026-09-11-10292,ifop,Parti du vote blanc,2026-09-09,2026-09-11,2026-10-06,1548,online,registered,1,S1,philippe,14.0,https://www.commission-des-sondages.fr/notices/files/notices/2026/octobre/10292-pres-vote-blanc-ifop-6-octobre.pdf,https://www.commission-des-sondages.fr/notices/files/notices/2026/octobre/10292-pres-vote-blanc-ifop-6-octobre.pdf,https://fr.wikipedia.org/wiki/Liste_de_sondages_sur_l%27%C3%A9lection_pr%C3%A9sidentielle_fran%C3%A7aise_de_2027,primary,2026-10-09T14:35Z,sha256:49ea3bab4c7cd1cddfeece285e01471c91c7ba8631da096167f008ae998942ce
ifop-2026-09-11-10292,ifop,Parti du vote blanc,2026-09-09,2026-09-11,2026-10-06,1548,online,registered,1,S1,retailleau,6.5,https://www.commission-des-sondages.fr/notices/files/notices/2026/octobre/10292-pres-vote-blanc-ifop-6-octobre.pdf,https://www.commission-des-sondages.fr/notices/files/notices/2026/octobre/10292-pres-vote-blanc-ifop-6-octobre.pdf,https://fr.wikipedia.org/wiki/Liste_de_sondages_sur_l%27%C3%A9lection_pr%C3%A9sidentielle_fran%C3%A7aise_de_2027,primary,2026-10-09T14:35Z,sha256:49ea3bab4c7cd1cddfeece285e01471c91c7ba8631da096167f008ae998942ce
ifop-2026-09-11-10292,ifop,Parti du vote blanc,2026-09-09,2026-09-11,2026-10-06,1548,online,registered,1,S1,roussel,2.0,https://www.commission-des-sondages.fr/notices/files/notices/2026/octobre/10292-pres-vote-blanc-ifop-6-octobre.pdf,https://www.commission-des-sondages.fr/notices/files/notices/2026/octobre/10292-pres-vote-blanc-ifop-6-octobre.pdf,https://fr.wikipedia.org/wiki/Liste_de_sondages_sur_l%27%C3%A9lection_pr%C3%A9sidentielle_fran%C3%A7aise_de_2027,primary,2026-10-09T14:35Z,sha256:49ea3bab4c7cd1cddfeece285e01471c91c7ba8631da096167f008ae998942ce
ifop-2026-09-11-10292,ifop,Parti du vote blanc,2026-09-09,2026-09-11,2026-10-06,1548,online,registered,1,S1,tondelier,3.0,https://www.commission-des-sondages.fr/notices/files/notices/2026/octobre/10292-pres-vote-blanc-ifop-6-octobre.pdf,https://www.commission-des-sondages.fr/notices/files/notices/2026/octobre/10292-pres-vote-blanc-ifop-6-octobre.pdf,https://fr.wikipedia.org/wiki/Liste_de_sondages_sur_l%27%C3%A9lection_pr%C3%A9sidentielle_fran%C3%A7aise_de_2027,primary,2026-10-09T14:35Z,sha256:49ea3bab4c7cd1cddfeece285e01471c91c7ba8631da096167f008ae998942ce
ifop-2026-09-11-10292,ifop,Parti du vote blanc,2026-09-09,2026-09-11,2026-10-06,1548,online,registered,1,S1,zemmour,4.0,https://www.commission-des-sondages.fr/notices/files/notices/2026/octobre/10292-pres-vote-blanc-ifop-6-octobre.pdf,https://www.commission-des-sondages.fr/notices/files/notices/2026/octobre/10292-pres-vote-blanc-ifop-6-octobre.pdf,https://fr.wikipedia.org/wiki/Liste_de_sondages_sur_l%27%C3%A9lection_pr%C3%A9sidentielle_fran%C3%A7aise_de_2027,primary,2026-10-09T14:35Z,sha256:49ea3bab4c7cd1cddfeece285e01471c91c7ba8631da096167f008ae998942ce
